"","gameid","date","type","teamid","team","home","away","MIN","PTS","FGM","FGA","FG.","X3PM","X3PA","X3P.","FTM","FTA","FT.","OREB","DREB","REB","AST","TOV","STL","BLK","PF","X...","win","season","winner","home.away"
"1",22500001,"2025-10-21","regular",1610612760,"OKC","OKC","HOU",58,125,46,104,44.2,13,52,25,20,25,80,11,27,38,29,12,12,4,27,1,1,2026,"YES","home"
"2",22500001,"2025-10-21","regular",1610612745,"HOU","OKC","HOU",58,124,43,97,44.3,11,39,28.2,27,31,87.1,16,36,52,23,25,6,5,26,-1,0,2026,"NO","away"
"3",22500002,"2025-10-21","regular",1610612744,"GSW","LAL","GSW",48,119,38,78,48.7,17,40,42.5,26,29,89.7,9,31,40,29,19,10,4,27,10,1,2026,"YES","away"
"4",22500002,"2025-10-21","regular",1610612747,"LAL","LAL","GSW",48,109,42,77,54.5,8,32,25,17,28,60.7,7,32,39,23,20,7,2,21,-10,0,2026,"NO","home"
"5",22500003,"2025-10-22","regular",1610612752,"NYK","NYK","CLE",48,119,37,86,43,14,40,35,31,36,86.1,9,39,48,22,14,8,4,23,8,1,2026,"YES","home"
"6",22500003,"2025-10-22","regular",1610612739,"CLE","NYK","CLE",48,111,40,86,46.5,19,46,41.3,12,18,66.7,4,28,32,21,15,8,4,25,-8,0,2026,"NO","away"
"7",22500004,"2025-10-22","regular",1610612759,"SAS","DAL","SAS",48,125,50,87,57.5,8,20,40,17,28,60.7,11,39,50,24,15,10,5,24,33,1,2026,"YES","away"
"8",22500004,"2025-10-22","regular",1610612742,"DAL","DAL","SAS",48,92,31,83,37.3,9,21,42.9,21,26,80.8,9,28,37,20,16,5,3,24,-33,0,2026,"NO","home"
"9",22500080,"2025-10-22","regular",1610612766,"CHA","CHA","BKN",48,136,48,90,53.3,17,36,47.2,23,33,69.7,14,36,50,33,17,5,5,25,19,1,2026,"YES","home"
"10",22500080,"2025-10-22","regular",1610612751,"BKN","CHA","BKN",48,117,39,88,44.3,14,40,35,25,34,73.5,12,26,38,25,17,8,3,28,-19,0,2026,"NO","away"
"11",22500081,"2025-10-22","regular",1610612753,"ORL","ORL","MIA",48,125,42,90,46.7,12,30,40,29,35,82.9,9,37,46,23,15,8,7,20,4,1,2026,"YES","home"
"12",22500081,"2025-10-22","regular",1610612748,"MIA","ORL","MIA",48,121,44,91,48.4,12,35,34.3,21,27,77.8,10,37,47,26,19,9,4,28,-4,0,2026,"NO","away"
"13",22500082,"2025-10-22","regular",1610612761,"TOR","ATL","TOR",48,138,54,95,56.8,6,25,24,24,29,82.8,12,42,54,36,19,10,4,31,20,1,2026,"YES","away"
"14",22500082,"2025-10-22","regular",1610612737,"ATL","ATL","TOR",48,118,38,90,42.2,10,35,28.6,32,37,86.5,8,26,34,25,16,7,6,24,-20,0,2026,"NO","home"
"15",22500083,"2025-10-22","regular",1610612755,"PHI","BOS","PHI",48,117,39,85,45.9,16,41,39,23,30,76.7,10,30,40,23,14,3,4,23,1,1,2026,"YES","away"
"16",22500083,"2025-10-22","regular",1610612738,"BOS","BOS","PHI",48,116,41,91,45.1,11,43,25.6,23,26,88.5,10,32,42,16,11,7,4,28,-1,0,2026,"NO","home"
"17",22500084,"2025-10-22","regular",1610612741,"CHI","CHI","DET",48,115,39,87,44.8,11,30,36.7,26,32,81.3,12,38,50,29,18,6,8,23,4,1,2026,"YES","home"
"18",22500084,"2025-10-22","regular",1610612765,"DET","CHI","DET",48,111,43,97,44.3,7,24,29.2,18,26,69.2,13,33,46,29,10,8,10,29,-4,0,2026,"NO","away"
"19",22500085,"2025-10-22","regular",1610612763,"MEM","MEM","NOP",48,128,41,80,51.3,11,37,29.7,35,43,81.4,6,33,39,20,17,5,12,29,6,1,2026,"YES","home"
"20",22500085,"2025-10-22","regular",1610612740,"NOP","MEM","NOP",48,122,45,98,45.9,10,27,37,22,31,71,17,30,47,20,15,10,4,30,-6,0,2026,"NO","away"
"21",22500086,"2025-10-22","regular",1610612749,"MIL","MIL","WAS",48,133,50,98,51,18,44,40.9,15,19,78.9,6,40,46,31,8,8,6,22,13,1,2026,"YES","home"
"22",22500086,"2025-10-22","regular",1610612764,"WAS","MIL","WAS",48,120,46,98,46.9,17,42,40.5,11,19,57.9,13,43,56,23,13,5,4,19,-13,0,2026,"NO","away"
"23",22500087,"2025-10-22","regular",1610612762,"UTA","UTA","LAC",48,129,48,87,55.2,17,44,38.6,16,20,80,13,33,46,38,13,11,6,21,21,1,2026,"YES","home"
"24",22500087,"2025-10-22","regular",1610612746,"LAC","UTA","LAC",48,108,39,88,44.3,14,45,31.1,16,21,76.2,15,23,38,28,15,8,6,21,-21,0,2026,"NO","away"
"25",22500088,"2025-10-22","regular",1610612756,"PHX","PHX","SAC",48,120,45,95,47.4,10,34,29.4,20,28,71.4,18,33,51,23,16,7,7,25,4,1,2026,"YES","home"
"26",22500088,"2025-10-22","regular",1610612758,"SAC","PHX","SAC",48,116,47,94,50,9,24,37.5,13,23,56.5,9,28,37,24,13,10,10,22,-4,0,2026,"NO","away"
"27",22500089,"2025-10-22","regular",1610612750,"MIN","POR","MIN",48,118,42,86,48.8,15,30,50,19,24,79.2,10,35,45,21,19,10,10,29,4,1,2026,"YES","away"
"28",22500089,"2025-10-22","regular",1610612757,"POR","POR","MIN",48,114,36,90,40,13,42,31,29,35,82.9,7,32,39,25,16,10,3,17,-4,0,2026,"NO","home"
"29",22500005,"2025-10-23","regular",1610612760,"OKC","IND","OKC",58,141,43,95,45.3,10,35,28.6,45,51,88.2,9,51,60,17,14,6,2,33,6,1,2026,"YES","away"
"30",22500005,"2025-10-23","regular",1610612754,"IND","IND","OKC",58,135,46,105,43.8,13,43,30.2,30,40,75,11,44,55,21,14,6,4,37,-6,0,2026,"NO","home"
"31",22500006,"2025-10-23","regular",1610612744,"GSW","GSW","DEN",53,137,50,99,50.5,18,47,38.3,19,25,76,10,33,43,33,9,11,3,16,6,1,2026,"YES","home"
"32",22500006,"2025-10-23","regular",1610612743,"DEN","GSW","DEN",53,131,51,95,53.7,16,40,40,13,14,92.9,7,36,43,32,13,8,4,22,-6,0,2026,"NO","away"
"33",22500018,"2025-10-24","regular",1610612752,"NYK","NYK","BOS",48,105,33,86,38.4,17,45,37.8,22,25,88,21,32,53,23,20,7,4,17,10,1,2026,"YES","home"
"34",22500018,"2025-10-24","regular",1610612738,"BOS","NYK","BOS",48,95,35,82,42.7,15,44,34.1,10,15,66.7,8,29,37,19,16,10,7,25,-10,0,2026,"NO","away"
"35",22500019,"2025-10-24","regular",1610612747,"LAL","LAL","MIN",48,128,45,76,59.2,12,29,41.4,26,32,81.3,7,31,38,26,12,6,3,20,18,1,2026,"YES","home"
"36",22500019,"2025-10-24","regular",1610612750,"MIN","LAL","MIN",48,110,41,88,46.6,13,38,34.2,15,21,71.4,15,25,40,24,12,4,3,27,-18,0,2026,"NO","away"
"37",22500090,"2025-10-24","regular",1610612737,"ATL","ORL","ATL",48,111,41,85,48.2,8,29,27.6,21,28,75,9,31,40,26,16,9,5,21,4,1,2026,"YES","away"
"38",22500090,"2025-10-24","regular",1610612753,"ORL","ORL","ATL",48,107,37,78,47.4,9,31,29,24,37,64.9,12,33,45,21,22,7,3,26,-4,0,2026,"NO","home"
"39",22500091,"2025-10-24","regular",1610612739,"CLE","BKN","CLE",48,131,44,82,53.7,18,42,42.9,25,35,71.4,9,27,36,32,17,14,5,18,7,1,2026,"YES","away"
"40",22500091,"2025-10-24","regular",1610612751,"BKN","BKN","CLE",48,124,49,96,51,19,45,42.2,7,7,100,10,28,38,30,20,9,0,28,-7,0,2026,"NO","home"
"41",22500092,"2025-10-24","regular",1610612749,"MIL","TOR","MIL",48,122,47,90,52.2,14,40,35,14,25,56,14,37,51,25,19,9,5,24,6,1,2026,"YES","away"
"42",22500092,"2025-10-24","regular",1610612761,"TOR","TOR","MIL",48,116,42,85,49.4,11,27,40.7,21,32,65.6,10,31,41,25,16,10,4,21,-6,0,2026,"NO","home"
"43",22500093,"2025-10-24","regular",1610612765,"DET","HOU","DET",48,115,42,90,46.7,16,39,41,15,23,65.2,15,33,48,26,18,6,11,31,4,1,2026,"YES","away"
"44",22500093,"2025-10-24","regular",1610612745,"HOU","HOU","DET",48,111,32,83,38.6,10,22,45.5,37,48,77.1,17,28,45,15,14,14,2,24,-4,0,2026,"NO","home"
"45",22500094,"2025-10-24","regular",1610612748,"MIA","MEM","MIA",48,146,55,102,53.9,19,40,47.5,17,22,77.3,17,40,57,34,20,15,4,25,32,1,2026,"YES","away"
"46",22500094,"2025-10-24","regular",1610612763,"MEM","MEM","MIA",48,114,38,95,40,13,45,28.9,25,28,89.3,12,29,41,29,20,8,4,19,-32,0,2026,"NO","home"
"47",22500095,"2025-10-24","regular",1610612759,"SAS","NOP","SAS",53,120,45,98,45.9,13,43,30.2,17,26,65.4,20,39,59,25,19,6,13,27,4,1,2026,"YES","away"
"48",22500095,"2025-10-24","regular",1610612740,"NOP","NOP","SAS",53,116,42,97,43.3,10,32,31.3,22,29,75.9,16,29,45,24,15,10,3,21,-4,0,2026,"NO","home"
"49",22500096,"2025-10-24","regular",1610612764,"WAS","DAL","WAS",48,117,41,90,45.6,15,36,41.7,20,29,69,10,38,48,27,17,11,8,24,10,1,2026,"YES","away"
"50",22500096,"2025-10-24","regular",1610612742,"DAL","DAL","WAS",48,107,38,88,43.2,10,34,29.4,21,27,77.8,9,39,48,23,21,11,5,19,-10,0,2026,"NO","home"
"51",22500097,"2025-10-24","regular",1610612757,"POR","POR","GSW",48,139,50,93,53.8,16,34,47.1,23,25,92,10,28,38,30,19,13,5,28,20,1,2026,"YES","home"
"52",22500097,"2025-10-24","regular",1610612744,"GSW","POR","GSW",48,119,35,80,43.8,16,38,42.1,33,39,84.6,12,29,41,24,25,12,3,22,-20,0,2026,"NO","away"
"53",22500098,"2025-10-24","regular",1610612758,"SAC","SAC","UTA",48,105,40,83,48.2,14,32,43.8,11,15,73.3,5,28,33,23,13,10,4,18,1,1,2026,"YES","home"
"54",22500098,"2025-10-24","regular",1610612762,"UTA","SAC","UTA",48,104,38,86,44.2,13,41,31.7,15,17,88.2,11,39,50,25,20,6,1,16,-1,0,2026,"NO","away"
"55",22500099,"2025-10-24","regular",1610612746,"LAC","LAC","PHX",48,129,45,76,59.2,16,29,55.2,23,26,88.5,10,35,45,32,19,12,5,19,27,1,2026,"YES","home"
"56",22500099,"2025-10-24","regular",1610612756,"PHX","LAC","PHX",48,102,37,90,41.1,16,47,34,12,15,80,15,22,37,23,18,12,4,25,-27,0,2026,"NO","away"
"57",22500100,"2025-10-25","regular",1610612741,"CHI","ORL","CHI",48,110,39,83,47,10,27,37,22,29,75.9,9,37,46,26,20,13,2,26,12,1,2026,"YES","away"
"58",22500100,"2025-10-25","regular",1610612753,"ORL","ORL","CHI",48,98,34,87,39.1,3,24,12.5,27,33,81.8,15,38,53,12,20,8,5,25,-12,0,2026,"NO","home"
"59",22500101,"2025-10-25","regular",1610612760,"OKC","ATL","OKC",48,117,43,93,46.2,14,37,37.8,17,19,89.5,15,35,50,21,13,13,3,19,17,1,2026,"YES","away"
"60",22500101,"2025-10-25","regular",1610612737,"ATL","ATL","OKC",48,100,35,85,41.2,16,39,41,14,21,66.7,15,31,46,25,17,7,5,23,-17,0,2026,"NO","home"
"61",22500102,"2025-10-25","regular",1610612755,"PHI","PHI","CHA",48,125,41,87,47.1,18,39,46.2,25,32,78.1,11,29,40,29,15,10,5,25,4,1,2026,"YES","home"
"62",22500102,"2025-10-25","regular",1610612766,"CHA","PHI","CHA",48,121,43,89,48.3,16,42,38.1,19,28,67.9,13,32,45,30,17,6,3,26,-4,0,2026,"NO","away"
"63",22500103,"2025-10-25","regular",1610612763,"MEM","MEM","IND",48,128,44,97,45.4,15,39,38.5,25,32,78.1,10,39,49,31,6,6,4,22,25,1,2026,"YES","home"
"64",22500103,"2025-10-25","regular",1610612754,"IND","MEM","IND",48,103,36,89,40.4,14,40,35,17,23,73.9,11,33,44,25,13,2,5,21,-25,0,2026,"NO","away"
"65",22500104,"2025-10-25","regular",1610612743,"DEN","DEN","PHX",48,133,43,84,51.2,9,31,29,38,42,90.5,11,32,43,31,16,14,1,23,22,1,2026,"YES","home"
"66",22500104,"2025-10-25","regular",1610612756,"PHX","DEN","PHX",48,111,38,88,43.2,17,50,34,18,22,81.8,12,26,38,24,20,7,4,29,-22,0,2026,"NO","away"
"67",22500105,"2025-10-26","regular",1610612759,"SAS","SAS","BKN",48,118,39,78,50,12,27,44.4,28,36,77.8,11,34,45,20,15,7,6,23,11,1,2026,"YES","home"
"68",22500105,"2025-10-26","regular",1610612751,"BKN","SAS","BKN",48,107,34,87,39.1,16,50,32,23,24,95.8,11,23,34,22,12,9,0,30,-11,0,2026,"NO","away"
"69",22500106,"2025-10-26","regular",1610612765,"DET","DET","BOS",48,119,39,93,41.9,9,34,26.5,32,36,88.9,19,36,55,22,16,7,5,24,6,1,2026,"YES","home"
"70",22500106,"2025-10-26","regular",1610612738,"BOS","DET","BOS",48,113,40,94,42.6,15,45,33.3,18,24,75,12,26,38,17,12,11,8,26,-6,0,2026,"NO","away"
"71",22500107,"2025-10-26","regular",1610612739,"CLE","CLE","MIL",48,118,39,87,44.8,12,40,30,28,35,80,10,34,44,23,17,10,2,23,5,1,2026,"YES","home"
"72",22500107,"2025-10-26","regular",1610612749,"MIL","CLE","MIL",48,113,40,79,50.6,13,33,39.4,20,28,71.4,9,28,37,25,18,12,6,26,-5,0,2026,"NO","away"
"73",22500108,"2025-10-26","regular",1610612748,"MIA","MIA","NYK",48,115,38,83,45.8,13,37,35.1,26,31,83.9,9,41,50,25,16,7,1,16,8,1,2026,"YES","home"
"74",22500108,"2025-10-26","regular",1610612752,"NYK","MIA","NYK",48,107,38,98,38.8,15,54,27.8,16,21,76.2,16,36,52,23,16,9,3,24,-8,0,2026,"NO","away"
"75",22500109,"2025-10-26","regular",1610612766,"CHA","WAS","CHA",48,139,47,92,51.1,15,38,39.5,30,36,83.3,11,41,52,30,12,12,4,16,26,1,2026,"YES","away"
"76",22500109,"2025-10-26","regular",1610612764,"WAS","WAS","CHA",48,113,41,91,45.1,10,34,29.4,21,25,84,7,33,40,25,15,5,4,27,-26,0,2026,"NO","home"
"77",22500110,"2025-10-26","regular",1610612750,"MIN","MIN","IND",48,114,39,84,46.4,10,33,30.3,26,37,70.3,13,35,48,19,14,9,4,24,4,1,2026,"YES","home"
"78",22500110,"2025-10-26","regular",1610612754,"IND","MIN","IND",48,110,39,91,42.9,14,40,35,18,27,66.7,16,33,49,24,17,7,5,27,-4,0,2026,"NO","away"
"79",22500111,"2025-10-26","regular",1610612742,"DAL","DAL","TOR",48,139,50,85,58.8,10,26,38.5,29,39,74.4,12,37,49,32,20,12,7,26,10,1,2026,"YES","home"
"80",22500111,"2025-10-26","regular",1610612761,"TOR","DAL","TOR",48,129,49,100,49,13,33,39.4,18,24,75,14,29,43,33,16,10,1,28,-10,0,2026,"NO","away"
"81",22500112,"2025-10-26","regular",1610612746,"LAC","LAC","POR",48,114,44,80,55,12,31,38.7,14,15,93.3,7,39,46,26,24,11,8,27,7,1,2026,"YES","home"
"82",22500112,"2025-10-26","regular",1610612757,"POR","LAC","POR",48,107,34,92,37,11,41,26.8,28,34,82.4,18,24,42,24,16,12,2,21,-7,0,2026,"NO","away"
"83",22500113,"2025-10-26","regular",1610612747,"LAL","SAC","LAL",48,127,39,80,48.8,8,25,32,41,46,89.1,10,37,47,26,17,9,3,17,7,1,2026,"YES","away"
"84",22500113,"2025-10-26","regular",1610612758,"SAC","SAC","LAL",48,120,45,101,44.6,18,43,41.9,12,18,66.7,13,27,40,27,16,13,4,26,-7,0,2026,"NO","home"
"85",22500007,"2025-10-27","regular",1610612739,"CLE","DET","CLE",48,116,39,85,45.9,11,35,31.4,27,35,77.1,12,36,48,25,20,11,4,25,21,1,2026,"YES","away"
"86",22500007,"2025-10-27","regular",1610612765,"DET","DET","CLE",48,95,33,87,37.9,11,34,32.4,18,27,66.7,16,32,48,20,26,12,4,29,-21,0,2026,"NO","home"
"87",22500008,"2025-10-27","regular",1610612743,"DEN","MIN","DEN",48,127,46,88,52.3,13,26,50,22,25,88,10,36,46,24,14,5,4,24,13,1,2026,"YES","away"
"88",22500008,"2025-10-27","regular",1610612750,"MIN","MIN","DEN",48,114,40,85,47.1,10,32,31.3,24,29,82.8,7,26,33,19,15,8,9,22,-13,0,2026,"NO","home"
"89",22500114,"2025-10-27","regular",1610612755,"PHI","PHI","ORL",48,136,48,97,49.5,14,33,42.4,26,32,81.3,14,25,39,25,7,5,9,27,12,1,2026,"YES","home"
"90",22500114,"2025-10-27","regular",1610612753,"ORL","PHI","ORL",48,124,45,82,54.9,8,25,32,26,38,68.4,13,30,43,27,13,4,7,22,-12,0,2026,"NO","away"
"91",22500115,"2025-10-27","regular",1610612741,"CHI","CHI","ATL",48,128,48,92,52.2,16,43,37.2,16,21,76.2,12,39,51,33,18,5,4,20,5,1,2026,"YES","home"
"92",22500115,"2025-10-27","regular",1610612737,"ATL","CHI","ATL",48,123,49,98,50,11,32,34.4,14,20,70,8,28,36,32,6,8,1,17,-5,0,2026,"NO","away"
"93",22500116,"2025-10-27","regular",1610612745,"HOU","HOU","BKN",48,137,49,85,57.6,16,32,50,23,26,88.5,9,30,39,33,10,10,4,22,28,1,2026,"YES","home"
"94",22500116,"2025-10-27","regular",1610612751,"BKN","HOU","BKN",48,109,41,86,47.7,15,40,37.5,12,18,66.7,15,22,37,22,14,3,0,24,-28,0,2026,"NO","away"
"95",22500117,"2025-10-27","regular",1610612738,"BOS","NOP","BOS",48,122,46,95,48.4,18,53,34,12,15,80,16,38,54,25,12,5,7,24,32,1,2026,"YES","away"
"96",22500117,"2025-10-27","regular",1610612740,"NOP","NOP","BOS",48,90,28,84,33.3,9,36,25,25,28,89.3,11,24,35,17,14,7,0,19,-32,0,2026,"NO","home"
"97",22500118,"2025-10-27","regular",1610612759,"SAS","SAS","TOR",48,121,39,67,58.2,13,27,48.1,30,36,83.3,7,37,44,29,21,11,3,17,18,1,2026,"YES","home"
"98",22500118,"2025-10-27","regular",1610612761,"TOR","SAS","TOR",48,103,37,79,46.8,12,32,37.5,17,23,73.9,1,19,20,29,15,9,4,23,-18,0,2026,"NO","away"
"99",22500119,"2025-10-27","regular",1610612760,"OKC","DAL","OKC",48,101,42,90,46.7,6,30,20,11,13,84.6,9,46,55,21,13,5,5,23,7,1,2026,"YES","away"
"100",22500119,"2025-10-27","regular",1610612742,"DAL","DAL","OKC",48,94,33,87,37.9,12,39,30.8,16,22,72.7,6,30,36,20,9,6,4,15,-7,0,2026,"NO","home"
"101",22500120,"2025-10-27","regular",1610612762,"UTA","UTA","PHX",53,138,44,108,40.7,16,49,32.7,34,36,94.4,28,36,64,27,19,8,4,27,4,1,2026,"YES","home"
"102",22500120,"2025-10-27","regular",1610612756,"PHX","UTA","PHX",53,134,45,106,42.5,20,55,36.4,24,31,77.4,18,30,48,37,14,13,8,29,-4,0,2026,"NO","away"
"103",22500121,"2025-10-27","regular",1610612744,"GSW","GSW","MEM",48,131,44,83,53,19,43,44.2,24,30,80,7,32,39,36,16,7,5,24,13,1,2026,"YES","home"
"104",22500121,"2025-10-27","regular",1610612763,"MEM","GSW","MEM",48,118,40,88,45.5,12,39,30.8,26,28,92.9,7,32,39,32,13,8,3,20,-13,0,2026,"NO","away"
"105",22500122,"2025-10-27","regular",1610612757,"POR","LAL","POR",48,122,47,103,45.6,14,43,32.6,14,15,93.3,19,30,49,24,19,12,9,17,14,1,2026,"YES","away"
"106",22500122,"2025-10-27","regular",1610612747,"LAL","LAL","POR",48,108,40,86,46.5,7,27,25.9,21,26,80.8,12,30,42,23,25,11,5,19,-14,0,2026,"NO","home"
"107",22500123,"2025-10-28","regular",1610612755,"PHI","WAS","PHI",53,139,45,100,45,17,42,40.5,32,37,86.5,18,37,55,26,14,7,11,21,5,1,2026,"YES","away"
"108",22500123,"2025-10-28","regular",1610612764,"WAS","WAS","PHI",53,134,51,107,47.7,17,43,39.5,15,21,71.4,13,37,50,33,16,10,5,30,-5,0,2026,"NO","home"
"109",22500124,"2025-10-28","regular",1610612748,"MIA","MIA","CHA",48,144,52,96,54.2,20,45,44.4,20,22,90.9,8,29,37,34,11,8,2,16,27,1,2026,"YES","home"
"110",22500124,"2025-10-28","regular",1610612766,"CHA","MIA","CHA",48,117,40,90,44.4,18,45,40,19,23,82.6,9,32,41,26,18,9,3,18,-27,0,2026,"NO","away"
"111",22500125,"2025-10-28","regular",1610612749,"MIL","MIL","NYK",48,121,43,79,54.4,14,34,41.2,21,24,87.5,4,34,38,27,13,7,8,21,10,1,2026,"YES","home"
"112",22500125,"2025-10-28","regular",1610612752,"NYK","MIL","NYK",48,111,39,92,42.4,13,40,32.5,20,23,87,17,28,45,24,13,9,2,21,-10,0,2026,"NO","away"
"113",22500126,"2025-10-28","regular",1610612760,"OKC","OKC","SAC",48,107,42,92,45.7,14,44,31.8,9,10,90,10,34,44,26,15,11,10,19,6,1,2026,"YES","home"
"114",22500126,"2025-10-28","regular",1610612758,"SAC","OKC","SAC",48,101,36,85,42.4,10,29,34.5,19,21,90.5,9,37,46,21,17,11,3,16,-6,0,2026,"NO","away"
"115",22500127,"2025-10-28","regular",1610612744,"GSW","GSW","LAC",48,98,39,86,45.3,17,45,37.8,3,4,75,10,32,42,24,13,11,3,15,19,1,2026,"YES","home"
"116",22500127,"2025-10-28","regular",1610612746,"LAC","GSW","LAC",48,79,30,82,36.6,6,33,18.2,13,16,81.3,13,34,47,10,16,7,2,5,-19,0,2026,"NO","away"
"117",22500128,"2025-10-29","regular",1610612738,"BOS","BOS","CLE",48,125,42,95,44.2,21,57,36.8,20,24,83.3,18,35,53,29,10,11,3,19,20,1,2026,"YES","home"
"118",22500128,"2025-10-29","regular",1610612739,"CLE","BOS","CLE",48,105,35,87,40.2,17,52,32.7,18,24,75,11,31,42,25,14,6,4,22,-20,0,2026,"NO","away"
"119",22500129,"2025-10-29","regular",1610612765,"DET","DET","ORL",48,135,46,93,49.5,13,32,40.6,30,34,88.2,14,32,46,29,14,11,8,28,19,1,2026,"YES","home"
"120",22500129,"2025-10-29","regular",1610612753,"ORL","DET","ORL",48,116,38,83,45.8,12,31,38.7,28,40,70,15,28,43,22,17,5,5,27,-19,0,2026,"NO","away"
"121",22500130,"2025-10-29","regular",1610612737,"ATL","BKN","ATL",48,117,44,93,47.3,13,33,39.4,16,22,72.7,13,31,44,33,8,11,8,26,5,1,2026,"YES","away"
"122",22500130,"2025-10-29","regular",1610612751,"BKN","BKN","ATL",48,112,40,88,45.5,11,37,29.7,21,27,77.8,15,32,47,23,16,4,4,17,-5,0,2026,"NO","home"
"123",22500131,"2025-10-29","regular",1610612745,"HOU","TOR","HOU",48,139,50,87,57.5,13,30,43.3,26,34,76.5,17,36,53,31,17,9,8,16,18,1,2026,"YES","away"
"124",22500131,"2025-10-29","regular",1610612761,"TOR","TOR","HOU",48,121,43,85,50.6,21,40,52.5,14,19,73.7,4,18,22,29,10,6,2,26,-18,0,2026,"NO","home"
"125",22500132,"2025-10-29","regular",1610612741,"CHI","CHI","SAC",48,126,49,91,53.8,14,32,43.8,14,18,77.8,12,34,46,34,16,6,2,20,13,1,2026,"YES","home"
"126",22500132,"2025-10-29","regular",1610612758,"SAC","CHI","SAC",48,113,43,82,52.4,7,28,25,20,26,76.9,5,26,31,28,10,10,2,17,-13,0,2026,"NO","away"
"127",22500133,"2025-10-29","regular",1610612742,"DAL","DAL","IND",48,107,36,79,45.6,5,24,20.8,30,37,81.1,7,40,47,21,19,4,7,22,2,1,2026,"YES","home"
"128",22500133,"2025-10-29","regular",1610612754,"IND","DAL","IND",48,105,37,106,34.9,13,45,28.9,18,28,64.3,19,33,52,20,14,8,7,29,-2,0,2026,"NO","away"
"129",22500134,"2025-10-29","regular",1610612743,"DEN","DEN","NOP",48,122,48,90,53.3,14,42,33.3,12,14,85.7,13,43,56,40,14,6,4,23,34,1,2026,"YES","home"
"130",22500134,"2025-10-29","regular",1610612740,"NOP","DEN","NOP",48,88,32,85,37.6,7,34,20.6,17,29,58.6,13,23,36,17,14,9,3,15,-34,0,2026,"NO","away"
"131",22500135,"2025-10-29","regular",1610612757,"POR","UTA","POR",48,136,46,96,47.9,21,55,38.2,23,27,85.2,14,25,39,34,18,14,5,33,2,1,2026,"YES","away"
"132",22500135,"2025-10-29","regular",1610612762,"UTA","UTA","POR",48,134,41,84,48.8,11,35,31.4,41,49,83.7,16,30,46,30,22,10,7,24,-2,0,2026,"NO","home"
"133",22500136,"2025-10-29","regular",1610612747,"LAL","MIN","LAL",48,116,45,83,54.2,11,31,35.5,15,22,68.2,11,29,40,34,19,6,5,22,1,1,2026,"YES","away"
"134",22500136,"2025-10-29","regular",1610612750,"MIN","MIN","LAL",48,115,41,82,50,15,30,50,18,22,81.8,9,25,34,30,18,8,5,23,-1,0,2026,"NO","home"
"135",22500137,"2025-10-29","regular",1610612763,"MEM","PHX","MEM",48,114,44,93,47.3,15,38,39.5,11,13,84.6,9,32,41,31,17,12,3,17,1,1,2026,"YES","away"
"136",22500137,"2025-10-29","regular",1610612756,"PHX","PHX","MEM",48,113,41,86,47.7,16,40,40,15,17,88.2,8,32,40,25,21,11,4,20,-1,0,2026,"NO","home"
"137",22500138,"2025-10-30","regular",1610612753,"ORL","CHA","ORL",48,123,45,87,51.7,16,38,42.1,17,23,73.9,14,24,38,29,13,10,7,19,16,1,2026,"YES","away"
"138",22500138,"2025-10-30","regular",1610612766,"CHA","CHA","ORL",48,107,42,83,50.6,11,30,36.7,12,15,80,12,29,41,24,21,5,6,22,-16,0,2026,"NO","home"
"139",22500139,"2025-10-30","regular",1610612749,"MIL","MIL","GSW",48,120,46,96,47.9,19,46,41.3,9,13,69.2,7,27,34,25,16,7,2,22,10,1,2026,"YES","home"
"140",22500139,"2025-10-30","regular",1610612744,"GSW","MIL","GSW",48,110,36,85,42.4,13,38,34.2,25,26,96.2,9,35,44,23,22,8,6,17,-10,0,2026,"NO","away"
"141",22500140,"2025-10-30","regular",1610612760,"OKC","OKC","WAS",48,127,44,98,44.9,16,49,32.7,23,28,82.1,14,33,47,29,6,16,8,15,19,1,2026,"YES","home"
"142",22500140,"2025-10-30","regular",1610612764,"WAS","OKC","WAS",48,108,38,84,45.2,17,40,42.5,15,17,88.2,12,37,49,25,23,3,6,26,-19,0,2026,"NO","away"
"143",22500141,"2025-10-30","regular",1610612759,"SAS","SAS","MIA",48,107,38,86,44.2,14,41,34.1,17,23,73.9,9,39,48,26,11,10,8,17,6,1,2026,"YES","home"
"144",22500141,"2025-10-30","regular",1610612748,"MIA","SAS","MIA",48,101,39,90,43.3,15,38,39.5,8,11,72.7,5,36,41,29,14,6,2,20,-6,0,2026,"NO","away"
"145",22500020,"2025-10-31","regular",1610612737,"ATL","IND","ATL",48,128,51,94,54.3,10,30,33.3,16,20,80,12,43,55,30,10,10,5,23,20,1,2026,"YES","away"
"146",22500020,"2025-10-31","regular",1610612754,"IND","IND","ATL",48,108,35,99,35.4,13,47,27.7,25,33,75.8,18,31,49,23,12,6,3,16,-20,0,2026,"NO","home"
"147",22500021,"2025-10-31","regular",1610612738,"BOS","PHI","BOS",48,109,44,101,43.6,14,45,31.1,7,12,58.3,16,29,45,26,10,8,7,24,1,1,2026,"YES","away"
"148",22500021,"2025-10-31","regular",1610612755,"PHI","PHI","BOS",48,108,37,78,47.4,13,34,38.2,21,29,72.4,9,31,40,27,18,6,7,13,-1,0,2026,"NO","home"
"149",22500022,"2025-10-31","regular",1610612761,"TOR","CLE","TOR",48,112,40,82,48.8,13,30,43.3,19,24,79.2,10,38,48,27,18,9,4,18,11,1,2026,"YES","away"
"150",22500022,"2025-10-31","regular",1610612739,"CLE","CLE","TOR",48,101,36,90,40,14,46,30.4,15,23,65.2,15,27,42,24,14,10,10,15,-11,0,2026,"NO","home"
"151",22500023,"2025-10-31","regular",1610612741,"CHI","CHI","NYK",48,135,45,84,53.6,17,37,45.9,28,35,80,6,35,41,31,9,8,6,22,10,1,2026,"YES","home"
"152",22500023,"2025-10-31","regular",1610612752,"NYK","CHI","NYK",48,125,45,91,49.5,18,45,40,17,23,73.9,12,27,39,27,12,3,5,25,-10,0,2026,"NO","away"
"153",22500024,"2025-10-31","regular",1610612747,"LAL","MEM","LAL",48,117,39,76,51.3,13,38,34.2,26,33,78.8,5,35,40,24,15,8,3,16,5,1,2026,"YES","away"
"154",22500024,"2025-10-31","regular",1610612763,"MEM","MEM","LAL",48,112,41,93,44.1,14,45,31.1,16,19,84.2,13,29,42,28,11,9,0,25,-5,0,2026,"NO","home"
"155",22500025,"2025-10-31","regular",1610612756,"PHX","PHX","UTA",48,118,43,91,47.3,17,48,35.4,15,18,83.3,8,36,44,30,12,10,6,25,22,1,2026,"YES","home"
"156",22500025,"2025-10-31","regular",1610612762,"UTA","PHX","UTA",48,96,30,80,37.5,12,37,32.4,24,32,75,12,36,48,23,21,4,3,22,-22,0,2026,"NO","away"
"157",22500026,"2025-10-31","regular",1610612757,"POR","POR","DEN",48,109,38,91,41.8,11,39,28.2,22,31,71,16,27,43,26,13,11,5,24,2,1,2026,"YES","home"
"158",22500026,"2025-10-31","regular",1610612743,"DEN","POR","DEN",48,107,38,79,48.1,6,25,24,25,31,80.6,10,36,46,19,19,6,7,21,-2,0,2026,"NO","away"
"159",22500027,"2025-10-31","regular",1610612746,"LAC","LAC","NOP",48,126,46,89,51.7,15,39,38.5,19,21,90.5,10,27,37,28,12,12,6,19,2,1,2026,"YES","home"
"160",22500027,"2025-10-31","regular",1610612740,"NOP","LAC","NOP",48,124,40,83,48.2,18,37,48.6,26,29,89.7,12,31,43,28,15,8,4,18,-2,0,2026,"NO","away"
"161",22500142,"2025-11-01","regular",1610612758,"SAC","MIL","SAC",48,135,45,87,51.7,10,28,35.7,35,40,87.5,11,27,38,30,10,8,1,21,2,1,2026,"YES","away"
"162",22500142,"2025-11-01","regular",1610612749,"MIL","MIL","SAC",48,133,49,82,59.8,15,32,46.9,20,31,64.5,9,28,37,30,11,5,2,26,-2,0,2026,"NO","home"
"163",22500143,"2025-11-01","regular",1610612750,"MIN","CHA","MIN",48,122,47,87,54,17,36,47.2,11,14,78.6,4,34,38,31,10,8,2,22,17,1,2026,"YES","away"
"164",22500143,"2025-11-01","regular",1610612766,"CHA","CHA","MIN",48,105,34,86,39.5,13,45,28.9,24,27,88.9,10,35,45,23,14,4,4,16,-17,0,2026,"NO","home"
"165",22500144,"2025-11-01","regular",1610612754,"IND","IND","GSW",48,114,40,89,44.9,10,33,30.3,24,28,85.7,11,36,47,24,12,7,3,19,5,1,2026,"YES","home"
"166",22500144,"2025-11-01","regular",1610612744,"GSW","IND","GSW",48,109,39,90,43.3,12,44,27.3,19,22,86.4,10,34,44,25,16,5,4,27,-5,0,2026,"NO","away"
"167",22500145,"2025-11-01","regular",1610612753,"ORL","WAS","ORL",48,125,47,92,51.1,12,36,33.3,19,22,86.4,8,45,53,32,17,13,10,16,31,1,2026,"YES","away"
"168",22500145,"2025-11-01","regular",1610612764,"WAS","WAS","ORL",48,94,39,98,39.8,9,27,33.3,7,15,46.7,11,29,40,19,17,7,9,23,-31,0,2026,"NO","home"
"169",22500146,"2025-11-01","regular",1610612745,"HOU","BOS","HOU",48,128,42,77,54.5,19,29,65.5,25,35,71.4,12,41,53,30,20,6,11,14,27,1,2026,"YES","away"
"170",22500146,"2025-11-01","regular",1610612738,"BOS","BOS","HOU",48,101,40,103,38.8,14,44,31.8,7,7,100,14,22,36,24,10,9,2,25,-27,0,2026,"NO","home"
"171",22500147,"2025-11-01","regular",1610612765,"DET","DAL","DET",48,122,45,91,49.5,9,24,37.5,23,34,67.6,14,33,47,29,8,10,4,22,12,1,2026,"YES","away"
"172",22500147,"2025-11-01","regular",1610612742,"DAL","DET","DAL",48,110,34,80,42.5,16,45,35.6,26,31,83.9,7,36,43,23,15,3,3,25,-12,0,2026,"NO","away"
"173",22500148,"2025-11-02","regular",1610612760,"OKC","OKC","NOP",48,137,47,84,56,20,48,41.7,23,26,88.5,8,34,42,33,13,12,5,22,31,1,2026,"YES","home"
"174",22500148,"2025-11-02","regular",1610612740,"NOP","OKC","NOP",48,106,35,80,43.8,16,40,40,20,32,62.5,12,26,38,26,17,6,3,22,-31,0,2026,"NO","away"
"175",22500149,"2025-11-02","regular",1610612755,"PHI","BKN","PHI",48,129,50,96,52.1,15,40,37.5,14,17,82.4,12,32,44,34,15,10,6,25,24,1,2026,"YES","away"
"176",22500149,"2025-11-02","regular",1610612751,"BKN","BKN","PHI",48,105,39,91,42.9,7,39,17.9,20,26,76.9,13,31,44,21,19,10,4,15,-24,0,2026,"NO","home"
"177",22500150,"2025-11-02","regular",1610612766,"CHA","CHA","UTA",48,126,43,88,48.9,18,43,41.9,22,22,100,9,37,46,31,15,6,6,25,23,1,2026,"YES","home"
"178",22500150,"2025-11-02","regular",1610612762,"UTA","CHA","UTA",48,103,36,88,40.9,7,32,21.9,24,29,82.8,10,28,38,27,11,7,3,24,-23,0,2026,"NO","away"
"179",22500151,"2025-11-02","regular",1610612739,"CLE","CLE","ATL",48,117,40,97,41.2,20,57,35.1,17,18,94.4,13,31,44,30,18,12,4,28,8,1,2026,"YES","home"
"180",22500151,"2025-11-02","regular",1610612737,"ATL","CLE","ATL",48,109,39,77,50.6,6,23,26.1,25,35,71.4,8,38,46,28,23,9,3,21,-8,0,2026,"NO","away"
"181",22500152,"2025-11-02","regular",1610612761,"TOR","TOR","MEM",48,117,45,89,50.6,11,37,29.7,16,20,80,15,34,49,32,16,5,7,23,13,1,2026,"YES","home"
"182",22500152,"2025-11-02","regular",1610612763,"MEM","TOR","MEM",48,104,38,87,43.7,11,35,31.4,17,20,85,11,30,41,24,13,6,0,18,-13,0,2026,"NO","away"
"183",22500153,"2025-11-02","regular",1610612752,"NYK","NYK","CHI",48,128,43,95,45.3,20,42,47.6,22,22,100,14,33,47,31,11,7,5,12,12,1,2026,"YES","home"
"184",22500153,"2025-11-02","regular",1610612741,"CHI","NYK","CHI",48,116,45,93,48.4,17,40,42.5,9,11,81.8,12,34,46,28,14,7,3,20,-12,0,2026,"NO","away"
"185",22500154,"2025-11-02","regular",1610612756,"PHX","PHX","SAS",48,130,46,79,58.2,19,33,57.6,19,22,86.4,5,34,39,34,20,8,4,26,12,1,2026,"YES","home"
"186",22500154,"2025-11-02","regular",1610612759,"SAS","PHX","SAS",48,118,45,98,45.9,10,41,24.4,18,23,78.3,16,25,41,21,14,11,5,21,-12,0,2026,"NO","away"
"187",22500155,"2025-11-02","regular",1610612747,"LAL","LAL","MIA",48,130,48,95,50.5,15,46,32.6,19,23,82.6,8,33,41,33,12,14,2,26,10,1,2026,"YES","home"
"188",22500155,"2025-11-02","regular",1610612748,"MIA","LAL","MIA",48,120,43,84,51.2,9,33,27.3,25,36,69.4,9,33,42,29,15,7,3,20,-10,0,2026,"NO","away"
"189",22500156,"2025-11-03","regular",1610612750,"MIN","BKN","MIN",48,125,44,78,56.4,14,35,40,23,35,65.7,14,39,53,33,17,6,4,26,16,1,2026,"YES","away"
"190",22500156,"2025-11-03","regular",1610612751,"BKN","BKN","MIN",48,109,36,89,40.4,12,40,30,25,38,65.8,18,22,40,25,12,9,4,24,-16,0,2026,"NO","home"
"191",22500157,"2025-11-03","regular",1610612749,"MIL","IND","MIL",48,117,42,88,47.7,20,47,42.6,13,22,59.1,9,34,43,24,18,6,5,28,2,1,2026,"YES","away"
"192",22500157,"2025-11-03","regular",1610612754,"IND","IND","MIL",48,115,39,90,43.3,8,33,24.2,29,38,76.3,14,31,45,24,12,8,4,24,-2,0,2026,"NO","home"
"193",22500158,"2025-11-03","regular",1610612762,"UTA","BOS","UTA",48,105,38,84,45.2,9,31,29,20,25,80,15,40,55,23,19,4,2,21,2,1,2026,"YES","away"
"194",22500158,"2025-11-03","regular",1610612738,"BOS","BOS","UTA",48,103,37,89,41.6,11,51,21.6,18,22,81.8,10,26,36,21,10,12,4,22,-2,0,2026,"NO","home"
"195",22500159,"2025-11-03","regular",1610612752,"NYK","NYK","WAS",48,119,44,94,46.8,15,41,36.6,16,20,80,12,37,49,32,12,12,4,16,17,1,2026,"YES","home"
"196",22500159,"2025-11-03","regular",1610612764,"WAS","NYK","WAS",48,102,38,81,46.9,13,35,37.1,13,19,68.4,7,37,44,30,20,7,5,21,-17,0,2026,"NO","away"
"197",22500160,"2025-11-03","regular",1610612745,"HOU","HOU","DAL",48,110,41,89,46.1,8,29,27.6,20,30,66.7,15,39,54,23,17,9,7,17,8,1,2026,"YES","home"
"198",22500160,"2025-11-03","regular",1610612742,"DAL","HOU","DAL",48,102,40,89,44.9,9,36,25,13,20,65,10,30,40,30,15,12,6,25,-8,0,2026,"NO","away"
"199",22500161,"2025-11-03","regular",1610612765,"DET","MEM","DET",48,114,42,83,50.6,10,31,32.3,20,29,69,10,33,43,23,14,11,9,21,8,1,2026,"YES","away"
"200",22500161,"2025-11-03","regular",1610612763,"MEM","MEM","DET",48,106,35,87,40.2,14,41,34.1,22,25,88,18,31,49,25,20,8,5,22,-8,0,2026,"NO","home"
"201",22500162,"2025-11-03","regular",1610612743,"DEN","DEN","SAC",48,130,50,97,51.5,12,38,31.6,18,24,75,8,32,40,33,8,9,5,18,6,1,2026,"YES","home"
"202",22500162,"2025-11-03","regular",1610612758,"SAC","DEN","SAC",48,124,47,90,52.2,9,27,33.3,21,25,84,8,39,47,27,15,5,1,24,-6,0,2026,"NO","away"
"203",22500163,"2025-11-03","regular",1610612747,"LAL","POR","LAL",48,123,50,85,58.8,9,23,39.1,14,16,87.5,8,26,34,29,17,11,5,22,8,1,2026,"YES","away"
"204",22500163,"2025-11-03","regular",1610612757,"POR","POR","LAL",48,115,42,85,49.4,9,40,22.5,22,30,73.3,15,23,38,23,18,13,3,18,-8,0,2026,"NO","home"
"205",22500164,"2025-11-03","regular",1610612748,"MIA","LAC","MIA",48,120,45,83,54.2,12,25,48,18,24,75,6,31,37,33,16,12,3,15,1,1,2026,"YES","away"
"206",22500164,"2025-11-03","regular",1610612746,"LAC","LAC","MIA",48,119,44,88,50,17,41,41.5,14,19,73.7,11,33,44,25,21,13,4,24,-1,0,2026,"NO","home"
"207",22500165,"2025-11-04","regular",1610612761,"TOR","TOR","MIL",48,128,44,91,48.4,17,38,44.7,23,29,79.3,10,40,50,33,10,8,6,23,28,1,2026,"YES","home"
"208",22500165,"2025-11-04","regular",1610612749,"MIL","TOR","MIL",48,100,37,86,43,11,38,28.9,15,21,71.4,9,32,41,26,15,5,4,26,-28,0,2026,"NO","away"
"209",22500166,"2025-11-04","regular",1610612737,"ATL","ATL","ORL",48,127,40,72,55.6,13,30,43.3,34,42,81,6,28,34,23,20,11,6,24,15,1,2026,"YES","home"
"210",22500166,"2025-11-04","regular",1610612753,"ORL","ATL","ORL",48,112,36,83,43.4,11,34,32.4,29,33,87.9,14,27,41,26,19,9,1,30,-15,0,2026,"NO","away"
"211",22500167,"2025-11-04","regular",1610612741,"CHI","CHI","PHI",48,113,42,89,47.2,13,34,38.2,16,20,80,12,36,48,26,18,11,9,19,2,1,2026,"YES","home"
"212",22500167,"2025-11-04","regular",1610612755,"PHI","CHI","PHI",48,111,40,94,42.6,11,30,36.7,20,24,83.3,12,28,40,22,16,12,11,21,-2,0,2026,"NO","away"
"213",22500168,"2025-11-04","regular",1610612740,"NOP","NOP","CHA",48,116,43,90,47.8,17,38,44.7,13,19,68.4,13,26,39,27,13,9,3,20,4,1,2026,"YES","home"
"214",22500168,"2025-11-04","regular",1610612766,"CHA","NOP","CHA",48,112,39,82,47.6,13,38,34.2,21,28,75,15,34,49,20,20,8,6,23,-4,0,2026,"NO","away"
"215",22500169,"2025-11-04","regular",1610612744,"GSW","GSW","PHX",48,118,41,83,49.4,19,42,45.2,17,20,85,8,31,39,33,16,9,4,18,11,1,2026,"YES","home"
"216",22500169,"2025-11-04","regular",1610612756,"PHX","GSW","PHX",48,107,40,91,44,12,33,36.4,15,16,93.8,16,30,46,25,17,10,5,17,-11,0,2026,"NO","away"
"217",22500170,"2025-11-04","regular",1610612760,"OKC","LAC","OKC",48,126,45,86,52.3,18,38,47.4,18,22,81.8,8,32,40,28,11,12,6,23,19,1,2026,"YES","away"
"218",22500170,"2025-11-04","regular",1610612746,"LAC","LAC","OKC",48,107,33,80,41.3,18,43,41.9,23,27,85.2,10,32,42,26,19,9,2,20,-19,0,2026,"NO","home"
"219",22500171,"2025-11-05","regular",1610612739,"CLE","CLE","PHI",48,132,49,92,53.3,18,44,40.9,16,17,94.1,10,24,34,33,15,9,7,22,11,1,2026,"YES","home"
"220",22500171,"2025-11-05","regular",1610612755,"PHI","CLE","PHI",48,121,44,90,48.9,12,31,38.7,21,30,70,15,28,43,26,19,9,2,23,-11,0,2026,"NO","away"
"221",22500172,"2025-11-05","regular",1610612765,"DET","DET","UTA",48,114,45,91,49.5,11,30,36.7,13,22,59.1,13,39,52,24,13,5,6,23,11,1,2026,"YES","home"
"222",22500172,"2025-11-05","regular",1610612762,"UTA","DET","UTA",48,103,33,86,38.4,12,39,30.8,25,29,86.2,11,33,44,24,15,7,2,17,-11,0,2026,"NO","away"
"223",22500173,"2025-11-05","regular",1610612751,"BKN","IND","BKN",48,112,36,86,41.9,14,40,35,26,35,74.3,10,35,45,26,14,9,5,17,9,1,2026,"YES","away"
"224",22500173,"2025-11-05","regular",1610612754,"IND","IND","BKN",48,103,41,99,41.4,13,36,36.1,8,13,61.5,16,40,56,29,18,6,5,23,-9,0,2026,"NO","home"
"225",22500174,"2025-11-05","regular",1610612738,"BOS","BOS","WAS",48,136,52,95,54.7,16,41,39,16,21,76.2,12,28,40,31,7,12,3,24,29,1,2026,"YES","home"
"226",22500174,"2025-11-05","regular",1610612764,"WAS","BOS","WAS",48,107,39,80,48.8,9,27,33.3,20,27,74.1,11,29,40,25,19,2,5,18,-29,0,2026,"NO","away"
"227",22500175,"2025-11-05","regular",1610612752,"NYK","NYK","MIN",48,137,55,102,53.9,19,42,45.2,8,9,88.9,21,29,50,32,14,7,8,21,23,1,2026,"YES","home"
"228",22500175,"2025-11-05","regular",1610612750,"MIN","NYK","MIN",48,114,40,83,48.2,19,40,47.5,15,17,88.2,9,22,31,30,17,6,2,14,-23,0,2026,"NO","away"
"229",22500176,"2025-11-05","regular",1610612745,"HOU","MEM","HOU",48,124,48,101,47.5,13,30,43.3,15,18,83.3,15,39,54,29,13,9,3,21,15,1,2026,"YES","away"
"230",22500176,"2025-11-05","regular",1610612763,"MEM","MEM","HOU",48,109,34,89,38.2,13,39,33.3,28,35,80,13,34,47,25,15,10,9,19,-15,0,2026,"NO","home"
"231",22500177,"2025-11-05","regular",1610612740,"NOP","DAL","NOP",48,101,39,91,42.9,10,31,32.3,13,16,81.3,14,42,56,18,16,10,3,18,2,1,2026,"YES","away"
"232",22500177,"2025-11-05","regular",1610612742,"DAL","DAL","NOP",48,99,37,89,41.6,10,32,31.3,15,20,75,10,34,44,18,15,11,7,15,-2,0,2026,"NO","home"
"233",22500178,"2025-11-05","regular",1610612743,"DEN","DEN","MIA",48,122,43,101,42.6,11,40,27.5,25,28,89.3,21,40,61,33,17,10,4,16,10,1,2026,"YES","home"
"234",22500178,"2025-11-05","regular",1610612748,"MIA","DEN","MIA",48,112,38,86,44.2,14,41,34.1,22,25,88,5,33,38,26,15,13,4,20,-10,0,2026,"NO","away"
"235",22500179,"2025-11-05","regular",1610612747,"LAL","LAL","SAS",48,118,37,83,44.6,10,31,32.3,34,44,77.3,12,26,38,23,14,8,5,30,2,1,2026,"YES","home"
"236",22500179,"2025-11-05","regular",1610612759,"SAS","LAL","SAS",48,116,36,74,48.6,13,33,39.4,31,40,77.5,8,29,37,22,19,7,1,36,-2,0,2026,"NO","away"
"237",22500180,"2025-11-05","regular",1610612757,"POR","POR","OKC",48,121,36,88,40.9,19,43,44.2,30,32,93.8,11,38,49,24,18,8,6,24,2,1,2026,"YES","home"
"238",22500180,"2025-11-05","regular",1610612760,"OKC","POR","OKC",48,119,38,91,41.8,15,38,39.5,28,31,90.3,13,37,50,24,15,9,5,27,-2,0,2026,"NO","away"
"239",22500181,"2025-11-05","regular",1610612758,"SAC","SAC","GSW",48,121,41,83,49.4,11,23,47.8,28,33,84.8,8,39,47,27,16,7,5,18,5,1,2026,"YES","home"
"240",22500181,"2025-11-05","regular",1610612744,"GSW","SAC","GSW",48,116,40,89,44.9,17,43,39.5,19,23,82.6,10,34,44,28,19,10,6,26,-5,0,2026,"NO","away"
"241",22500182,"2025-11-06","regular",1610612756,"PHX","PHX","LAC",48,115,41,92,44.6,19,49,38.8,14,19,73.7,15,29,44,27,16,13,2,23,13,1,2026,"YES","home"
"242",22500182,"2025-11-06","regular",1610612746,"LAC","PHX","LAC",48,102,35,79,44.3,10,31,32.3,22,30,73.3,11,30,41,24,15,8,4,19,-13,0,2026,"NO","away"
"243",22500028,"2025-11-07","regular",1610612753,"ORL","ORL","BOS",48,123,41,82,50,17,36,47.2,24,31,77.4,11,33,44,28,15,8,7,18,13,1,2026,"YES","home"
"244",22500028,"2025-11-07","regular",1610612738,"BOS","ORL","BOS",48,110,43,95,45.3,13,37,35.1,11,16,68.8,12,32,44,26,14,9,8,27,-13,0,2026,"NO","away"
"245",22500029,"2025-11-07","regular",1610612739,"CLE","WAS","CLE",48,148,52,110,47.3,20,45,44.4,24,31,77.4,25,32,57,34,10,15,6,17,33,1,2026,"YES","away"
"246",22500029,"2025-11-07","regular",1610612764,"WAS","WAS","CLE",48,115,41,91,45.1,15,41,36.6,18,23,78.3,16,28,44,32,20,5,7,24,-33,0,2026,"NO","home"
"247",22500030,"2025-11-07","regular",1610612761,"TOR","ATL","TOR",48,109,37,91,40.7,12,38,31.6,23,25,92,13,35,48,23,13,11,6,21,12,1,2026,"YES","away"
"248",22500030,"2025-11-07","regular",1610612737,"ATL","ATL","TOR",48,97,33,96,34.4,9,38,23.7,22,23,95.7,19,35,54,24,19,8,7,19,-12,0,2026,"NO","home"
"249",22500031,"2025-11-07","regular",1610612765,"DET","BKN","DET",48,125,49,85,57.6,6,26,23.1,21,30,70,11,35,46,32,13,14,1,19,18,1,2026,"YES","away"
"250",22500031,"2025-11-07","regular",1610612751,"BKN","BKN","DET",48,107,34,80,42.5,17,46,37,22,26,84.6,8,22,30,26,20,5,1,24,-18,0,2026,"NO","home"
"251",22500032,"2025-11-07","regular",1610612759,"SAS","SAS","HOU",48,121,40,87,46,18,45,40,23,25,92,15,25,40,30,21,15,4,19,11,1,2026,"YES","home"
"252",22500032,"2025-11-07","regular",1610612745,"HOU","SAS","HOU",48,110,39,85,45.9,13,27,48.1,19,21,90.5,17,24,41,25,24,12,4,24,-11,0,2026,"NO","away"
"253",22500033,"2025-11-07","regular",1610612748,"MIA","MIA","CHA",48,126,51,99,51.5,12,28,42.9,12,14,85.7,6,31,37,31,8,10,7,21,18,1,2026,"YES","home"
"254",22500033,"2025-11-07","regular",1610612766,"CHA","MIA","CHA",48,108,37,97,38.1,10,39,25.6,24,27,88.9,19,38,57,22,18,4,9,18,-18,0,2026,"NO","away"
"255",22500034,"2025-11-07","regular",1610612763,"MEM","MEM","DAL",48,118,41,85,48.2,13,35,37.1,23,28,82.1,7,35,42,27,15,8,1,20,14,1,2026,"YES","home"
"256",22500034,"2025-11-07","regular",1610612742,"DAL","MEM","DAL",48,104,42,86,48.8,10,39,25.6,10,16,62.5,8,36,44,25,18,7,6,20,-14,0,2026,"NO","away"
"257",22500035,"2025-11-07","regular",1610612749,"MIL","MIL","CHI",48,126,48,103,46.6,16,39,41,14,18,77.8,14,39,53,27,11,10,6,16,16,1,2026,"YES","home"
"258",22500035,"2025-11-07","regular",1610612741,"CHI","MIL","CHI",48,110,44,90,48.9,10,33,30.3,12,16,75,8,37,45,34,14,9,3,19,-16,0,2026,"NO","away"
"259",22500036,"2025-11-07","regular",1610612750,"MIN","MIN","UTA",48,137,50,88,56.8,17,36,47.2,20,27,74.1,13,39,52,32,21,10,10,23,40,1,2026,"YES","home"
"260",22500036,"2025-11-07","regular",1610612762,"UTA","MIN","UTA",48,97,35,94,37.2,9,39,23.1,18,25,72,16,24,40,28,18,11,3,22,-40,0,2026,"NO","away"
"261",22500037,"2025-11-07","regular",1610612743,"DEN","DEN","GSW",48,129,46,82,56.1,16,33,48.5,21,25,84,7,34,41,34,9,8,4,15,25,1,2026,"YES","home"
"262",22500037,"2025-11-07","regular",1610612744,"GSW","DEN","GSW",48,104,40,95,42.1,12,41,29.3,12,15,80,17,29,46,28,12,4,5,18,-25,0,2026,"NO","away"
"263",22500038,"2025-11-07","regular",1610612760,"OKC","SAC","OKC",48,132,49,91,53.8,13,35,37.1,21,24,87.5,8,44,52,27,11,9,8,16,31,1,2026,"YES","away"
"264",22500038,"2025-11-07","regular",1610612758,"SAC","SAC","OKC",48,101,38,92,41.3,15,40,37.5,10,15,66.7,8,30,38,27,17,6,3,20,-31,0,2026,"NO","home"
"265",22500183,"2025-11-08","regular",1610612742,"DAL","WAS","DAL",48,111,42,93,45.2,6,24,25,21,30,70,16,35,51,26,13,15,6,17,6,1,2026,"YES","away"
"266",22500183,"2025-11-08","regular",1610612764,"WAS","WAS","DAL",48,105,37,89,41.6,11,35,31.4,20,23,87,12,32,44,17,18,7,7,21,-6,0,2026,"NO","home"
"267",22500184,"2025-11-08","regular",1610612755,"PHI","PHI","TOR",48,130,49,96,51,10,35,28.6,22,28,78.6,15,39,54,31,14,4,9,22,10,1,2026,"YES","home"
"268",22500184,"2025-11-08","regular",1610612761,"TOR","PHI","TOR",48,120,41,90,45.6,16,38,42.1,22,28,78.6,10,28,38,29,11,7,5,25,-10,0,2026,"NO","away"
"269",22500185,"2025-11-08","regular",1610612737,"ATL","ATL","LAL",48,122,48,93,51.6,16,39,41,10,11,90.9,7,30,37,37,11,13,6,14,20,1,2026,"YES","home"
"270",22500185,"2025-11-08","regular",1610612747,"LAL","ATL","LAL",48,102,37,81,45.7,12,30,40,16,20,80,13,34,47,23,20,8,5,11,-20,0,2026,"NO","away"
"271",22500186,"2025-11-08","regular",1610612739,"CLE","CLE","CHI",48,128,46,94,48.9,17,46,37,19,26,73.1,10,29,39,32,9,6,7,27,6,1,2026,"YES","home"
"272",22500186,"2025-11-08","regular",1610612741,"CHI","CLE","CHI",48,122,38,84,45.2,13,29,44.8,33,36,91.7,10,39,49,27,14,8,4,25,-6,0,2026,"NO","away"
"273",22500187,"2025-11-08","regular",1610612748,"MIA","MIA","POR",48,136,49,96,51,10,35,28.6,28,36,77.8,12,35,47,37,15,17,5,23,5,1,2026,"YES","home"
"274",22500187,"2025-11-08","regular",1610612757,"POR","MIA","POR",48,131,49,109,45,14,51,27.5,19,23,82.6,22,35,57,29,20,8,4,32,-5,0,2026,"NO","away"
"275",22500188,"2025-11-08","regular",1610612759,"SAS","SAS","NOP",48,126,48,90,53.3,14,40,35,16,18,88.9,10,33,43,31,12,6,6,20,7,1,2026,"YES","home"
"276",22500188,"2025-11-08","regular",1610612740,"NOP","SAS","NOP",48,119,45,94,47.9,15,38,39.5,14,17,82.4,11,29,40,27,12,7,2,19,-7,0,2026,"NO","away"
"277",22500189,"2025-11-08","regular",1610612743,"DEN","DEN","IND",48,117,45,93,48.4,8,27,29.6,19,23,82.6,15,40,55,32,18,8,2,25,17,1,2026,"YES","home"
"278",22500189,"2025-11-08","regular",1610612754,"IND","DEN","IND",48,100,33,93,35.5,8,36,22.2,26,34,76.5,15,28,43,20,11,9,6,23,-17,0,2026,"NO","away"
"279",22500190,"2025-11-08","regular",1610612756,"PHX","LAC","PHX",48,114,40,83,48.2,16,38,42.1,18,21,85.7,13,29,42,30,14,9,2,19,11,1,2026,"YES","away"
"280",22500190,"2025-11-08","regular",1610612746,"LAC","LAC","PHX",48,103,41,77,53.2,10,33,30.3,11,18,61.1,5,22,27,26,11,5,5,15,-11,0,2026,"NO","home"
"281",22500191,"2025-11-09","regular",1610612745,"HOU","MIL","HOU",48,122,48,90,53.3,10,26,38.5,16,21,76.2,20,30,50,24,18,8,3,19,7,1,2026,"YES","away"
"282",22500191,"2025-11-09","regular",1610612749,"MIL","MIL","HOU",48,115,44,79,55.7,13,29,44.8,14,24,58.3,7,20,27,25,13,11,6,20,-7,0,2026,"NO","home"
"283",22500192,"2025-11-09","regular",1610612752,"NYK","NYK","BKN",48,134,48,89,53.9,17,37,45.9,21,26,80.8,15,31,46,31,14,9,3,25,36,1,2026,"YES","home"
"284",22500192,"2025-11-09","regular",1610612751,"BKN","NYK","BKN",48,98,33,82,40.2,14,45,31.1,18,24,75,15,23,38,21,19,5,8,25,-36,0,2026,"NO","away"
"285",22500193,"2025-11-09","regular",1610612738,"BOS","ORL","BOS",48,111,40,85,47.1,13,33,39.4,18,25,72,13,28,41,22,14,10,2,27,4,1,2026,"YES","away"
"286",22500193,"2025-11-09","regular",1610612753,"ORL","ORL","BOS",48,107,35,78,44.9,7,29,24.1,30,32,93.8,12,30,42,21,17,8,4,24,-4,0,2026,"NO","home"
"287",22500194,"2025-11-09","regular",1610612760,"OKC","MEM","OKC",48,114,41,95,43.2,10,43,23.3,22,26,84.6,9,42,51,19,6,10,3,17,14,1,2026,"YES","away"
"288",22500194,"2025-11-09","regular",1610612763,"MEM","MEM","OKC",48,100,35,91,38.5,17,44,38.6,13,18,72.2,11,39,50,30,14,3,6,25,-14,0,2026,"NO","home"
"289",22500195,"2025-11-09","regular",1610612765,"DET","PHI","DET",48,111,39,82,47.6,13,30,43.3,20,28,71.4,9,28,37,23,16,12,5,21,3,1,2026,"YES","away"
"290",22500195,"2025-11-09","regular",1610612755,"PHI","PHI","DET",48,108,36,84,42.9,12,33,36.4,24,28,85.7,12,32,44,22,20,8,6,22,-3,0,2026,"NO","home"
"291",22500196,"2025-11-09","regular",1610612744,"GSW","GSW","IND",48,114,38,88,43.2,12,44,27.3,26,37,70.3,11,39,50,22,10,11,6,16,31,1,2026,"YES","home"
"292",22500196,"2025-11-09","regular",1610612754,"IND","GSW","IND",48,83,32,94,34,11,39,28.2,8,11,72.7,14,39,53,21,22,7,6,25,-31,0,2026,"NO","away"
"293",22500197,"2025-11-09","regular",1610612750,"MIN","SAC","MIN",48,144,52,97,53.6,18,46,39.1,22,24,91.7,9,35,44,28,11,11,9,23,27,1,2026,"YES","away"
"294",22500197,"2025-11-09","regular",1610612758,"SAC","SAC","MIN",48,117,40,90,44.4,13,29,44.8,24,31,77.4,12,31,43,25,18,8,3,20,-27,0,2026,"NO","home"
"295",22500198,"2025-11-10","regular",1610612747,"LAL","CHA","LAL",48,121,45,90,50,14,39,35.9,17,20,85,12,24,36,25,11,12,2,22,10,1,2026,"YES","away"
"296",22500198,"2025-11-10","regular",1610612766,"CHA","CHA","LAL",48,111,37,71,52.1,17,36,47.2,20,22,90.9,9,28,37,28,23,6,6,25,-10,0,2026,"NO","home"
"297",22500199,"2025-11-10","regular",1610612765,"DET","DET","WAS",53,137,47,114,41.2,13,41,31.7,30,38,78.9,28,35,63,27,16,16,5,18,2,1,2026,"YES","home"
"298",22500199,"2025-11-10","regular",1610612764,"WAS","DET","WAS",53,135,50,95,52.6,15,38,39.5,20,26,76.9,11,35,46,26,20,10,6,28,-2,0,2026,"NO","away"
"299",22500200,"2025-11-10","regular",1610612753,"ORL","ORL","POR",48,115,39,87,44.8,8,30,26.7,29,34,85.3,11,39,50,26,13,6,7,23,3,1,2026,"YES","home"
"300",22500200,"2025-11-10","regular",1610612757,"POR","ORL","POR",48,112,40,90,44.4,13,36,36.1,19,26,73.1,11,27,38,22,10,5,3,24,-3,0,2026,"NO","away"
"301",22500201,"2025-11-10","regular",1610612748,"MIA","MIA","CLE",53,140,46,98,46.9,12,36,33.3,36,41,87.8,12,44,56,32,14,5,6,27,2,1,2026,"YES","home"
"302",22500201,"2025-11-10","regular",1610612739,"CLE","MIA","CLE",53,138,49,120,40.8,21,65,32.3,19,27,70.4,26,34,60,26,10,8,4,27,-2,0,2026,"NO","away"
"303",22500202,"2025-11-10","regular",1610612759,"SAS","CHI","SAS",48,121,44,86,51.2,10,33,30.3,23,27,85.2,9,38,47,30,15,10,7,17,4,1,2026,"YES","away"
"304",22500202,"2025-11-10","regular",1610612741,"CHI","CHI","SAS",48,117,41,93,44.1,16,38,42.1,19,23,82.6,11,34,45,29,13,10,4,20,-4,0,2026,"NO","home"
"305",22500203,"2025-11-10","regular",1610612749,"MIL","DAL","MIL",48,116,41,91,45.1,14,36,38.9,20,25,80,8,36,44,24,13,9,6,26,2,1,2026,"YES","away"
"306",22500203,"2025-11-10","regular",1610612742,"DAL","DAL","MIL",48,114,37,89,41.6,9,39,23.1,31,41,75.6,16,36,52,25,15,8,8,22,-2,0,2026,"NO","home"
"307",22500204,"2025-11-10","regular",1610612756,"PHX","PHX","NOP",48,121,39,78,50,19,43,44.2,24,31,77.4,10,33,43,29,18,12,7,18,23,1,2026,"YES","home"
"308",22500204,"2025-11-10","regular",1610612740,"NOP","PHX","NOP",48,98,34,83,41,10,32,31.3,20,26,76.9,15,25,40,18,20,12,3,23,-23,0,2026,"NO","away"
"309",22500205,"2025-11-10","regular",1610612750,"MIN","UTA","MIN",48,120,42,89,47.2,10,33,30.3,26,28,92.9,7,35,42,25,11,8,5,21,7,1,2026,"YES","away"
"310",22500205,"2025-11-10","regular",1610612762,"UTA","UTA","MIN",48,113,38,95,40,17,52,32.7,20,24,83.3,16,34,50,30,15,5,5,24,-7,0,2026,"NO","home"
"311",22500206,"2025-11-10","regular",1610612737,"ATL","LAC","ATL",48,105,38,84,45.2,13,34,38.2,16,20,80,7,34,41,30,12,7,8,22,3,1,2026,"YES","away"
"312",22500206,"2025-11-10","regular",1610612746,"LAC","LAC","ATL",48,102,36,82,43.9,12,38,31.6,18,25,72,11,31,42,19,12,7,9,14,-3,0,2026,"NO","home"
"313",22500207,"2025-11-11","regular",1610612761,"TOR","BKN","TOR",48,119,45,91,49.5,9,35,25.7,20,25,80,13,37,50,31,9,5,4,23,10,1,2026,"YES","away"
"314",22500207,"2025-11-11","regular",1610612751,"BKN","BKN","TOR",48,109,32,81,39.5,14,41,34.1,31,32,96.9,7,29,36,24,13,7,5,20,-10,0,2026,"NO","home"
"315",22500208,"2025-11-11","regular",1610612752,"NYK","NYK","MEM",48,133,47,98,48,22,55,40,17,20,85,10,34,44,35,15,12,2,21,13,1,2026,"YES","home"
"316",22500208,"2025-11-11","regular",1610612763,"MEM","NYK","MEM",48,120,43,84,51.2,14,38,36.8,20,24,83.3,5,39,44,36,22,7,3,20,-13,0,2026,"NO","away"
"317",22500209,"2025-11-11","regular",1610612755,"PHI","PHI","BOS",48,102,36,84,42.9,14,36,38.9,16,19,84.2,8,36,44,24,9,2,6,22,2,1,2026,"YES","home"
"318",22500209,"2025-11-11","regular",1610612738,"BOS","PHI","BOS",48,100,36,92,39.1,13,38,34.2,15,19,78.9,13,40,53,23,11,4,6,17,-2,0,2026,"NO","away"
"319",22500210,"2025-11-11","regular",1610612760,"OKC","OKC","GSW",48,126,42,83,50.6,16,36,44.4,26,31,83.9,10,30,40,29,20,12,4,21,24,1,2026,"YES","home"
"320",22500210,"2025-11-11","regular",1610612744,"GSW","OKC","GSW",48,102,33,74,44.6,13,35,37.1,23,29,79.3,6,26,32,23,21,16,4,28,-24,0,2026,"NO","away"
"321",22500211,"2025-11-11","regular",1610612762,"UTA","UTA","IND",48,152,51,92,55.4,19,42,45.2,31,35,88.6,13,32,45,38,15,3,3,27,24,1,2026,"YES","home"
"322",22500211,"2025-11-11","regular",1610612754,"IND","UTA","IND",48,128,46,99,46.5,10,37,27,26,29,89.7,15,20,35,29,8,6,6,26,-24,0,2026,"NO","away"
"323",22500212,"2025-11-11","regular",1610612743,"DEN","SAC","DEN",48,122,44,86,51.2,13,33,39.4,21,27,77.8,15,33,48,24,13,6,2,19,14,1,2026,"YES","away"
"324",22500212,"2025-11-11","regular",1610612758,"SAC","SAC","DEN",48,108,41,85,48.2,10,33,30.3,16,23,69.6,9,26,35,31,10,4,3,23,-14,0,2026,"NO","home"
"325",22500213,"2025-11-12","regular",1610612766,"CHA","CHA","MIL",48,111,38,86,44.2,12,40,30,23,27,85.2,15,35,50,27,16,5,5,15,11,1,2026,"YES","home"
"326",22500213,"2025-11-12","regular",1610612749,"MIL","CHA","MIL",48,100,40,88,45.5,12,30,40,8,13,61.5,10,24,34,29,9,6,6,22,-11,0,2026,"NO","away"
"327",22500214,"2025-11-12","regular",1610612765,"DET","DET","CHI",48,124,50,90,55.6,13,30,43.3,11,16,68.8,11,33,44,30,19,13,5,25,11,1,2026,"YES","home"
"328",22500214,"2025-11-12","regular",1610612741,"CHI","DET","CHI",48,113,41,86,47.7,12,33,36.4,19,28,67.9,12,32,44,21,21,11,6,18,-11,0,2026,"NO","away"
"329",22500215,"2025-11-12","regular",1610612753,"ORL","NYK","ORL",48,124,42,86,48.8,12,33,36.4,28,33,84.8,12,37,49,29,15,10,4,23,17,1,2026,"YES","away"
"330",22500215,"2025-11-12","regular",1610612752,"NYK","NYK","ORL",48,107,39,88,44.3,11,36,30.6,18,23,78.3,10,27,37,20,14,10,3,25,-17,0,2026,"NO","home"
"331",22500216,"2025-11-12","regular",1610612738,"BOS","BOS","MEM",48,131,50,99,50.5,21,51,41.2,10,12,83.3,18,40,58,34,11,4,8,20,36,1,2026,"YES","home"
"332",22500216,"2025-11-12","regular",1610612763,"MEM","BOS","MEM",48,95,32,95,33.7,10,43,23.3,21,26,80.8,15,26,41,25,10,8,4,18,-36,0,2026,"NO","away"
"333",22500217,"2025-11-12","regular",1610612739,"CLE","MIA","CLE",48,130,45,104,43.3,14,47,29.8,26,31,83.9,15,34,49,32,13,13,10,21,14,1,2026,"YES","away"
"334",22500217,"2025-11-12","regular",1610612748,"MIA","MIA","CLE",48,116,45,94,47.9,15,37,40.5,11,13,84.6,9,35,44,29,21,6,6,29,-14,0,2026,"NO","home"
"335",22500218,"2025-11-12","regular",1610612745,"HOU","HOU","WAS",48,135,51,96,53.1,17,35,48.6,16,23,69.6,20,33,53,32,12,9,6,18,23,1,2026,"YES","home"
"336",22500218,"2025-11-12","regular",1610612764,"WAS","HOU","WAS",48,112,42,92,45.7,15,38,39.5,13,19,68.4,12,25,37,25,12,6,5,22,-23,0,2026,"NO","away"
"337",22500219,"2025-11-12","regular",1610612757,"POR","NOP","POR",48,125,48,83,57.8,13,37,35.1,16,17,94.1,9,30,39,26,13,5,5,22,8,1,2026,"YES","away"
"338",22500219,"2025-11-12","regular",1610612740,"NOP","NOP","POR",48,117,43,91,47.3,13,39,33.3,18,21,85.7,15,20,35,28,10,6,2,20,-8,0,2026,"NO","home"
"339",22500220,"2025-11-12","regular",1610612744,"GSW","SAS","GSW",48,125,36,85,42.4,21,57,36.8,32,36,88.9,8,32,40,30,16,13,3,18,5,1,2026,"YES","away"
"340",22500220,"2025-11-12","regular",1610612759,"SAS","SAS","GSW",48,120,46,94,48.9,14,39,35.9,14,16,87.5,13,36,49,30,20,5,3,24,-5,0,2026,"NO","home"
"341",22500221,"2025-11-12","regular",1610612756,"PHX","DAL","PHX",48,123,44,95,46.3,14,35,40,21,26,80.8,13,33,46,31,12,13,3,20,9,1,2026,"YES","away"
"342",22500221,"2025-11-12","regular",1610612742,"DAL","DAL","PHX",48,114,43,86,50,17,47,36.2,11,17,64.7,8,37,45,32,21,10,10,23,-9,0,2026,"NO","home"
"343",22500222,"2025-11-12","regular",1610612760,"OKC","OKC","LAL",48,121,44,88,50,12,39,30.8,21,23,91.3,6,36,42,28,11,14,4,19,29,1,2026,"YES","home"
"344",22500222,"2025-11-12","regular",1610612747,"LAL","OKC","LAL",48,92,31,77,40.3,11,35,31.4,19,28,67.9,9,33,42,19,20,9,0,19,-29,0,2026,"NO","away"
"345",22500223,"2025-11-12","regular",1610612737,"ATL","SAC","ATL",48,133,49,85,57.6,17,40,42.5,18,22,81.8,7,38,45,42,21,14,6,20,33,1,2026,"YES","away"
"346",22500223,"2025-11-12","regular",1610612758,"SAC","SAC","ATL",48,100,36,92,39.1,14,39,35.9,14,18,77.8,9,26,35,22,20,7,1,19,-33,0,2026,"NO","home"
"347",22500224,"2025-11-12","regular",1610612743,"DEN","LAC","DEN",48,130,44,84,52.4,13,34,38.2,29,35,82.9,11,31,42,22,12,9,3,14,14,1,2026,"YES","away"
"348",22500224,"2025-11-12","regular",1610612746,"LAC","LAC","DEN",48,116,41,84,48.8,16,37,43.2,18,19,94.7,11,25,36,28,15,4,7,30,-14,0,2026,"NO","home"
"349",22500225,"2025-11-13","regular",1610612761,"TOR","CLE","TOR",48,126,49,88,55.7,12,31,38.7,16,17,94.1,11,32,43,37,14,6,7,20,13,1,2026,"YES","away"
"350",22500225,"2025-11-13","regular",1610612739,"CLE","CLE","TOR",48,113,41,91,45.1,10,41,24.4,21,26,80.8,14,23,37,26,12,7,6,20,-13,0,2026,"NO","home"
"351",22500226,"2025-11-13","regular",1610612756,"PHX","PHX","IND",48,133,49,85,57.6,13,35,37.1,22,27,81.5,10,33,43,19,11,6,6,24,35,1,2026,"YES","home"
"352",22500226,"2025-11-13","regular",1610612754,"IND","PHX","IND",48,98,32,88,36.4,7,25,28,27,29,93.1,16,25,41,20,12,4,3,22,-35,0,2026,"NO","away"
"353",22500227,"2025-11-13","regular",1610612737,"ATL","UTA","ATL",48,132,46,90,51.1,24,47,51.1,16,22,72.7,9,34,43,36,18,18,6,18,10,1,2026,"YES","away"
"354",22500227,"2025-11-13","regular",1610612762,"UTA","UTA","ATL",48,122,45,92,48.9,19,44,43.2,13,21,61.9,14,35,49,39,24,9,5,19,-10,0,2026,"NO","home"
"355",22500039,"2025-11-14","regular",1610612752,"NYK","NYK","MIA",48,140,48,104,46.2,21,53,39.6,23,29,79.3,20,31,51,32,8,9,2,23,8,1,2026,"YES","home"
"356",22500039,"2025-11-14","regular",1610612748,"MIA","NYK","MIA",48,132,44,95,46.3,19,44,43.2,25,34,73.5,15,31,46,30,11,4,5,23,-8,0,2026,"NO","away"
"357",22500040,"2025-11-14","regular",1610612753,"ORL","ORL","BKN",48,105,36,78,46.2,15,39,38.5,18,21,85.7,7,39,46,21,19,3,5,16,7,1,2026,"YES","home"
"358",22500040,"2025-11-14","regular",1610612751,"BKN","ORL","BKN",48,98,38,89,42.7,10,39,25.6,12,16,75,7,27,34,23,7,9,4,19,-7,0,2026,"NO","away"
"359",22500041,"2025-11-14","regular",1610612765,"DET","DET","PHI",48,114,41,92,44.6,17,41,41.5,15,18,83.3,13,33,46,32,14,9,7,17,9,1,2026,"YES","home"
"360",22500041,"2025-11-14","regular",1610612755,"PHI","DET","PHI",48,105,39,90,43.3,14,39,35.9,13,15,86.7,13,33,46,19,15,9,4,20,-9,0,2026,"NO","away"
"361",22500042,"2025-11-14","regular",1610612745,"HOU","HOU","POR",48,140,53,106,50,17,45,37.8,17,20,85,20,29,49,26,6,16,6,22,24,1,2026,"YES","home"
"362",22500042,"2025-11-14","regular",1610612757,"POR","HOU","POR",48,116,42,89,47.2,13,36,36.1,19,27,70.4,16,28,44,18,20,4,2,18,-24,0,2026,"NO","away"
"363",22500043,"2025-11-14","regular",1610612749,"MIL","MIL","CHA",53,147,55,85,64.7,20,34,58.8,17,22,77.3,5,34,39,37,22,10,3,25,13,1,2026,"YES","home"
"364",22500043,"2025-11-14","regular",1610612766,"CHA","MIL","CHA",53,134,47,98,48,17,45,37.8,23,29,79.3,10,29,39,31,13,11,1,21,-13,0,2026,"NO","away"
"365",22500044,"2025-11-14","regular",1610612750,"MIN","MIN","SAC",48,124,42,86,48.8,12,37,32.4,28,40,70,13,38,51,28,18,10,3,20,14,1,2026,"YES","home"
"366",22500044,"2025-11-14","regular",1610612758,"SAC","MIN","SAC",48,110,41,93,44.1,12,33,36.4,16,27,59.3,13,31,44,32,15,12,4,26,-14,0,2026,"NO","away"
"367",22500045,"2025-11-14","regular",1610612747,"LAL","NOP","LAL",48,118,44,84,52.4,10,34,29.4,20,26,76.9,10,35,45,28,18,13,5,17,14,1,2026,"YES","away"
"368",22500045,"2025-11-14","regular",1610612740,"NOP","NOP","LAL",48,104,39,89,43.8,12,34,35.3,14,18,77.8,12,30,42,24,20,11,3,23,-14,0,2026,"NO","home"
"369",22500046,"2025-11-14","regular",1610612746,"LAC","DAL","LAC",58,133,45,95,47.4,13,42,31,30,36,83.3,7,38,45,22,23,16,6,32,6,1,2026,"YES","away"
"370",22500046,"2025-11-14","regular",1610612742,"DAL","DAL","LAC",58,127,44,99,44.4,10,36,27.8,29,38,76.3,11,39,50,18,25,11,7,25,-6,0,2026,"NO","home"
"371",22500047,"2025-11-14","regular",1610612744,"GSW","SAS","GSW",48,109,38,90,42.2,17,45,37.8,16,18,88.9,15,24,39,18,15,9,8,20,1,1,2026,"YES","away"
"372",22500047,"2025-11-14","regular",1610612759,"SAS","SAS","GSW",48,108,39,85,45.9,14,38,36.8,16,19,84.2,11,36,47,28,21,8,6,19,-1,0,2026,"NO","home"
"373",22500228,"2025-11-15","regular",1610612739,"CLE","CLE","MEM",48,108,38,83,45.8,13,40,32.5,19,29,65.5,11,38,49,24,21,7,9,28,8,1,2026,"YES","home"
"374",22500228,"2025-11-15","regular",1610612763,"MEM","CLE","MEM",48,100,31,86,36,9,32,28.1,29,40,72.5,11,35,46,21,15,9,5,25,-8,0,2026,"NO","away"
"375",22500229,"2025-11-15","regular",1610612760,"OKC","CHA","OKC",48,109,45,89,50.6,11,23,47.8,8,10,80,13,37,50,26,14,9,6,15,13,1,2026,"YES","away"
"376",22500229,"2025-11-15","regular",1610612766,"CHA","CHA","OKC",48,96,37,96,38.5,16,42,38.1,6,7,85.7,12,30,42,23,15,6,5,10,-13,0,2026,"NO","home"
"377",22500230,"2025-11-15","regular",1610612761,"TOR","IND","TOR",48,129,48,87,55.2,7,30,23.3,26,42,61.9,8,38,46,29,14,13,3,20,18,1,2026,"YES","away"
"378",22500230,"2025-11-15","regular",1610612754,"IND","IND","TOR",48,111,37,87,42.5,15,43,34.9,22,27,81.5,7,33,40,22,16,5,3,25,-18,0,2026,"NO","home"
"379",22500231,"2025-11-15","regular",1610612747,"LAL","MIL","LAL",48,119,38,77,49.4,13,33,39.4,30,33,90.9,11,36,47,23,17,13,4,20,24,1,2026,"YES","away"
"380",22500231,"2025-11-15","regular",1610612749,"MIL","MIL","LAL",48,95,32,80,40,15,39,38.5,16,24,66.7,12,27,39,20,17,6,4,23,-24,0,2026,"NO","home"
"381",22500232,"2025-11-15","regular",1610612743,"DEN","MIN","DEN",48,123,39,83,47,14,29,48.3,31,38,81.6,10,37,47,29,13,9,6,19,11,1,2026,"YES","away"
"382",22500232,"2025-11-15","regular",1610612750,"MIN","MIN","DEN",48,112,41,88,46.6,10,34,29.4,20,23,87,8,32,40,23,13,9,7,27,-11,0,2026,"NO","home"
"383",22500233,"2025-11-16","regular",1610612738,"BOS","BOS","LAC",48,121,46,103,44.7,16,39,41,13,17,76.5,20,29,49,26,6,6,6,21,3,1,2026,"YES","home"
"384",22500233,"2025-11-16","regular",1610612746,"LAC","BOS","LAC",48,118,38,81,46.9,14,35,40,28,30,93.3,10,34,44,23,14,4,7,20,-3,0,2026,"NO","away"
"385",22500234,"2025-11-16","regular",1610612759,"SAS","SAS","SAC",48,123,47,87,54,14,38,36.8,15,18,83.3,9,37,46,38,15,7,4,17,13,1,2026,"YES","home"
"386",22500234,"2025-11-16","regular",1610612758,"SAC","SAS","SAC",48,110,41,87,47.1,12,33,36.4,16,22,72.7,5,32,37,25,12,10,3,17,-13,0,2026,"NO","away"
"387",22500235,"2025-11-16","regular",1610612751,"BKN","WAS","BKN",48,129,42,79,53.2,17,41,41.5,28,35,80,7,37,44,32,15,4,8,18,23,1,2026,"YES","away"
"388",22500235,"2025-11-16","regular",1610612764,"WAS","WAS","BKN",48,106,37,84,44,12,34,35.3,20,22,90.9,3,30,33,21,12,7,3,25,-23,0,2026,"NO","home"
"389",22500236,"2025-11-16","regular",1610612745,"HOU","HOU","ORL",53,117,42,100,42,8,20,40,25,29,86.2,19,41,60,19,15,4,4,23,4,1,2026,"YES","home"
"390",22500236,"2025-11-16","regular",1610612753,"ORL","HOU","ORL",53,113,38,91,41.8,12,37,32.4,25,34,73.5,9,29,38,21,8,11,9,22,-4,0,2026,"NO","away"
"391",22500237,"2025-11-16","regular",1610612744,"GSW","NOP","GSW",48,124,43,94,45.7,24,56,42.9,14,17,82.4,16,31,47,34,21,14,4,23,18,1,2026,"YES","away"
"392",22500237,"2025-11-16","regular",1610612740,"NOP","NOP","GSW",48,106,38,83,45.8,8,29,27.6,22,29,75.9,15,30,45,22,21,11,4,16,-18,0,2026,"NO","home"
"393",22500238,"2025-11-16","regular",1610612742,"DAL","DAL","POR",53,138,48,95,50.5,15,34,44.1,27,40,67.5,13,34,47,33,15,7,9,22,5,1,2026,"YES","home"
"394",22500238,"2025-11-16","regular",1610612757,"POR","DAL","POR",53,133,46,113,40.7,14,47,29.8,27,32,84.4,22,31,53,26,12,8,5,32,-5,0,2026,"NO","away"
"395",22500239,"2025-11-16","regular",1610612737,"ATL","PHX","ATL",48,124,45,85,52.9,14,43,32.6,20,24,83.3,9,25,34,35,17,11,3,19,2,1,2026,"YES","away"
"396",22500239,"2025-11-16","regular",1610612756,"PHX","PHX","ATL",48,122,47,97,48.5,10,30,33.3,18,19,94.7,16,31,47,23,17,9,3,24,-2,0,2026,"NO","home"
"397",22500240,"2025-11-16","regular",1610612762,"UTA","UTA","CHI",58,150,49,111,44.1,18,49,36.7,34,41,82.9,12,41,53,29,9,13,6,28,3,1,2026,"YES","home"
"398",22500240,"2025-11-16","regular",1610612741,"CHI","UTA","CHI",58,147,49,108,45.4,19,50,38,30,32,93.8,12,48,60,38,17,7,10,29,-3,0,2026,"NO","away"
"399",22500241,"2025-11-17","regular",1610612739,"CLE","CLE","MIL",48,118,44,79,55.7,15,35,42.9,15,21,71.4,4,41,45,25,18,7,5,17,12,1,2026,"YES","home"
"400",22500241,"2025-11-17","regular",1610612749,"MIL","CLE","MIL",48,106,39,93,41.9,17,36,47.2,11,15,73.3,7,27,34,26,15,9,1,17,-12,0,2026,"NO","away"
"401",22500242,"2025-11-17","regular",1610612765,"DET","DET","IND",48,127,48,88,54.5,9,35,25.7,22,30,73.3,14,29,43,29,17,9,8,28,15,1,2026,"YES","home"
"402",22500242,"2025-11-17","regular",1610612754,"IND","DET","IND",48,112,35,84,41.7,9,31,29,33,45,73.3,20,23,43,19,21,8,5,26,-15,0,2026,"NO","away"
"403",22500243,"2025-11-17","regular",1610612755,"PHI","PHI","LAC",48,110,39,84,46.4,11,33,33.3,21,30,70,9,36,45,26,9,7,4,20,2,1,2026,"YES","home"
"404",22500243,"2025-11-17","regular",1610612746,"LAC","PHI","LAC",48,108,35,87,40.2,12,39,30.8,26,27,96.3,8,37,45,18,10,6,3,26,-2,0,2026,"NO","away"
"405",22500244,"2025-11-17","regular",1610612748,"MIA","MIA","NYK",48,115,45,101,44.6,14,35,40,11,13,84.6,7,33,40,29,14,5,5,21,2,1,2026,"YES","home"
"406",22500244,"2025-11-17","regular",1610612752,"NYK","MIA","NYK",48,113,43,94,45.7,9,36,25,18,24,75,11,37,48,23,17,7,7,18,-2,0,2026,"NO","away"
"407",22500245,"2025-11-17","regular",1610612761,"TOR","TOR","CHA",48,110,44,88,50,10,25,40,12,16,75,8,35,43,25,17,8,7,21,2,1,2026,"YES","home"
"408",22500245,"2025-11-17","regular",1610612766,"CHA","TOR","CHA",48,108,37,87,42.5,10,40,25,24,30,80,14,34,48,19,16,11,9,14,-2,0,2026,"NO","away"
"409",22500246,"2025-11-17","regular",1610612750,"MIN","MIN","DAL",48,120,44,97,45.4,14,44,31.8,18,25,72,14,45,59,27,17,16,5,24,24,1,2026,"YES","home"
"410",22500246,"2025-11-17","regular",1610612742,"DAL","MIN","DAL",48,96,34,85,40,9,30,30,19,31,61.3,10,33,43,13,20,7,4,22,-24,0,2026,"NO","away"
"411",22500247,"2025-11-17","regular",1610612760,"OKC","NOP","OKC",48,126,43,87,49.4,17,42,40.5,23,28,82.1,13,25,38,30,18,12,6,20,17,1,2026,"YES","away"
"412",22500247,"2025-11-17","regular",1610612740,"NOP","NOP","OKC",48,109,42,86,48.8,12,28,42.9,13,15,86.7,12,23,35,21,22,9,4,26,-17,0,2026,"NO","home"
"413",22500248,"2025-11-17","regular",1610612741,"CHI","DEN","CHI",48,130,48,102,47.1,19,53,35.8,15,19,78.9,13,40,53,31,9,5,4,18,3,1,2026,"YES","away"
"414",22500248,"2025-11-17","regular",1610612743,"DEN","DEN","CHI",48,127,46,97,47.4,14,36,38.9,21,25,84,13,40,53,21,8,6,5,14,-3,0,2026,"NO","home"
"415",22500249,"2025-11-18","regular",1610612753,"ORL","ORL","GSW",48,121,43,85,50.6,8,32,25,27,29,93.1,10,33,43,28,14,14,3,20,8,1,2026,"YES","home"
"416",22500249,"2025-11-18","regular",1610612744,"GSW","ORL","GSW",48,113,39,78,50,13,36,36.1,22,28,78.6,6,30,36,26,18,11,3,18,-8,0,2026,"NO","away"
"417",22500250,"2025-11-18","regular",1610612738,"BOS","BKN","BOS",48,113,37,75,49.3,19,42,45.2,20,26,76.9,10,39,49,25,20,6,5,24,14,1,2026,"YES","away"
"418",22500250,"2025-11-18","regular",1610612751,"BKN","BKN","BOS",48,99,33,82,40.2,14,38,36.8,19,27,70.4,12,27,39,25,14,12,2,22,-14,0,2026,"NO","home"
"419",22500251,"2025-11-18","regular",1610612765,"DET","ATL","DET",48,120,45,83,54.2,10,31,32.3,20,24,83.3,7,32,39,28,15,12,4,16,8,1,2026,"YES","away"
"420",22500251,"2025-11-18","regular",1610612737,"ATL","ATL","DET",48,112,42,87,48.3,15,44,34.1,13,15,86.7,11,24,35,31,19,9,5,24,-8,0,2026,"NO","home"
"421",22500252,"2025-11-18","regular",1610612759,"SAS","SAS","MEM",48,111,42,87,48.3,16,42,38.1,11,13,84.6,4,34,38,23,9,10,3,16,10,1,2026,"YES","home"
"422",22500252,"2025-11-18","regular",1610612763,"MEM","SAS","MEM",48,101,42,104,40.4,12,39,30.8,5,9,55.6,21,38,59,30,14,6,4,15,-10,0,2026,"NO","away"
"423",22500253,"2025-11-18","regular",1610612747,"LAL","LAL","UTA",48,140,50,84,59.5,11,32,34.4,29,40,72.5,11,30,41,31,17,9,1,21,14,1,2026,"YES","home"
"424",22500253,"2025-11-18","regular",1610612762,"UTA","LAL","UTA",48,126,48,92,52.2,13,45,28.9,17,18,94.4,8,25,33,33,18,13,2,30,-14,0,2026,"NO","away"
"425",22500254,"2025-11-18","regular",1610612756,"PHX","POR","PHX",48,127,47,98,48,14,40,35,19,22,86.4,18,28,46,24,18,19,4,27,17,1,2026,"YES","away"
"426",22500254,"2025-11-18","regular",1610612757,"POR","POR","PHX",48,110,42,97,43.3,10,41,24.4,16,20,80,15,28,43,24,20,7,6,12,-17,0,2026,"NO","home"
"427",22500255,"2025-11-19","regular",1610612745,"HOU","CLE","HOU",48,114,41,90,45.6,9,24,37.5,23,27,85.2,16,35,51,23,13,9,4,23,10,1,2026,"YES","away"
"428",22500255,"2025-11-19","regular",1610612739,"CLE","CLE","HOU",48,104,36,81,44.4,12,39,30.8,20,32,62.5,10,29,39,20,12,4,5,18,-10,0,2026,"NO","home"
"429",22500256,"2025-11-19","regular",1610612754,"IND","IND","CHA",48,127,46,85,54.1,16,38,42.1,19,23,82.6,10,33,43,32,16,5,8,22,9,1,2026,"YES","home"
"430",22500256,"2025-11-19","regular",1610612766,"CHA","IND","CHA",48,118,43,107,40.2,13,45,28.9,19,22,86.4,22,26,48,28,13,7,2,18,-9,0,2026,"NO","away"
"431",22500257,"2025-11-19","regular",1610612748,"MIA","MIA","GSW",48,110,39,96,40.6,13,35,37.1,19,26,73.1,14,38,52,30,14,10,3,17,14,1,2026,"YES","home"
"432",22500257,"2025-11-19","regular",1610612744,"GSW","MIA","GSW",48,96,34,95,35.8,13,49,26.5,15,20,75,20,42,62,24,23,8,5,20,-14,0,2026,"NO","away"
"433",22500258,"2025-11-19","regular",1610612761,"TOR","PHI","TOR",48,121,45,84,53.6,11,29,37.9,20,24,83.3,8,23,31,33,15,12,2,19,9,1,2026,"YES","away"
"434",22500258,"2025-11-19","regular",1610612755,"PHI","PHI","TOR",48,112,41,87,47.1,14,35,40,16,18,88.9,16,25,41,24,21,11,6,20,-9,0,2026,"NO","home"
"435",22500259,"2025-11-19","regular",1610612750,"MIN","MIN","WAS",48,120,42,94,44.7,13,38,34.2,23,32,71.9,19,31,50,28,10,11,4,15,11,1,2026,"YES","home"
"436",22500259,"2025-11-19","regular",1610612764,"WAS","MIN","WAS",48,109,43,88,48.9,14,32,43.8,9,12,75,12,31,43,25,17,6,6,26,-11,0,2026,"NO","away"
"437",22500260,"2025-11-19","regular",1610612743,"DEN","NOP","DEN",48,125,46,83,55.4,11,31,35.5,22,27,81.5,9,32,41,35,20,8,1,26,7,1,2026,"YES","away"
"438",22500260,"2025-11-19","regular",1610612740,"NOP","NOP","DEN",48,118,44,98,44.9,7,34,20.6,23,31,74.2,17,27,44,25,12,12,5,24,-7,0,2026,"NO","home"
"439",22500261,"2025-11-19","regular",1610612760,"OKC","OKC","SAC",48,113,41,88,46.6,10,38,26.3,21,23,91.3,9,36,45,22,16,9,10,21,14,1,2026,"YES","home"
"440",22500261,"2025-11-19","regular",1610612758,"SAC","OKC","SAC",48,99,38,86,44.2,8,28,28.6,15,23,65.2,12,33,45,21,18,12,0,22,-14,0,2026,"NO","away"
"441",22500262,"2025-11-19","regular",1610612752,"NYK","DAL","NYK",48,113,41,93,44.1,12,42,28.6,19,35,54.3,16,33,49,27,9,8,10,22,2,1,2026,"YES","away"
"442",22500262,"2025-11-19","regular",1610612742,"DAL","DAL","NYK",48,111,35,85,41.2,16,44,36.4,25,30,83.3,10,40,50,23,18,6,5,26,-2,0,2026,"NO","home"
"443",22500263,"2025-11-19","regular",1610612741,"CHI","POR","CHI",48,122,46,96,47.9,21,49,42.9,9,14,64.3,7,31,38,36,16,10,9,26,1,1,2026,"YES","away"
"444",22500263,"2025-11-19","regular",1610612757,"POR","POR","CHI",48,121,44,107,41.1,12,42,28.6,21,32,65.6,26,38,64,27,16,10,5,16,-1,0,2026,"NO","home"
"445",22500264,"2025-11-20","regular",1610612753,"ORL","ORL","LAC",48,129,45,94,47.9,18,34,52.9,21,24,87.5,12,39,51,32,11,12,4,17,28,1,2026,"YES","home"
"446",22500264,"2025-11-20","regular",1610612746,"LAC","ORL","LAC",48,101,36,89,40.4,14,36,38.9,15,19,78.9,10,33,43,20,21,7,6,20,-28,0,2026,"NO","away"
"447",22500265,"2025-11-20","regular",1610612763,"MEM","MEM","SAC",48,137,50,99,50.5,17,54,31.5,20,26,76.9,11,38,49,42,8,11,3,11,41,1,2026,"YES","home"
"448",22500265,"2025-11-20","regular",1610612758,"SAC","MEM","SAC",48,96,37,80,46.3,11,33,33.3,11,15,73.3,4,28,32,24,17,5,5,22,-41,0,2026,"NO","away"
"449",22500266,"2025-11-20","regular",1610612755,"PHI","MIL","PHI",53,123,42,97,43.3,18,53,34,21,26,80.8,11,41,52,30,14,9,6,15,9,1,2026,"YES","away"
"450",22500266,"2025-11-20","regular",1610612749,"MIL","MIL","PHI",53,114,45,92,48.9,14,36,38.9,10,13,76.9,3,39,42,30,14,7,2,19,-9,0,2026,"NO","home"
"451",22500267,"2025-11-20","regular",1610612759,"SAS","SAS","ATL",48,135,48,91,52.7,17,40,42.5,22,30,73.3,10,33,43,34,11,10,4,15,9,1,2026,"YES","home"
"452",22500267,"2025-11-20","regular",1610612737,"ATL","SAS","ATL",48,126,49,87,56.3,20,37,54.1,8,13,61.5,6,33,39,30,16,7,6,24,-9,0,2026,"NO","away"
"453",22500048,"2025-11-21","regular",1610612739,"CLE","CLE","IND",48,120,43,89,48.3,13,35,37.1,21,27,77.8,14,38,52,28,14,5,8,22,11,1,2026,"YES","home"
"454",22500048,"2025-11-21","regular",1610612754,"IND","CLE","IND",48,109,37,88,42,11,37,29.7,24,26,92.3,10,33,43,25,13,10,6,22,-11,0,2026,"NO","away"
"455",22500049,"2025-11-21","regular",1610612751,"BKN","BOS","BKN",48,113,43,82,52.4,13,33,39.4,14,21,66.7,7,34,41,31,14,5,6,17,8,1,2026,"YES","away"
"456",22500049,"2025-11-21","regular",1610612738,"BOS","BOS","BKN",48,105,42,90,46.7,11,34,32.4,10,14,71.4,14,30,44,24,13,7,1,25,-8,0,2026,"NO","home"
"457",22500050,"2025-11-21","regular",1610612761,"TOR","TOR","WAS",48,140,48,83,57.8,14,28,50,30,39,76.9,13,35,48,36,15,13,4,20,30,1,2026,"YES","home"
"458",22500050,"2025-11-21","regular",1610612764,"WAS","TOR","WAS",48,110,39,86,45.3,12,41,29.3,20,24,83.3,7,22,29,26,18,9,4,22,-30,0,2026,"NO","away"
"459",22500051,"2025-11-21","regular",1610612748,"MIA","CHI","MIA",48,143,47,100,47,14,38,36.8,35,44,79.5,15,38,53,35,10,13,7,22,36,1,2026,"YES","away"
"460",22500051,"2025-11-21","regular",1610612741,"CHI","CHI","MIA",48,107,37,90,41.1,12,43,27.9,21,28,75,8,31,39,26,18,5,13,27,-36,0,2026,"NO","home"
"461",22500052,"2025-11-21","regular",1610612742,"DAL","DAL","NOP",48,118,40,84,47.6,16,43,37.2,22,28,78.6,11,36,47,30,20,9,9,19,3,1,2026,"YES","home"
"462",22500052,"2025-11-21","regular",1610612740,"NOP","DAL","NOP",48,115,42,91,46.2,7,27,25.9,24,31,77.4,9,33,42,25,13,15,4,20,-3,0,2026,"NO","away"
"463",22500053,"2025-11-21","regular",1610612756,"PHX","PHX","MIN",48,114,39,81,48.1,14,31,45.2,22,29,75.9,15,30,45,25,28,13,2,29,1,1,2026,"YES","home"
"464",22500053,"2025-11-21","regular",1610612750,"MIN","PHX","MIN",48,113,39,86,45.3,12,37,32.4,23,33,69.7,14,23,37,18,22,17,4,23,-1,0,2026,"NO","away"
"465",22500054,"2025-11-21","regular",1610612743,"DEN","HOU","DEN",48,112,40,76,52.6,11,29,37.9,21,27,77.8,11,27,38,28,15,8,7,20,3,1,2026,"YES","away"
"466",22500054,"2025-11-21","regular",1610612745,"HOU","HOU","DEN",48,109,41,93,44.1,14,36,38.9,13,20,65,18,23,41,21,16,8,2,22,-3,0,2026,"NO","home"
"467",22500055,"2025-11-21","regular",1610612760,"OKC","UTA","OKC",48,144,51,83,61.4,23,37,62.2,19,25,76,3,23,26,36,14,15,4,16,32,1,2026,"YES","away"
"468",22500055,"2025-11-21","regular",1610612762,"UTA","UTA","OKC",48,112,38,79,48.1,16,38,42.1,20,24,83.3,12,27,39,30,28,10,3,25,-32,0,2026,"NO","home"
"469",22500056,"2025-11-21","regular",1610612757,"POR","GSW","POR",48,127,42,88,47.7,16,45,35.6,27,32,84.4,21,31,52,31,21,8,5,25,4,1,2026,"YES","away"
"470",22500056,"2025-11-21","regular",1610612744,"GSW","GSW","POR",48,123,40,83,48.2,17,43,39.5,26,30,86.7,9,23,32,29,14,14,4,25,-4,0,2026,"NO","home"
"471",22500268,"2025-11-22","regular",1610612746,"LAC","CHA","LAC",48,131,46,90,51.1,19,43,44.2,20,24,83.3,11,30,41,30,10,8,2,19,15,1,2026,"YES","away"
"472",22500268,"2025-11-22","regular",1610612766,"CHA","CHA","LAC",48,116,41,85,48.2,11,36,30.6,23,26,88.5,11,27,38,24,11,5,2,20,-15,0,2026,"NO","home"
"473",22500269,"2025-11-22","regular",1610612753,"ORL","ORL","NYK",48,133,47,85,55.3,13,33,39.4,26,30,86.7,11,25,36,28,14,5,2,26,12,1,2026,"YES","home"
"474",22500269,"2025-11-22","regular",1610612752,"NYK","ORL","NYK",48,121,43,79,54.4,13,37,35.1,22,28,78.6,9,27,36,28,17,5,4,28,-12,0,2026,"NO","away"
"475",22500270,"2025-11-22","regular",1610612737,"ATL","NOP","ATL",48,115,42,90,46.7,17,46,37,14,19,73.7,10,32,42,28,7,6,7,20,17,1,2026,"YES","away"
"476",22500270,"2025-11-22","regular",1610612740,"NOP","NOP","ATL",48,98,35,84,41.7,8,27,29.6,20,24,83.3,13,35,48,21,18,5,6,17,-17,0,2026,"NO","home"
"477",22500271,"2025-11-22","regular",1610612741,"CHI","CHI","WAS",48,121,42,100,42,12,44,27.3,25,30,83.3,17,37,54,26,10,5,5,15,1,1,2026,"YES","home"
"478",22500271,"2025-11-22","regular",1610612764,"WAS","CHI","WAS",48,120,44,96,45.8,16,36,44.4,16,20,80,15,40,55,33,15,9,4,23,-1,0,2026,"NO","away"
"479",22500272,"2025-11-22","regular",1610612765,"DET","MIL","DET",48,129,49,78,62.8,16,30,53.3,15,24,62.5,1,31,32,31,14,10,6,17,13,1,2026,"YES","away"
"480",22500272,"2025-11-22","regular",1610612749,"MIL","MIL","DET",48,116,43,84,51.2,20,43,46.5,10,12,83.3,6,29,35,29,17,8,7,19,-13,0,2026,"NO","home"
"481",22500273,"2025-11-22","regular",1610612763,"MEM","DAL","MEM",48,102,37,92,40.2,8,31,25.8,20,24,83.3,23,38,61,26,13,5,5,18,6,1,2026,"YES","away"
"482",22500273,"2025-11-22","regular",1610612742,"DAL","DAL","MEM",48,96,35,91,38.5,12,36,33.3,14,16,87.5,11,30,41,19,10,4,9,21,-6,0,2026,"NO","home"
"483",22500274,"2025-11-22","regular",1610612758,"SAC","DEN","SAC",48,128,48,91,52.7,10,30,33.3,22,23,95.7,9,28,37,32,7,8,3,20,5,1,2026,"YES","away"
"484",22500274,"2025-11-22","regular",1610612743,"DEN","DEN","SAC",48,123,45,92,48.9,14,37,37.8,19,23,82.6,11,27,38,28,13,1,3,21,-5,0,2026,"NO","home"
"485",22500275,"2025-11-23","regular",1610612748,"MIA","PHI","MIA",48,127,48,98,49,11,32,34.4,20,30,66.7,18,40,58,32,13,7,2,17,10,1,2026,"YES","away"
"486",22500275,"2025-11-23","regular",1610612755,"PHI","PHI","MIA",48,117,44,98,44.9,14,41,34.1,15,19,78.9,15,32,47,28,15,7,9,21,-10,0,2026,"NO","home"
"487",22500276,"2025-11-23","regular",1610612737,"ATL","ATL","CHA",48,113,45,91,49.5,11,31,35.5,12,16,75,10,27,37,32,9,6,5,21,3,1,2026,"YES","home"
"488",22500276,"2025-11-23","regular",1610612766,"CHA","ATL","CHA",48,110,39,86,45.3,14,44,31.8,18,20,90,9,34,43,26,16,4,2,15,-3,0,2026,"NO","away"
"489",22500277,"2025-11-23","regular",1610612738,"BOS","BOS","ORL",48,138,53,88,60.2,15,33,45.5,17,22,77.3,7,30,37,29,5,6,8,21,9,1,2026,"YES","home"
"490",22500277,"2025-11-23","regular",1610612753,"ORL","BOS","ORL",48,129,47,100,47,16,38,42.1,19,24,79.2,18,26,44,33,8,3,4,17,-9,0,2026,"NO","away"
"491",22500278,"2025-11-23","regular",1610612739,"CLE","CLE","LAC",48,120,45,87,51.7,17,45,37.8,13,20,65,8,33,41,28,14,10,4,22,15,1,2026,"YES","home"
"492",22500278,"2025-11-23","regular",1610612746,"LAC","CLE","LAC",48,105,37,80,46.3,8,26,30.8,23,26,88.5,12,28,40,23,16,6,2,17,-15,0,2026,"NO","away"
"493",22500279,"2025-11-23","regular",1610612761,"TOR","TOR","BKN",48,119,39,84,46.4,15,30,50,26,29,89.7,6,26,32,30,9,12,4,22,10,1,2026,"YES","home"
"494",22500279,"2025-11-23","regular",1610612751,"BKN","TOR","BKN",48,109,35,75,46.7,12,34,35.3,27,31,87.1,10,30,40,23,19,5,7,20,-10,0,2026,"NO","away"
"495",22500280,"2025-11-23","regular",1610612760,"OKC","OKC","POR",48,122,45,85,52.9,15,36,41.7,17,23,73.9,12,37,49,33,14,9,8,23,27,1,2026,"YES","home"
"496",22500280,"2025-11-23","regular",1610612757,"POR","OKC","POR",48,95,34,92,37,12,47,25.5,15,21,71.4,16,29,45,18,17,8,4,19,-27,0,2026,"NO","away"
"497",22500281,"2025-11-23","regular",1610612756,"PHX","PHX","SAS",48,111,43,97,44.3,14,38,36.8,11,16,68.8,11,32,43,27,6,10,6,23,9,1,2026,"YES","home"
"498",22500281,"2025-11-23","regular",1610612759,"SAS","PHX","SAS",48,102,32,77,41.6,10,34,29.4,28,34,82.4,14,36,50,17,19,4,4,17,-9,0,2026,"NO","away"
"499",22500282,"2025-11-23","regular",1610612747,"LAL","UTA","LAL",48,108,38,86,44.2,10,38,26.3,22,27,81.5,5,40,45,23,14,7,4,18,2,1,2026,"YES","away"
"500",22500282,"2025-11-23","regular",1610612762,"UTA","UTA","LAL",48,106,40,94,42.6,13,40,32.5,13,18,72.2,10,35,45,27,14,7,2,21,-2,0,2026,"NO","home"
"501",22500283,"2025-11-24","regular",1610612765,"DET","IND","DET",48,122,42,84,50,9,25,36,29,37,78.4,14,31,45,24,17,8,4,27,5,1,2026,"YES","away"
"502",22500283,"2025-11-24","regular",1610612754,"IND","IND","DET",48,117,39,82,47.6,13,31,41.9,26,34,76.5,5,25,30,22,13,11,4,27,-5,0,2026,"NO","home"
"503",22500284,"2025-11-24","regular",1610612761,"TOR","TOR","CLE",48,110,44,90,48.9,10,36,27.8,12,18,66.7,10,41,51,28,16,8,1,14,11,1,2026,"YES","home"
"504",22500284,"2025-11-24","regular",1610612739,"CLE","TOR","CLE",48,99,36,87,41.4,14,48,29.2,13,13,100,4,33,37,27,12,11,4,13,-11,0,2026,"NO","away"
"505",22500285,"2025-11-24","regular",1610612752,"NYK","BKN","NYK",48,113,45,88,51.1,12,35,34.3,11,14,78.6,9,34,43,28,8,6,6,21,13,1,2026,"YES","away"
"506",22500285,"2025-11-24","regular",1610612751,"BKN","BKN","NYK",48,100,33,87,37.9,14,48,29.2,20,28,71.4,13,31,44,19,10,5,1,14,-13,0,2026,"NO","home"
"507",22500286,"2025-11-24","regular",1610612748,"MIA","MIA","DAL",48,106,42,94,44.7,5,27,18.5,17,24,70.8,14,39,53,22,14,8,7,16,4,1,2026,"YES","home"
"508",22500286,"2025-11-24","regular",1610612742,"DAL","MIA","DAL",48,102,38,97,39.2,12,40,30,14,16,87.5,15,35,50,22,16,8,5,19,-4,0,2026,"NO","away"
"509",22500287,"2025-11-24","regular",1610612743,"DEN","MEM","DEN",48,125,46,91,50.5,22,43,51.2,11,14,78.6,14,32,46,32,14,5,3,15,10,1,2026,"YES","away"
"510",22500287,"2025-11-24","regular",1610612763,"MEM","MEM","DEN",48,115,43,93,46.2,16,47,34,13,15,86.7,11,29,40,33,11,6,4,16,-10,0,2026,"NO","home"
"511",22500288,"2025-11-24","regular",1610612757,"POR","MIL","POR",48,115,36,79,45.6,18,43,41.9,25,33,75.8,12,36,48,24,16,8,8,16,12,1,2026,"YES","away"
"512",22500288,"2025-11-24","regular",1610612749,"MIL","MIL","POR",48,103,38,86,44.2,13,37,35.1,14,18,77.8,8,31,39,22,13,10,5,26,-12,0,2026,"NO","home"
"513",22500289,"2025-11-24","regular",1610612740,"NOP","NOP","CHI",48,143,53,104,51,13,35,37.1,24,35,68.6,19,36,55,28,14,13,5,21,13,1,2026,"YES","home"
"514",22500289,"2025-11-24","regular",1610612741,"CHI","NOP","CHI",48,130,43,82,52.4,20,50,40,24,32,75,4,29,33,29,17,4,3,21,-13,0,2026,"NO","away"
"515",22500290,"2025-11-24","regular",1610612745,"HOU","PHX","HOU",48,114,43,88,48.9,13,31,41.9,15,17,88.2,12,29,41,26,16,13,4,20,22,1,2026,"YES","away"
"516",22500290,"2025-11-24","regular",1610612756,"PHX","PHX","HOU",48,92,33,80,41.3,13,37,35.1,13,19,68.4,13,26,39,11,21,9,4,20,-22,0,2026,"NO","home"
"517",22500291,"2025-11-24","regular",1610612744,"GSW","GSW","UTA",48,134,51,104,49,19,52,36.5,13,18,72.2,16,34,50,34,10,11,5,14,17,1,2026,"YES","home"
"518",22500291,"2025-11-24","regular",1610612762,"UTA","GSW","UTA",48,117,47,99,47.5,11,36,30.6,12,18,66.7,14,33,47,32,14,7,6,14,-17,0,2026,"NO","away"
"519",22500292,"2025-11-24","regular",1610612758,"SAC","SAC","MIN",53,117,42,97,43.3,7,26,26.9,26,28,92.9,11,38,49,27,12,9,3,21,5,1,2026,"YES","home"
"520",22500292,"2025-11-24","regular",1610612750,"MIN","SAC","MIN",53,112,40,97,41.2,13,42,31,19,22,86.4,15,40,55,21,16,9,4,28,-5,0,2026,"NO","away"
"521",22500057,"2025-11-25","regular",1610612764,"WAS","WAS","ATL",48,132,48,84,57.1,19,38,50,17,26,65.4,6,30,36,30,13,13,8,19,19,1,2026,"YES","home"
"522",22500057,"2025-11-25","regular",1610612737,"ATL","WAS","ATL",48,113,43,95,45.3,15,43,34.9,12,16,75,14,30,44,33,19,4,6,19,-19,0,2026,"NO","away"
"523",22500058,"2025-11-25","regular",1610612753,"ORL","PHI","ORL",48,144,54,101,53.5,13,34,38.2,23,28,82.1,15,32,47,38,12,10,4,20,41,1,2026,"YES","away"
"524",22500058,"2025-11-25","regular",1610612755,"PHI","PHI","ORL",48,103,37,82,45.1,9,25,36,20,22,90.9,8,30,38,22,21,7,4,20,-41,0,2026,"NO","home"
"525",22500059,"2025-11-25","regular",1610612747,"LAL","LAL","LAC",48,135,50,87,57.5,13,29,44.8,22,26,84.6,12,26,38,29,11,9,4,22,17,1,2026,"YES","home"
"526",22500059,"2025-11-25","regular",1610612746,"LAC","LAL","LAC",48,118,42,81,51.9,13,35,37.1,21,24,87.5,7,22,29,24,16,7,2,22,-17,0,2026,"NO","away"
"527",22500060,"2025-11-26","regular",1610612738,"BOS","BOS","DET",48,117,38,87,43.7,20,43,46.5,21,24,87.5,12,32,44,24,13,9,7,27,3,1,2026,"YES","home"
"528",22500060,"2025-11-26","regular",1610612765,"DET","BOS","DET",48,114,37,93,39.8,11,36,30.6,29,36,80.6,21,35,56,20,13,5,7,18,-3,0,2026,"NO","away"
"529",22500061,"2025-11-26","regular",1610612752,"NYK","CHA","NYK",48,129,50,88,56.8,13,25,52,16,18,88.9,8,33,41,26,15,12,4,22,28,1,2026,"YES","away"
"530",22500061,"2025-11-26","regular",1610612766,"CHA","CHA","NYK",48,101,35,85,41.2,13,43,30.2,18,24,75,9,26,35,15,17,5,3,16,-28,0,2026,"NO","home"
"531",22500062,"2025-11-26","regular",1610612748,"MIA","MIA","MIL",48,106,39,85,45.9,10,36,27.8,18,20,90,9,38,47,32,14,9,7,10,3,1,2026,"YES","home"
"532",22500062,"2025-11-26","regular",1610612749,"MIL","MIA","MIL",48,103,40,95,42.1,14,42,33.3,9,14,64.3,11,36,47,31,14,7,1,15,-3,0,2026,"NO","away"
"533",22500063,"2025-11-26","regular",1610612761,"TOR","TOR","IND",48,97,35,90,38.9,5,26,19.2,22,27,81.5,12,36,48,18,13,9,4,19,2,1,2026,"YES","home"
"534",22500063,"2025-11-26","regular",1610612754,"IND","TOR","IND",48,95,35,78,44.9,11,33,33.3,14,23,60.9,3,40,43,20,18,7,7,22,-2,0,2026,"NO","away"
"535",22500064,"2025-11-26","regular",1610612760,"OKC","OKC","MIN",48,113,38,80,47.5,7,26,26.9,30,38,78.9,5,34,39,19,9,8,3,25,8,1,2026,"YES","home"
"536",22500064,"2025-11-26","regular",1610612750,"MIN","OKC","MIN",48,105,33,80,41.3,17,37,45.9,22,37,59.5,12,32,44,25,16,4,5,25,-8,0,2026,"NO","away"
"537",22500065,"2025-11-26","regular",1610612763,"MEM","NOP","MEM",53,133,52,97,53.6,17,37,45.9,12,14,85.7,11,38,49,38,16,9,8,18,5,1,2026,"YES","away"
"538",22500065,"2025-11-26","regular",1610612740,"NOP","NOP","MEM",53,128,50,101,49.5,19,45,42.2,9,10,90,10,30,40,34,15,10,9,18,-5,0,2026,"NO","home"
"539",22500066,"2025-11-26","regular",1610612745,"HOU","GSW","HOU",48,104,39,99,39.4,11,39,28.2,15,24,62.5,25,28,53,24,10,7,3,20,4,1,2026,"YES","away"
"540",22500066,"2025-11-26","regular",1610612744,"GSW","GSW","HOU",48,100,35,82,42.7,12,43,27.9,18,21,85.7,13,34,47,25,16,8,5,26,-4,0,2026,"NO","home"
"541",22500067,"2025-11-26","regular",1610612759,"SAS","POR","SAS",48,115,41,101,40.6,11,33,33.3,22,25,88,20,37,57,17,9,12,6,22,13,1,2026,"YES","away"
"542",22500067,"2025-11-26","regular",1610612757,"POR","POR","SAS",48,102,37,87,42.5,9,36,25,19,30,63.3,12,36,48,21,18,3,9,22,-13,0,2026,"NO","home"
"543",22500068,"2025-11-26","regular",1610612756,"PHX","SAC","PHX",48,112,42,91,46.2,14,42,33.3,14,20,70,17,30,47,25,17,14,5,14,12,1,2026,"YES","away"
"544",22500068,"2025-11-26","regular",1610612758,"SAC","SAC","PHX",48,100,40,86,46.5,12,34,35.3,8,10,80,9,32,41,20,19,9,6,17,-12,0,2026,"NO","home"
"545",22500069,"2025-11-28","regular",1610612737,"ATL","ATL","CLE",48,130,48,91,52.7,16,43,37.2,18,26,69.2,6,32,38,36,14,11,5,14,7,1,2026,"YES","home"
"546",22500069,"2025-11-28","regular",1610612739,"CLE","ATL","CLE",48,123,44,95,46.3,17,39,43.6,18,20,90,14,34,48,29,17,9,4,17,-7,0,2026,"NO","away"
"547",22500070,"2025-11-28","regular",1610612755,"PHI","BKN","PHI",48,115,43,88,48.9,11,37,29.7,18,20,90,9,32,41,28,12,12,7,20,12,1,2026,"YES","away"
"548",22500070,"2025-11-28","regular",1610612751,"BKN","BKN","PHI",48,103,34,85,40,13,43,30.2,22,26,84.6,14,27,41,21,18,5,5,16,-12,0,2026,"NO","home"
"549",22500071,"2025-11-28","regular",1610612766,"CHA","CHA","CHI",48,123,44,97,45.4,15,45,33.3,20,24,83.3,10,36,46,28,14,6,10,19,7,1,2026,"YES","home"
"550",22500071,"2025-11-28","regular",1610612741,"CHI","CHA","CHI",48,116,46,97,47.4,8,36,22.2,16,20,80,10,34,44,31,11,8,1,18,-7,0,2026,"NO","away"
"551",22500072,"2025-11-28","regular",1610612753,"ORL","DET","ORL",48,112,40,97,41.2,5,30,16.7,27,32,84.4,14,30,44,14,14,15,7,25,3,1,2026,"YES","away"
"552",22500072,"2025-11-28","regular",1610612765,"DET","DET","ORL",48,109,37,84,44,11,28,39.3,24,31,77.4,14,35,49,22,24,7,8,27,-3,0,2026,"NO","home"
"553",22500073,"2025-11-28","regular",1610612754,"IND","IND","WAS",48,119,48,92,52.2,13,34,38.2,10,13,76.9,10,40,50,27,16,9,8,16,33,1,2026,"YES","home"
"554",22500073,"2025-11-28","regular",1610612764,"WAS","IND","WAS",48,86,33,84,39.3,7,32,21.9,13,20,65,11,31,42,18,17,6,7,17,-33,0,2026,"NO","away"
"555",22500074,"2025-11-28","regular",1610612752,"NYK","NYK","MIL",48,118,38,84,45.2,14,34,41.2,28,33,84.8,14,30,44,25,13,10,2,21,9,1,2026,"YES","home"
"556",22500074,"2025-11-28","regular",1610612749,"MIL","NYK","MIL",48,109,37,71,52.1,18,41,43.9,17,25,68,5,30,35,24,15,9,4,26,-9,0,2026,"NO","away"
"557",22500075,"2025-11-28","regular",1610612760,"OKC","OKC","PHX",48,123,42,87,48.3,15,32,46.9,24,28,85.7,3,34,37,27,10,9,3,22,4,1,2026,"YES","home"
"558",22500075,"2025-11-28","regular",1610612756,"PHX","OKC","PHX",48,119,42,92,45.7,15,44,34.1,20,24,83.3,13,38,51,20,20,7,4,24,-4,0,2026,"NO","away"
"559",22500076,"2025-11-28","regular",1610612759,"SAS","DEN","SAS",48,139,46,94,48.9,17,42,40.5,30,32,93.8,12,23,35,30,9,10,5,27,3,1,2026,"YES","away"
"560",22500076,"2025-11-28","regular",1610612743,"DEN","DEN","SAS",48,136,48,91,52.7,16,39,41,24,30,80,14,30,44,27,17,5,5,22,-3,0,2026,"NO","home"
"561",22500077,"2025-11-28","regular",1610612762,"UTA","UTA","SAC",48,128,42,87,48.3,13,40,32.5,31,40,77.5,13,36,49,32,13,7,5,22,9,1,2026,"YES","home"
"562",22500077,"2025-11-28","regular",1610612758,"SAC","UTA","SAC",48,119,43,96,44.8,10,29,34.5,23,32,71.9,12,32,44,27,9,9,5,22,-9,0,2026,"NO","away"
"563",22500078,"2025-11-28","regular",1610612747,"LAL","LAL","DAL",48,129,45,76,59.2,18,35,51.4,21,26,80.8,6,28,34,27,15,4,4,20,10,1,2026,"YES","home"
"564",22500078,"2025-11-28","regular",1610612742,"DAL","LAL","DAL",48,119,44,91,48.4,14,32,43.8,17,20,85,14,25,39,28,11,8,4,23,-10,0,2026,"NO","away"
"565",22500079,"2025-11-28","regular",1610612763,"MEM","LAC","MEM",48,112,39,88,44.3,17,40,42.5,17,22,77.3,15,38,53,24,15,5,6,19,5,1,2026,"YES","away"
"566",22500079,"2025-11-28","regular",1610612746,"LAC","LAC","MEM",48,107,38,89,42.7,12,38,31.6,19,21,90.5,8,31,39,19,13,13,5,21,-5,0,2026,"NO","home"
"567",22500293,"2025-11-29","regular",1610612750,"MIN","MIN","BOS",48,119,41,83,49.4,21,48,43.8,16,20,80,5,32,37,31,15,3,4,16,4,1,2026,"YES","home"
"568",22500293,"2025-11-29","regular",1610612738,"BOS","MIN","BOS",48,115,45,96,46.9,16,46,34.8,9,15,60,14,29,43,24,11,10,7,21,-4,0,2026,"NO","away"
"569",22500294,"2025-11-29","regular",1610612766,"CHA","CHA","TOR",53,118,41,93,44.1,10,39,25.6,26,29,89.7,12,27,39,24,9,10,5,19,7,1,2026,"YES","home"
"570",22500294,"2025-11-29","regular",1610612761,"TOR","CHA","TOR",53,111,44,99,44.4,9,29,31,14,17,82.4,17,35,52,34,16,6,3,26,-7,0,2026,"NO","away"
"571",22500295,"2025-11-29","regular",1610612754,"IND","IND","CHI",48,103,41,89,46.1,13,41,31.7,8,11,72.7,7,37,44,24,13,8,10,15,2,1,2026,"YES","home"
"572",22500295,"2025-11-29","regular",1610612741,"CHI","IND","CHI",48,101,39,87,44.8,14,34,41.2,9,16,56.3,8,37,45,24,13,5,3,14,-2,0,2026,"NO","away"
"573",22500296,"2025-11-29","regular",1610612765,"DET","MIA","DET",48,138,55,93,59.1,11,26,42.3,17,23,73.9,11,32,43,29,21,11,3,27,3,1,2026,"YES","away"
"574",22500296,"2025-11-29","regular",1610612748,"MIA","MIA","DET",48,135,44,88,50,14,29,48.3,33,39,84.6,11,27,38,27,18,12,3,20,-3,0,2026,"NO","home"
"575",22500297,"2025-11-29","regular",1610612749,"MIL","MIL","BKN",48,116,44,84,52.4,16,39,41,12,17,70.6,12,31,43,31,14,13,2,16,17,1,2026,"YES","home"
"576",22500297,"2025-11-29","regular",1610612751,"BKN","MIL","BKN",48,99,36,77,46.8,16,42,38.1,11,17,64.7,6,25,31,23,20,4,4,16,-17,0,2026,"NO","away"
"577",22500298,"2025-11-29","regular",1610612744,"GSW","GSW","NOP",48,104,38,93,40.9,12,47,25.5,16,20,80,14,33,47,28,10,5,3,23,8,1,2026,"YES","home"
"578",22500298,"2025-11-29","regular",1610612740,"NOP","GSW","NOP",48,96,32,86,37.2,7,30,23.3,25,34,73.5,16,34,50,16,13,7,2,21,-8,0,2026,"NO","away"
"579",22500299,"2025-11-29","regular",1610612743,"DEN","PHX","DEN",48,130,44,76,57.9,22,38,57.9,20,21,95.2,10,30,40,36,17,2,5,20,18,1,2026,"YES","away"
"580",22500299,"2025-11-29","regular",1610612756,"PHX","PHX","DEN",48,112,39,88,44.3,14,42,33.3,20,26,76.9,11,21,32,23,7,11,2,23,-18,0,2026,"NO","home"
"581",22500300,"2025-11-29","regular",1610612742,"DAL","LAC","DAL",48,114,40,90,44.4,11,39,28.2,23,28,82.1,4,33,37,22,9,15,2,19,4,1,2026,"YES","away"
"582",22500300,"2025-11-29","regular",1610612746,"LAC","LAC","DAL",48,110,37,80,46.3,7,25,28,29,31,93.5,5,41,46,25,18,5,6,21,-4,0,2026,"NO","home"
"583",22500301,"2025-11-30","regular",1610612745,"HOU","UTA","HOU",48,129,46,87,52.9,11,31,35.5,26,33,78.8,15,35,50,30,16,14,7,18,28,1,2026,"YES","away"
"584",22500301,"2025-11-30","regular",1610612762,"UTA","UTA","HOU",48,101,39,88,44.3,9,32,28.1,14,15,93.3,9,24,33,32,17,8,4,23,-28,0,2026,"NO","home"
"585",22500302,"2025-11-30","regular",1610612738,"BOS","CLE","BOS",48,117,40,81,49.4,14,40,35,23,29,79.3,15,31,46,19,19,9,4,17,2,1,2026,"YES","away"
"586",22500302,"2025-11-30","regular",1610612739,"CLE","CLE","BOS",48,115,43,94,45.7,20,52,38.5,9,13,69.2,16,27,43,28,14,7,2,22,-2,0,2026,"NO","home"
"587",22500303,"2025-11-30","regular",1610612752,"NYK","NYK","TOR",48,116,44,96,45.8,16,45,35.6,12,16,75,25,36,61,27,18,9,3,15,22,1,2026,"YES","home"
"588",22500303,"2025-11-30","regular",1610612761,"TOR","NYK","TOR",48,94,37,88,42,11,37,29.7,9,17,52.9,14,26,40,27,18,9,6,15,-22,0,2026,"NO","away"
"589",22500304,"2025-11-30","regular",1610612737,"ATL","PHI","ATL",58,142,48,104,46.2,15,45,33.3,31,41,75.6,14,44,58,36,23,10,6,27,8,1,2026,"YES","away"
"590",22500304,"2025-11-30","regular",1610612755,"PHI","PHI","ATL",58,134,46,105,43.8,10,44,22.7,32,38,84.2,11,35,46,26,18,14,6,28,-8,0,2026,"NO","home"
"591",22500305,"2025-11-30","regular",1610612760,"OKC","POR","OKC",48,123,44,90,48.9,10,29,34.5,25,32,78.1,8,41,49,27,12,7,9,29,8,1,2026,"YES","away"
"592",22500305,"2025-11-30","regular",1610612757,"POR","POR","OKC",48,115,35,89,39.3,16,49,32.7,29,37,78.4,13,36,49,22,14,8,5,22,-8,0,2026,"NO","home"
"593",22500306,"2025-11-30","regular",1610612750,"MIN","MIN","SAS",48,125,49,87,56.3,17,37,45.9,10,13,76.9,10,26,36,35,13,5,0,16,13,1,2026,"YES","home"
"594",22500306,"2025-11-30","regular",1610612759,"SAS","MIN","SAS",48,112,44,84,52.4,8,33,24.2,16,19,84.2,7,26,33,17,10,10,1,15,-13,0,2026,"NO","away"
"595",22500307,"2025-11-30","regular",1610612763,"MEM","SAC","MEM",48,115,45,86,52.3,9,24,37.5,16,22,72.7,13,39,52,28,23,4,7,22,8,1,2026,"YES","away"
"596",22500307,"2025-11-30","regular",1610612758,"SAC","SAC","MEM",48,107,43,94,45.7,8,27,29.6,13,22,59.1,10,24,34,25,8,14,7,22,-8,0,2026,"NO","home"
"597",22500308,"2025-11-30","regular",1610612747,"LAL","LAL","NOP",48,133,42,87,48.3,15,41,36.6,34,39,87.2,11,35,46,26,9,4,10,14,12,1,2026,"YES","home"
"598",22500308,"2025-11-30","regular",1610612740,"NOP","LAL","NOP",48,121,46,91,50.5,13,26,50,16,20,80,8,32,40,23,8,6,1,27,-12,0,2026,"NO","away"
"599",22500309,"2025-12-01","regular",1610612765,"DET","DET","ATL",48,99,38,86,44.2,5,26,19.2,18,24,75,18,42,60,18,23,11,9,12,1,1,2026,"YES","home"
"600",22500309,"2025-12-01","regular",1610612737,"ATL","DET","ATL",48,98,38,89,42.7,14,40,35,8,11,72.7,7,27,34,27,15,15,4,16,-1,0,2026,"NO","away"
"601",22500310,"2025-12-01","regular",1610612739,"CLE","IND","CLE",48,135,50,98,51,14,40,35,21,29,72.4,19,29,48,27,9,7,8,28,16,1,2026,"YES","away"
"602",22500310,"2025-12-01","regular",1610612754,"IND","IND","CLE",48,119,41,85,48.2,10,30,33.3,27,37,73,14,22,36,19,14,5,6,22,-16,0,2026,"NO","home"
"603",22500311,"2025-12-01","regular",1610612764,"WAS","WAS","MIL",48,129,53,102,52,13,36,36.1,10,15,66.7,14,27,41,29,10,9,4,17,3,1,2026,"YES","home"
"604",22500311,"2025-12-01","regular",1610612749,"MIL","WAS","MIL",48,126,46,84,54.8,21,38,55.3,13,21,61.9,7,28,35,29,17,5,4,16,-3,0,2026,"NO","away"
"605",22500312,"2025-12-01","regular",1610612751,"BKN","BKN","CHA",48,116,43,96,44.8,17,43,39.5,13,17,76.5,13,30,43,33,11,10,3,23,13,1,2026,"YES","home"
"606",22500312,"2025-12-01","regular",1610612766,"CHA","BKN","CHA",48,103,38,85,44.7,12,32,37.5,15,18,83.3,7,35,42,26,18,5,7,15,-13,0,2026,"NO","away"
"607",22500313,"2025-12-01","regular",1610612748,"MIA","MIA","LAC",48,140,53,100,53,24,46,52.2,10,12,83.3,11,39,50,34,12,7,10,25,17,1,2026,"YES","home"
"608",22500313,"2025-12-01","regular",1610612746,"LAC","MIA","LAC",48,123,43,96,44.8,9,29,31,28,35,80,13,33,46,23,13,8,3,10,-17,0,2026,"NO","away"
"609",22500314,"2025-12-01","regular",1610612753,"ORL","ORL","CHI",48,125,45,88,51.1,9,33,27.3,26,33,78.8,12,34,46,25,18,12,11,16,5,1,2026,"YES","home"
"610",22500314,"2025-12-01","regular",1610612741,"CHI","ORL","CHI",48,120,44,88,50,16,37,43.2,16,22,72.7,10,33,43,30,21,9,4,23,-5,0,2026,"NO","away"
"611",22500315,"2025-12-01","regular",1610612742,"DAL","DEN","DAL",48,131,53,95,55.8,16,31,51.6,9,14,64.3,7,36,43,35,8,4,4,19,10,1,2026,"YES","away"
"612",22500315,"2025-12-01","regular",1610612743,"DEN","DEN","DAL",48,121,47,99,47.5,12,37,32.4,15,18,83.3,12,35,47,37,8,5,5,11,-10,0,2026,"NO","home"
"613",22500316,"2025-12-01","regular",1610612762,"UTA","UTA","HOU",48,133,45,90,50,14,35,40,29,38,76.3,14,36,50,33,13,8,4,31,8,1,2026,"YES","home"
"614",22500316,"2025-12-01","regular",1610612745,"HOU","UTA","HOU",48,125,41,93,44.1,10,34,29.4,33,41,80.5,16,30,46,27,13,6,8,26,-8,0,2026,"NO","away"
"615",22500317,"2025-12-01","regular",1610612756,"PHX","LAL","PHX",48,125,52,92,56.5,17,39,43.6,4,8,50,4,29,33,35,11,16,1,16,17,1,2026,"YES","away"
"616",22500317,"2025-12-01","regular",1610612747,"LAL","LAL","PHX",48,108,41,80,51.3,13,33,39.4,13,15,86.7,5,34,39,18,22,1,0,13,-17,0,2026,"NO","home"
"617",22500318,"2025-12-02","regular",1610612755,"PHI","PHI","WAS",48,121,46,102,45.1,17,40,42.5,12,17,70.6,13,38,51,26,11,12,6,21,19,1,2026,"YES","home"
"618",22500318,"2025-12-02","regular",1610612764,"WAS","PHI","WAS",48,102,35,88,39.8,9,36,25,23,32,71.9,16,37,53,23,15,5,11,15,-19,0,2026,"NO","away"
"619",22500319,"2025-12-02","regular",1610612761,"TOR","TOR","POR",48,121,48,90,53.3,11,30,36.7,14,21,66.7,10,33,43,33,18,10,3,28,3,1,2026,"YES","home"
"620",22500319,"2025-12-02","regular",1610612757,"POR","TOR","POR",48,118,41,83,49.4,15,40,37.5,21,32,65.6,9,30,39,23,15,7,7,21,-3,0,2026,"NO","away"
"621",22500320,"2025-12-02","regular",1610612738,"BOS","BOS","NYK",48,123,49,87,56.3,13,40,32.5,12,14,85.7,11,27,38,18,10,6,3,20,6,1,2026,"YES","home"
"622",22500320,"2025-12-02","regular",1610612752,"NYK","BOS","NYK",48,117,43,85,50.6,19,44,43.2,12,17,70.6,10,23,33,29,12,5,2,15,-6,0,2026,"NO","away"
"623",22500321,"2025-12-02","regular",1610612750,"MIN","NOP","MIN",53,149,52,104,50,20,51,39.2,25,29,86.2,10,31,41,29,9,7,4,25,7,1,2026,"YES","away"
"624",22500321,"2025-12-02","regular",1610612740,"NOP","NOP","MIN",53,142,50,91,54.9,12,21,57.1,30,35,85.7,6,36,42,26,13,5,1,23,-7,0,2026,"NO","home"
"625",22500322,"2025-12-02","regular",1610612759,"SAS","SAS","MEM",48,126,42,92,45.7,18,39,46.2,24,31,77.4,11,29,40,28,7,7,7,22,7,1,2026,"YES","home"
"626",22500322,"2025-12-02","regular",1610612763,"MEM","SAS","MEM",48,119,45,90,50,9,26,34.6,20,24,83.3,9,41,50,28,15,4,6,28,-7,0,2026,"NO","away"
"627",22500323,"2025-12-02","regular",1610612760,"OKC","GSW","OKC",48,124,46,79,58.2,15,32,46.9,17,23,73.9,4,37,41,24,15,8,5,13,12,1,2026,"YES","away"
"628",22500323,"2025-12-02","regular",1610612744,"GSW","GSW","OKC",48,112,43,95,45.3,18,42,42.9,8,10,80,12,31,43,30,16,5,2,22,-12,0,2026,"NO","home"
"629",22500324,"2025-12-03","regular",1610612757,"POR","CLE","POR",48,122,37,85,43.5,14,34,41.2,34,39,87.2,12,42,54,27,13,4,4,21,12,1,2026,"YES","away"
"630",22500324,"2025-12-03","regular",1610612739,"CLE","CLE","POR",48,110,38,94,40.4,13,52,25,21,24,87.5,10,35,45,23,7,9,11,24,-12,0,2026,"NO","home"
"631",22500325,"2025-12-03","regular",1610612743,"DEN","IND","DEN",48,135,49,83,59,17,28,60.7,20,26,76.9,5,33,38,23,11,6,5,21,15,1,2026,"YES","away"
"632",22500325,"2025-12-03","regular",1610612754,"IND","IND","DEN",48,120,42,81,51.9,13,28,46.4,23,29,79.3,8,30,38,24,12,6,5,24,-15,0,2026,"NO","home"
"633",22500326,"2025-12-03","regular",1610612759,"SAS","ORL","SAS",48,114,42,91,46.2,13,38,34.2,17,24,70.8,13,39,52,20,19,5,5,20,2,1,2026,"YES","away"
"634",22500326,"2025-12-03","regular",1610612753,"ORL","ORL","SAS",48,112,45,99,45.5,9,27,33.3,13,19,68.4,10,38,48,27,10,11,3,19,-2,0,2026,"NO","home"
"635",22500327,"2025-12-03","regular",1610612746,"LAC","ATL","LAC",48,115,44,89,49.4,10,32,31.3,17,20,85,13,41,54,29,12,12,1,18,23,1,2026,"YES","away"
"636",22500327,"2025-12-03","regular",1610612737,"ATL","ATL","LAC",48,92,34,85,40,13,39,33.3,11,14,78.6,7,31,38,20,16,9,1,17,-23,0,2026,"NO","home"
"637",22500328,"2025-12-03","regular",1610612752,"NYK","NYK","CHA",48,119,42,88,47.7,12,38,31.6,23,27,85.2,13,31,44,28,9,9,6,19,15,1,2026,"YES","home"
"638",22500328,"2025-12-03","regular",1610612766,"CHA","NYK","CHA",48,104,36,90,40,13,42,31,19,21,90.5,12,32,44,19,13,4,7,18,-15,0,2026,"NO","away"
"639",22500329,"2025-12-03","regular",1610612751,"BKN","CHI","BKN",48,113,38,78,48.7,19,46,41.3,18,22,81.8,7,35,42,30,21,12,8,19,10,1,2026,"YES","away"
"640",22500329,"2025-12-03","regular",1610612741,"CHI","CHI","BKN",48,103,38,90,42.2,7,30,23.3,20,25,80,11,31,42,20,16,14,1,15,-10,0,2026,"NO","home"
"641",22500330,"2025-12-03","regular",1610612745,"HOU","HOU","SAC",48,121,48,91,52.7,5,16,31.3,20,24,83.3,17,45,62,24,18,10,8,10,26,1,2026,"YES","home"
"642",22500330,"2025-12-03","regular",1610612758,"SAC","HOU","SAC",48,95,40,97,41.2,10,34,29.4,5,10,50,12,20,32,21,13,10,7,17,-26,0,2026,"NO","away"
"643",22500331,"2025-12-03","regular",1610612749,"MIL","MIL","DET",48,113,40,82,48.8,13,44,29.5,20,21,95.2,8,32,40,28,16,6,6,20,4,1,2026,"YES","home"
"644",22500331,"2025-12-03","regular",1610612765,"DET","MIL","DET",48,109,38,95,40,14,43,32.6,19,24,79.2,13,31,44,25,15,8,5,18,-4,0,2026,"NO","away"
"645",22500332,"2025-12-03","regular",1610612742,"DAL","DAL","MIA",48,118,46,91,50.5,16,32,50,10,12,83.3,10,40,50,31,15,6,7,15,10,1,2026,"YES","home"
"646",22500332,"2025-12-03","regular",1610612748,"MIA","DAL","MIA",48,108,40,101,39.6,11,37,29.7,17,18,94.4,14,27,41,29,11,11,5,13,-10,0,2026,"NO","away"
"647",22500333,"2025-12-04","regular",1610612755,"PHI","PHI","GSW",48,99,39,85,45.9,10,37,27,11,14,78.6,11,36,47,23,19,8,7,14,1,1,2026,"YES","home"
"648",22500333,"2025-12-04","regular",1610612744,"GSW","PHI","GSW",48,98,37,89,41.6,12,42,28.6,12,16,75,11,32,43,27,13,12,4,20,-1,0,2026,"NO","away"
"649",22500334,"2025-12-04","regular",1610612738,"BOS","WAS","BOS",48,146,54,99,54.5,20,47,42.6,18,21,85.7,15,31,46,35,10,14,8,20,45,1,2026,"YES","away"
"650",22500334,"2025-12-04","regular",1610612764,"WAS","WAS","BOS",48,101,35,84,41.7,10,31,32.3,21,25,84,12,25,37,21,18,5,4,22,-45,0,2026,"NO","home"
"651",22500335,"2025-12-04","regular",1610612762,"UTA","BKN","UTA",48,123,42,83,50.6,14,25,56,25,27,92.6,9,30,39,31,13,7,1,23,13,1,2026,"YES","away"
"652",22500335,"2025-12-04","regular",1610612751,"BKN","BKN","UTA",48,110,35,82,42.7,11,42,26.2,29,38,76.3,14,30,44,22,18,6,7,19,-13,0,2026,"NO","home"
"653",22500336,"2025-12-04","regular",1610612747,"LAL","TOR","LAL",48,123,44,88,50,13,31,41.9,22,26,84.6,14,24,38,26,11,7,7,17,3,1,2026,"YES","away"
"654",22500336,"2025-12-04","regular",1610612761,"TOR","TOR","LAL",48,120,44,89,49.4,15,37,40.5,17,21,81,14,27,41,39,15,9,8,20,-3,0,2026,"NO","home"
"655",22500337,"2025-12-04","regular",1610612750,"MIN","NOP","MIN",48,125,42,92,45.7,15,38,39.5,26,29,89.7,12,37,49,30,20,5,10,22,9,1,2026,"YES","away"
"656",22500337,"2025-12-04","regular",1610612740,"NOP","NOP","MIN",48,116,43,95,45.3,7,25,28,23,26,88.5,8,35,43,29,12,11,2,22,-9,0,2026,"NO","home"
"657",22500338,"2025-12-05","regular",1610612738,"BOS","BOS","LAL",48,126,46,84,54.8,24,45,53.3,10,12,83.3,8,30,38,31,16,9,5,20,21,1,2026,"YES","home"
"658",22500338,"2025-12-05","regular",1610612747,"LAL","BOS","LAL",48,105,33,77,42.9,14,35,40,25,29,86.2,10,25,35,15,14,8,2,14,-21,0,2026,"NO","away"
"659",22500339,"2025-12-05","regular",1610612753,"ORL","ORL","MIA",48,106,38,92,41.3,12,34,35.3,18,24,75,7,35,42,24,10,5,3,19,1,1,2026,"YES","home"
"660",22500339,"2025-12-05","regular",1610612748,"MIA","ORL","MIA",48,105,40,80,50,7,19,36.8,18,27,66.7,4,40,44,23,15,4,8,18,-1,0,2026,"NO","away"
"661",22500340,"2025-12-05","regular",1610612743,"DEN","ATL","DEN",48,134,47,89,52.8,16,37,43.2,24,30,80,9,33,42,28,12,9,6,15,1,1,2026,"YES","away"
"662",22500340,"2025-12-05","regular",1610612737,"ATL","ATL","DEN",48,133,49,95,51.6,20,46,43.5,15,16,93.8,11,34,45,35,14,8,2,25,-1,0,2026,"NO","home"
"663",22500341,"2025-12-05","regular",1610612739,"CLE","CLE","SAS",48,130,50,86,58.1,8,26,30.8,22,29,75.9,9,39,48,32,15,10,4,22,13,1,2026,"YES","home"
"664",22500341,"2025-12-05","regular",1610612759,"SAS","CLE","SAS",48,117,42,93,45.2,15,43,34.9,18,26,69.2,11,27,38,28,14,9,3,22,-13,0,2026,"NO","away"
"665",22500342,"2025-12-05","regular",1610612765,"DET","DET","POR",48,122,38,82,46.3,10,24,41.7,36,48,75,13,24,37,24,14,8,7,29,6,1,2026,"YES","home"
"666",22500342,"2025-12-05","regular",1610612757,"POR","DET","POR",48,116,36,85,42.4,12,37,32.4,32,35,91.4,18,30,48,22,20,6,8,35,-6,0,2026,"NO","away"
"667",22500343,"2025-12-05","regular",1610612752,"NYK","NYK","UTA",48,146,51,91,56,21,42,50,23,26,88.5,10,36,46,30,13,9,2,22,34,1,2026,"YES","home"
"668",22500343,"2025-12-05","regular",1610612762,"UTA","NYK","UTA",48,112,35,87,40.2,15,42,35.7,27,35,77.1,10,27,37,23,12,8,1,18,-34,0,2026,"NO","away"
"669",22500344,"2025-12-05","regular",1610612766,"CHA","TOR","CHA",48,111,37,74,50,13,36,36.1,24,33,72.7,6,41,47,26,24,14,6,20,25,1,2026,"YES","away"
"670",22500344,"2025-12-05","regular",1610612761,"TOR","TOR","CHA",48,86,34,92,37,9,29,31,9,13,69.2,12,29,41,19,20,12,4,25,-25,0,2026,"NO","home"
"671",22500345,"2025-12-05","regular",1610612754,"IND","CHI","IND",48,120,45,84,53.6,18,39,46.2,12,16,75,6,29,35,24,14,13,8,21,15,1,2026,"YES","away"
"672",22500345,"2025-12-05","regular",1610612741,"CHI","CHI","IND",48,105,34,77,44.2,13,35,37.1,24,29,82.8,11,35,46,21,19,7,2,15,-15,0,2026,"NO","home"
"673",22500346,"2025-12-05","regular",1610612745,"HOU","HOU","PHX",48,117,45,76,59.2,10,18,55.6,17,19,89.5,6,34,40,25,23,9,8,20,19,1,2026,"YES","home"
"674",22500346,"2025-12-05","regular",1610612756,"PHX","HOU","PHX",48,98,39,100,39,5,36,13.9,15,19,78.9,15,19,34,14,13,12,2,22,-19,0,2026,"NO","away"
"675",22500347,"2025-12-05","regular",1610612763,"MEM","MEM","LAC",48,107,42,78,53.8,10,28,35.7,13,18,72.2,4,38,42,28,16,9,4,18,9,1,2026,"YES","home"
"676",22500347,"2025-12-05","regular",1610612746,"LAC","MEM","LAC",48,98,35,80,43.8,14,44,31.8,14,17,82.4,5,32,37,22,17,11,2,18,-9,0,2026,"NO","away"
"677",22500348,"2025-12-05","regular",1610612755,"PHI","MIL","PHI",48,116,39,86,45.3,17,43,39.5,21,22,95.5,11,31,42,25,15,12,1,24,15,1,2026,"YES","away"
"678",22500348,"2025-12-05","regular",1610612749,"MIL","MIL","PHI",48,101,35,76,46.1,11,32,34.4,20,27,74.1,7,30,37,26,18,8,3,21,-15,0,2026,"NO","home"
"679",22500349,"2025-12-05","regular",1610612760,"OKC","OKC","DAL",48,132,47,84,56,12,30,40,26,28,92.9,7,36,43,30,6,5,3,21,21,1,2026,"YES","home"
"680",22500349,"2025-12-05","regular",1610612742,"DAL","OKC","DAL",48,111,41,86,47.7,16,37,43.2,13,20,65,9,26,35,28,12,2,3,17,-21,0,2026,"NO","away"
"681",22500350,"2025-12-06","regular",1610612751,"BKN","BKN","NOP",48,119,47,89,52.8,14,35,40,11,14,78.6,13,32,45,36,20,6,7,17,18,1,2026,"YES","home"
"682",22500350,"2025-12-06","regular",1610612740,"NOP","BKN","NOP",48,101,37,82,45.1,9,25,36,18,22,81.8,11,25,36,30,17,9,3,15,-18,0,2026,"NO","away"
"683",22500351,"2025-12-06","regular",1610612737,"ATL","WAS","ATL",48,131,52,98,53.1,13,39,33.3,14,14,100,15,30,45,36,15,13,4,16,15,1,2026,"YES","away"
"684",22500351,"2025-12-06","regular",1610612764,"WAS","WAS","ATL",48,116,41,80,51.3,17,38,44.7,17,19,89.5,4,22,26,29,20,6,5,18,-15,0,2026,"NO","home"
"685",22500352,"2025-12-06","regular",1610612744,"GSW","CLE","GSW",48,99,33,86,38.4,13,35,37.1,20,23,87,8,38,46,25,14,8,8,19,5,1,2026,"YES","away"
"686",22500352,"2025-12-06","regular",1610612739,"CLE","CLE","GSW",48,94,37,107,34.6,10,42,23.8,10,12,83.3,24,37,61,15,12,7,4,18,-5,0,2026,"NO","home"
"687",22500353,"2025-12-06","regular",1610612765,"DET","DET","MIL",48,124,43,86,50,15,40,37.5,23,31,74.2,16,37,53,31,16,5,4,26,12,1,2026,"YES","home"
"688",22500353,"2025-12-06","regular",1610612749,"MIL","DET","MIL",48,112,37,84,44,16,38,42.1,22,32,68.8,11,25,36,24,12,11,5,26,-12,0,2026,"NO","away"
"689",22500354,"2025-12-06","regular",1610612758,"SAC","MIA","SAC",48,127,49,93,52.7,14,33,42.4,15,21,71.4,8,37,45,24,11,11,5,19,16,1,2026,"YES","away"
"690",22500354,"2025-12-06","regular",1610612748,"MIA","MIA","SAC",48,111,41,85,48.2,9,31,29,20,32,62.5,11,30,41,23,13,5,4,17,-16,0,2026,"NO","home"
"691",22500355,"2025-12-06","regular",1610612750,"MIN","MIN","LAC",48,109,34,68,50,11,25,44,30,34,88.2,6,29,35,23,14,6,5,22,3,1,2026,"YES","home"
"692",22500355,"2025-12-06","regular",1610612746,"LAC","MIN","LAC",48,106,40,85,47.1,9,29,31,17,25,68,10,25,35,16,11,8,3,28,-3,0,2026,"NO","away"
"693",22500356,"2025-12-06","regular",1610612742,"DAL","DAL","HOU",48,122,49,82,59.8,7,19,36.8,17,20,85,7,24,31,22,13,13,4,14,13,1,2026,"YES","home"
"694",22500356,"2025-12-06","regular",1610612745,"HOU","DAL","HOU",48,109,44,87,50.6,10,29,34.5,11,13,84.6,16,21,37,22,20,8,6,20,-13,0,2026,"NO","away"
"695",22500357,"2025-12-07","regular",1610612752,"NYK","NYK","ORL",48,106,39,91,42.9,11,35,31.4,17,20,85,15,37,52,24,11,8,7,21,6,1,2026,"YES","home"
"696",22500357,"2025-12-07","regular",1610612753,"ORL","NYK","ORL",48,100,36,94,38.3,12,42,28.6,16,24,66.7,17,31,48,23,12,7,4,16,-6,0,2026,"NO","away"
"697",22500358,"2025-12-07","regular",1610612738,"BOS","TOR","BOS",48,121,44,92,47.8,20,47,42.6,13,14,92.9,14,27,41,24,11,8,9,22,8,1,2026,"YES","away"
"698",22500358,"2025-12-07","regular",1610612761,"TOR","TOR","BOS",48,113,43,88,48.9,9,22,40.9,18,21,85.7,11,31,42,22,13,5,3,18,-8,0,2026,"NO","home"
"699",22500359,"2025-12-07","regular",1610612743,"DEN","CHA","DEN",48,115,43,83,51.8,13,35,37.1,16,22,72.7,5,30,35,29,10,8,2,19,9,1,2026,"YES","away"
"700",22500359,"2025-12-07","regular",1610612766,"CHA","CHA","DEN",48,106,38,85,44.7,14,46,30.4,16,21,76.2,10,37,47,24,14,7,3,22,-9,0,2026,"NO","home"
"701",22500360,"2025-12-07","regular",1610612763,"MEM","MEM","POR",48,119,40,89,44.9,10,35,28.6,29,39,74.4,16,35,51,28,23,18,4,25,23,1,2026,"YES","home"
"702",22500360,"2025-12-07","regular",1610612757,"POR","MEM","POR",48,96,33,83,39.8,15,43,34.9,15,18,83.3,10,30,40,21,26,8,5,27,-23,0,2026,"NO","away"
"703",22500361,"2025-12-07","regular",1610612744,"GSW","CHI","GSW",48,123,44,88,50,22,47,46.8,13,19,68.4,15,36,51,27,17,11,2,16,32,1,2026,"YES","away"
"704",22500361,"2025-12-07","regular",1610612741,"CHI","CHI","GSW",48,91,32,89,36,11,40,27.5,16,19,84.2,15,23,38,24,15,12,4,15,-32,0,2026,"NO","home"
"705",22500362,"2025-12-07","regular",1610612747,"LAL","PHI","LAL",48,112,41,85,48.2,13,36,36.1,17,27,63,8,44,52,25,10,3,8,22,4,1,2026,"YES","away"
"706",22500362,"2025-12-07","regular",1610612755,"PHI","PHI","LAL",48,108,36,102,35.3,13,36,36.1,23,26,88.5,17,37,54,21,6,5,4,17,-4,0,2026,"NO","home"
"707",22500363,"2025-12-07","regular",1610612760,"OKC","UTA","OKC",48,131,51,88,58,21,42,50,8,18,44.4,8,36,44,32,14,9,3,20,30,1,2026,"YES","away"
"708",22500363,"2025-12-07","regular",1610612762,"UTA","UTA","OKC",48,101,40,85,47.1,12,36,33.3,9,12,75,6,31,37,25,17,6,3,17,-30,0,2026,"NO","home"
"709",22500364,"2025-12-08","regular",1610612754,"IND","IND","SAC",48,116,38,87,43.7,14,35,40,26,28,92.9,10,31,41,25,14,14,7,15,11,1,2026,"YES","home"
"710",22500364,"2025-12-08","regular",1610612758,"SAC","IND","SAC",48,105,41,88,46.6,7,22,31.8,16,23,69.6,15,36,51,28,19,6,4,18,-11,0,2026,"NO","away"
"711",22500365,"2025-12-08","regular",1610612756,"PHX","MIN","PHX",48,108,41,90,45.6,12,33,36.4,14,20,70,14,29,43,26,9,8,2,20,3,1,2026,"YES","away"
"712",22500365,"2025-12-08","regular",1610612750,"MIN","MIN","PHX",48,105,39,83,47,11,42,26.2,16,23,69.6,13,33,46,26,15,5,1,20,-3,0,2026,"NO","home"
"713",22500366,"2025-12-08","regular",1610612759,"SAS","NOP","SAS",48,135,49,98,50,17,36,47.2,20,25,80,12,31,43,29,15,5,0,19,3,1,2026,"YES","away"
"714",22500366,"2025-12-08","regular",1610612740,"NOP","NOP","SAS",48,132,51,88,58,7,26,26.9,23,26,88.5,4,29,33,35,9,8,6,23,-3,0,2026,"NO","home"
"715",22501201,"2025-12-09","regular",1610612753,"ORL","ORL","MIA",48,117,44,87,50.6,15,32,46.9,14,16,87.5,7,40,47,30,17,5,6,19,9,1,2026,"YES","home"
"716",22501201,"2025-12-09","regular",1610612748,"MIA","ORL","MIA",48,108,42,93,45.2,8,33,24.2,16,19,84.2,7,32,39,25,8,8,6,16,-9,0,2026,"NO","away"
"717",22501202,"2025-12-09","regular",1610612752,"NYK","TOR","NYK",48,117,42,80,52.5,16,35,45.7,17,28,60.7,14,34,48,19,14,9,7,19,16,1,2026,"YES","away"
"718",22501202,"2025-12-09","regular",1610612761,"TOR","TOR","NYK",48,101,39,90,43.3,11,38,28.9,12,18,66.7,12,25,37,28,14,9,4,22,-16,0,2026,"NO","home"
"719",22501203,"2025-12-10","regular",1610612760,"OKC","OKC","PHX",48,138,52,88,59.1,22,40,55,12,13,92.3,6,37,43,32,15,14,7,14,49,1,2026,"YES","home"
"720",22501203,"2025-12-10","regular",1610612756,"PHX","OKC","PHX",48,89,33,84,39.3,10,31,32.3,13,16,81.3,7,30,37,24,21,12,2,13,-49,0,2026,"NO","away"
"721",22501204,"2025-12-10","regular",1610612759,"SAS","LAL","SAS",48,132,43,86,50,17,38,44.7,29,36,80.6,9,41,50,25,12,9,3,19,13,1,2026,"YES","away"
"722",22501204,"2025-12-10","regular",1610612747,"LAL","LAL","SAS",48,119,43,87,49.4,16,37,43.2,17,23,73.9,6,37,43,27,11,4,7,23,-13,0,2026,"NO","home"
"723",22501205,"2025-12-11","regular",1610612745,"HOU","HOU","LAC",48,115,43,93,46.2,12,34,35.3,17,21,81,22,29,51,26,19,9,1,22,2,1,2026,"YES","home"
"724",22501205,"2025-12-11","regular",1610612746,"LAC","HOU","LAC",48,113,39,78,50,14,38,36.8,21,26,80.8,8,20,28,25,15,15,5,20,-2,0,2026,"NO","away"
"725",22501206,"2025-12-11","regular",1610612749,"MIL","MIL","BOS",48,116,46,79,58.2,13,29,44.8,11,14,78.6,5,35,40,28,16,5,5,24,15,1,2026,"YES","home"
"726",22501206,"2025-12-11","regular",1610612738,"BOS","MIL","BOS",48,101,34,88,38.6,14,49,28.6,19,25,76,13,26,39,18,14,7,1,15,-15,0,2026,"NO","away"
"727",22501207,"2025-12-11","regular",1610612740,"NOP","NOP","POR",48,143,58,112,51.8,12,32,37.5,15,17,88.2,19,38,57,36,10,10,8,16,23,1,2026,"YES","home"
"728",22501207,"2025-12-11","regular",1610612757,"POR","NOP","POR",48,120,45,102,44.1,14,48,29.2,16,22,72.7,13,28,41,27,15,5,7,19,-23,0,2026,"NO","away"
"729",22501208,"2025-12-11","regular",1610612743,"DEN","SAC","DEN",48,136,52,88,59.1,12,29,41.4,20,29,69,10,36,46,35,12,9,0,18,31,1,2026,"YES","away"
"730",22501208,"2025-12-11","regular",1610612758,"SAC","SAC","DEN",48,105,39,87,44.8,11,38,28.9,16,23,69.6,10,28,38,21,16,9,4,20,-31,0,2026,"NO","home"
"731",22501209,"2025-12-12","regular",1610612741,"CHI","CHA","CHI",48,129,52,94,55.3,10,28,35.7,15,19,78.9,11,33,44,29,12,3,6,11,3,1,2026,"YES","away"
"732",22501209,"2025-12-12","regular",1610612766,"CHA","CHA","CHI",48,126,51,97,52.6,16,37,43.2,8,10,80,8,24,32,30,9,5,3,19,-3,0,2026,"NO","home"
"733",22501210,"2025-12-12","regular",1610612765,"DET","DET","ATL",48,142,53,91,58.2,12,29,41.4,24,29,82.8,10,30,40,34,14,16,6,22,27,1,2026,"YES","home"
"734",22501210,"2025-12-12","regular",1610612737,"ATL","DET","ATL",48,115,39,85,45.9,11,36,30.6,26,31,83.9,13,24,37,28,20,9,8,18,-27,0,2026,"NO","away"
"735",22501211,"2025-12-12","regular",1610612755,"PHI","PHI","IND",48,115,35,79,44.3,12,37,32.4,33,43,76.7,11,39,50,22,13,6,4,19,10,1,2026,"YES","home"
"736",22501211,"2025-12-12","regular",1610612754,"IND","PHI","IND",48,105,38,96,39.6,13,38,34.2,16,19,84.2,12,34,46,26,7,6,4,27,-10,0,2026,"NO","away"
"737",22501212,"2025-12-12","regular",1610612739,"CLE","WAS","CLE",48,130,41,97,42.3,15,53,28.3,33,36,91.7,15,33,48,28,7,11,1,20,4,1,2026,"YES","away"
"738",22501212,"2025-12-12","regular",1610612764,"WAS","WAS","CLE",48,126,42,86,48.8,16,44,36.4,26,32,81.3,12,37,49,29,16,6,6,27,-4,0,2026,"NO","home"
"739",22501213,"2025-12-12","regular",1610612762,"UTA","MEM","UTA",48,130,48,104,46.2,17,47,36.2,17,25,68,14,44,58,33,13,6,4,23,4,1,2026,"YES","away"
"740",22501213,"2025-12-12","regular",1610612763,"MEM","MEM","UTA",48,126,46,99,46.5,19,41,46.3,15,21,71.4,9,40,49,32,10,4,5,21,-4,0,2026,"NO","home"
"741",22501214,"2025-12-12","regular",1610612742,"DAL","DAL","BKN",48,119,46,94,48.9,10,30,33.3,17,22,77.3,9,31,40,33,14,10,8,20,8,1,2026,"YES","home"
"742",22501214,"2025-12-12","regular",1610612751,"BKN","DAL","BKN",48,111,39,86,45.3,17,39,43.6,16,19,84.2,9,34,43,26,17,8,5,22,-8,0,2026,"NO","away"
"743",22501215,"2025-12-12","regular",1610612750,"MIN","GSW","MIN",48,127,48,89,53.9,11,31,35.5,20,28,71.4,11,33,44,30,11,8,3,22,7,1,2026,"YES","away"
"744",22501215,"2025-12-12","regular",1610612744,"GSW","GSW","MIN",48,120,44,96,45.8,15,46,32.6,17,22,77.3,12,30,42,27,13,7,2,23,-7,0,2026,"NO","home"
"745",22501229,"2025-12-13","regular",1610612752,"NYK","ORL","NYK",48,132,51,84,60.7,7,20,35,23,31,74.2,8,33,41,28,12,9,7,23,12,1,2026,"YES","away"
"746",22501229,"2025-12-13","regular",1610612753,"ORL","NYK","ORL",48,120,45,97,46.4,13,42,31,17,25,68,12,29,41,28,14,9,3,24,-12,0,2026,"NO","away"
"747",22501230,"2025-12-13","regular",1610612759,"SAS","OKC","SAS",48,111,37,90,41.1,13,42,31,24,32,75,15,37,52,21,19,9,6,23,2,1,2026,"YES","away"
"748",22501230,"2025-12-13","regular",1610612760,"OKC","SAS","OKC",48,109,38,92,41.3,9,37,24.3,24,27,88.9,14,37,51,20,15,13,4,25,-2,0,2026,"NO","away"
"749",22501216,"2025-12-14","regular",1610612764,"WAS","IND","WAS",48,108,41,89,46.1,10,28,35.7,16,26,61.5,17,39,56,19,11,5,3,21,19,1,2026,"YES","away"
"750",22501216,"2025-12-14","regular",1610612754,"IND","IND","WAS",48,89,31,84,36.9,10,39,25.6,17,21,81,11,30,41,20,8,2,7,18,-19,0,2026,"NO","home"
"751",22501217,"2025-12-14","regular",1610612737,"ATL","ATL","PHI",48,120,43,99,43.4,17,33,51.5,17,21,81,18,39,57,33,17,8,6,23,3,1,2026,"YES","home"
"752",22501217,"2025-12-14","regular",1610612755,"PHI","ATL","PHI",48,117,38,101,37.6,17,41,41.5,24,29,82.8,21,33,54,25,12,10,10,15,-3,0,2026,"NO","away"
"753",22501218,"2025-12-14","regular",1610612766,"CHA","CLE","CHA",53,119,43,98,43.9,17,44,38.6,16,21,76.2,12,41,53,28,18,9,7,26,8,1,2026,"YES","away"
"754",22501218,"2025-12-14","regular",1610612739,"CLE","CLE","CHA",53,111,38,95,40,12,38,31.6,23,29,79.3,13,33,46,27,14,10,3,24,-8,0,2026,"NO","home"
"755",22501219,"2025-12-14","regular",1610612751,"BKN","BKN","MIL",48,127,45,85,52.9,19,43,44.2,18,19,94.7,6,37,43,33,14,14,4,15,45,1,2026,"YES","home"
"756",22501219,"2025-12-14","regular",1610612749,"MIL","BKN","MIL",48,82,31,79,39.2,8,35,22.9,12,16,75,7,30,37,20,20,8,1,18,-45,0,2026,"NO","away"
"757",22501220,"2025-12-14","regular",1610612750,"MIN","MIN","SAC",48,117,43,94,45.7,12,37,32.4,19,27,70.4,15,33,48,25,12,12,5,26,14,1,2026,"YES","home"
"758",22501220,"2025-12-14","regular",1610612758,"SAC","MIN","SAC",48,103,37,81,45.7,10,23,43.5,19,25,76,4,32,36,21,15,5,9,21,-14,0,2026,"NO","away"
"759",22501221,"2025-12-14","regular",1610612757,"POR","POR","GSW",48,136,45,89,50.6,20,39,51.3,26,29,89.7,10,33,43,30,18,11,4,21,5,1,2026,"YES","home"
"760",22501221,"2025-12-14","regular",1610612744,"GSW","POR","GSW",48,131,44,87,50.6,24,47,51.1,19,23,82.6,8,28,36,34,18,14,5,24,-5,0,2026,"NO","away"
"761",22501223,"2025-12-14","regular",1610612740,"NOP","CHI","NOP",48,114,43,93,46.2,8,33,24.2,20,25,80,14,39,53,21,15,7,5,17,10,1,2026,"YES","away"
"762",22501223,"2025-12-14","regular",1610612741,"CHI","CHI","NOP",48,104,38,92,41.3,13,49,26.5,15,17,88.2,13,30,43,26,13,10,4,24,-10,0,2026,"NO","home"
"763",22501228,"2025-12-14","regular",1610612747,"LAL","PHX","LAL",48,116,38,88,43.2,7,37,18.9,33,43,76.7,24,30,54,20,22,13,8,23,2,1,2026,"YES","away"
"764",22501228,"2025-12-14","regular",1610612756,"PHX","PHX","LAL",48,114,40,82,48.8,13,37,35.1,21,25,84,10,27,37,29,20,11,5,28,-2,0,2026,"NO","home"
"765",22501222,"2025-12-15","regular",1610612765,"DET","BOS","DET",48,112,41,89,46.1,13,36,36.1,17,25,68,12,27,39,21,11,9,3,20,7,1,2026,"YES","away"
"766",22501222,"2025-12-15","regular",1610612738,"BOS","BOS","DET",48,105,38,82,46.3,10,39,25.6,19,27,70.4,7,30,37,16,13,7,5,20,-7,0,2026,"NO","home"
"767",22501224,"2025-12-15","regular",1610612762,"UTA","UTA","DAL",53,140,50,97,51.5,13,36,36.1,27,33,81.8,8,39,47,33,13,8,4,32,7,1,2026,"YES","home"
"768",22501224,"2025-12-15","regular",1610612742,"DAL","UTA","DAL",53,133,48,98,49,9,27,33.3,28,41,68.3,14,40,54,24,15,6,6,26,-7,0,2026,"NO","away"
"769",22501225,"2025-12-15","regular",1610612743,"DEN","DEN","HOU",53,128,43,85,50.6,15,34,44.1,27,33,81.8,7,31,38,24,11,10,4,28,3,1,2026,"YES","home"
"770",22501225,"2025-12-15","regular",1610612745,"HOU","DEN","HOU",53,125,47,93,50.5,12,25,48,19,26,73.1,12,34,46,29,16,7,8,25,-3,0,2026,"NO","away"
"771",22501226,"2025-12-15","regular",1610612763,"MEM","LAC","MEM",48,121,45,86,52.3,16,39,41,15,17,88.2,9,23,32,33,11,10,7,21,18,1,2026,"YES","away"
"772",22501226,"2025-12-15","regular",1610612746,"LAC","LAC","MEM",48,103,37,80,46.3,13,36,36.1,16,22,72.7,13,26,39,26,19,4,2,15,-18,0,2026,"NO","home"
"773",22501227,"2025-12-15","regular",1610612761,"TOR","MIA","TOR",48,106,42,88,47.7,16,40,40,6,9,66.7,11,34,45,33,21,9,7,20,10,1,2026,"YES","away"
"774",22501227,"2025-12-15","regular",1610612748,"MIA","MIA","TOR",48,96,35,83,42.2,9,31,29,17,23,73.9,11,34,45,20,19,12,7,14,-10,0,2026,"NO","home"
"775",22500367,"2025-12-17","regular",1610612741,"CHI","CHI","CLE",48,127,50,89,56.2,14,36,38.9,13,18,72.2,6,37,43,35,16,12,3,17,16,1,2026,"YES","home"
"776",22500367,"2025-12-17","regular",1610612739,"CLE","CHI","CLE",48,111,42,87,48.3,12,39,30.8,15,18,83.3,8,32,40,26,20,6,3,16,-16,0,2026,"NO","away"
"777",22500368,"2025-12-17","regular",1610612763,"MEM","MIN","MEM",48,116,42,96,43.8,11,34,32.4,21,25,84,15,39,54,23,18,10,4,25,6,1,2026,"YES","away"
"778",22500368,"2025-12-17","regular",1610612750,"MIN","MIN","MEM",48,110,39,98,39.8,13,44,29.5,19,27,70.4,16,36,52,26,18,11,8,25,-6,0,2026,"NO","home"
"779",22500369,"2025-12-18","regular",1610612760,"OKC","OKC","LAC",48,122,48,101,47.5,13,36,36.1,13,16,81.3,9,29,38,28,9,18,4,19,21,1,2026,"YES","home"
"780",22500369,"2025-12-18","regular",1610612746,"LAC","OKC","LAC",48,101,37,76,48.7,10,32,31.3,17,22,77.3,9,40,49,25,29,6,7,17,-21,0,2026,"NO","away"
"781",22500370,"2025-12-18","regular",1610612759,"SAS","SAS","WAS",48,119,44,90,48.9,15,42,35.7,16,20,80,14,39,53,29,14,6,9,12,25,1,2026,"YES","home"
"782",22500370,"2025-12-18","regular",1610612764,"WAS","SAS","WAS",48,94,38,94,40.4,9,36,25,9,14,64.3,13,33,46,29,14,10,5,18,-25,0,2026,"NO","away"
"783",22500371,"2025-12-18","regular",1610612766,"CHA","CHA","ATL",48,133,49,91,53.8,24,49,49,11,17,64.7,7,30,37,39,16,11,3,21,7,1,2026,"YES","home"
"784",22500371,"2025-12-18","regular",1610612737,"ATL","CHA","ATL",48,126,48,92,52.2,11,37,29.7,19,22,86.4,9,26,35,31,15,6,2,20,-7,0,2026,"NO","away"
"785",22500372,"2025-12-18","regular",1610612752,"NYK","IND","NYK",48,114,43,92,46.7,17,43,39.5,11,19,57.9,14,32,46,31,16,10,5,19,1,1,2026,"YES","away"
"786",22500372,"2025-12-18","regular",1610612754,"IND","IND","NYK",48,113,43,93,46.2,11,34,32.4,16,18,88.9,16,36,52,22,14,8,6,20,-1,0,2026,"NO","home"
"787",22500373,"2025-12-18","regular",1610612748,"MIA","BKN","MIA",48,106,41,89,46.1,9,28,32.1,15,19,78.9,9,42,51,23,14,9,8,12,11,1,2026,"YES","away"
"788",22500373,"2025-12-18","regular",1610612751,"BKN","BKN","MIA",48,95,38,98,38.8,11,49,22.4,8,11,72.7,15,34,49,24,13,7,7,17,-11,0,2026,"NO","home"
"789",22500374,"2025-12-18","regular",1610612761,"TOR","MIL","TOR",48,111,42,84,50,13,35,37.1,14,21,66.7,12,33,45,31,17,9,2,20,6,1,2026,"YES","away"
"790",22500374,"2025-12-18","regular",1610612749,"MIL","MIL","TOR",48,105,38,84,45.2,15,37,40.5,14,16,87.5,9,29,38,25,16,10,2,19,-6,0,2026,"NO","home"
"791",22500375,"2025-12-18","regular",1610612740,"NOP","NOP","HOU",53,133,49,97,50.5,11,27,40.7,24,28,85.7,13,28,41,27,12,15,7,24,5,1,2026,"YES","home"
"792",22500375,"2025-12-18","regular",1610612745,"HOU","NOP","HOU",53,128,50,107,46.7,10,32,31.3,18,27,66.7,25,33,58,30,20,6,8,21,-5,0,2026,"NO","away"
"793",22500376,"2025-12-18","regular",1610612742,"DAL","DAL","DET",53,116,40,89,44.9,5,27,18.5,31,36,86.1,11,40,51,22,17,4,15,21,2,1,2026,"YES","home"
"794",22500376,"2025-12-18","regular",1610612765,"DET","DAL","DET",53,114,47,122,38.5,6,33,18.2,14,20,70,26,36,62,26,12,11,4,27,-2,0,2026,"NO","away"
"795",22500377,"2025-12-18","regular",1610612743,"DEN","DEN","ORL",48,126,49,88,55.7,16,36,44.4,12,15,80,5,35,40,31,15,7,3,18,11,1,2026,"YES","home"
"796",22500377,"2025-12-18","regular",1610612753,"ORL","DEN","ORL",48,115,43,91,47.3,11,33,33.3,18,26,69.2,12,32,44,30,10,9,6,17,-11,0,2026,"NO","away"
"797",22500378,"2025-12-18","regular",1610612756,"PHX","PHX","GSW",48,99,36,88,40.9,10,35,28.6,17,22,77.3,12,37,49,19,15,16,6,17,1,1,2026,"YES","home"
"798",22500378,"2025-12-18","regular",1610612744,"GSW","PHX","GSW",48,98,35,89,39.3,12,42,28.6,16,18,88.9,15,39,54,27,20,9,3,20,-1,0,2026,"NO","away"
"799",22500379,"2025-12-18","regular",1610612747,"LAL","UTA","LAL",48,143,49,93,52.7,13,39,33.3,32,39,82.1,13,35,48,32,7,7,2,31,8,1,2026,"YES","away"
"800",22500379,"2025-12-18","regular",1610612762,"UTA","UTA","LAL",48,135,43,83,51.8,18,37,48.6,31,47,66,9,30,39,31,13,4,1,29,-8,0,2026,"NO","home"
"801",22500380,"2025-12-18","regular",1610612757,"POR","POR","SAC",53,134,49,103,47.6,15,45,33.3,21,33,63.6,17,27,44,30,21,6,6,27,1,1,2026,"YES","home"
"802",22500380,"2025-12-18","regular",1610612758,"SAC","POR","SAC",53,133,48,94,51.1,6,19,31.6,31,34,91.2,11,31,42,29,18,13,7,29,-1,0,2026,"NO","away"
"803",22500381,"2025-12-19","regular",1610612738,"BOS","BOS","MIA",48,129,44,82,53.7,21,43,48.8,20,24,83.3,6,40,46,25,16,8,8,19,13,1,2026,"YES","home"
"804",22500381,"2025-12-19","regular",1610612748,"MIA","BOS","MIA",48,116,40,102,39.2,19,49,38.8,17,24,70.8,17,30,47,27,13,6,1,20,-13,0,2026,"NO","away"
"805",22500382,"2025-12-19","regular",1610612755,"PHI","NYK","PHI",48,116,40,88,45.5,17,41,41.5,19,21,90.5,10,26,36,21,11,7,8,24,9,1,2026,"YES","away"
"806",22500382,"2025-12-19","regular",1610612752,"NYK","NYK","PHI",48,107,39,88,44.3,8,32,25,21,25,84,21,36,57,26,18,3,3,21,-9,0,2026,"NO","home"
"807",22500383,"2025-12-19","regular",1610612759,"SAS","ATL","SAS",48,126,51,94,54.3,13,36,36.1,11,16,68.8,12,44,56,31,15,11,4,12,28,1,2026,"YES","away"
"808",22500383,"2025-12-19","regular",1610612737,"ATL","ATL","SAS",48,98,38,94,40.4,10,40,25,12,16,75,10,33,43,26,17,7,1,14,-28,0,2026,"NO","home"
"809",22500384,"2025-12-19","regular",1610612741,"CHI","CLE","CHI",48,136,53,102,52,18,47,38.3,12,15,80,13,35,48,34,12,12,5,14,11,1,2026,"YES","away"
"810",22500384,"2025-12-19","regular",1610612739,"CLE","CLE","CHI",48,125,48,101,47.5,14,39,35.9,15,19,78.9,13,33,46,31,15,10,1,17,-11,0,2026,"NO","home"
"811",22500385,"2025-12-19","regular",1610612750,"MIN","MIN","OKC",48,112,33,88,37.5,13,37,35.1,33,47,70.2,18,39,57,20,13,8,6,24,5,1,2026,"YES","home"
"812",22500385,"2025-12-19","regular",1610612760,"OKC","MIN","OKC",48,107,34,92,37,11,39,28.2,28,30,93.3,13,39,52,16,12,7,10,30,-5,0,2026,"NO","away"
"813",22500386,"2025-12-20","regular",1610612745,"HOU","DEN","HOU",48,115,39,77,50.6,19,35,54.3,18,23,78.3,9,38,47,24,19,6,8,20,14,1,2026,"YES","away"
"814",22500386,"2025-12-20","regular",1610612743,"DEN","DEN","HOU",48,101,37,92,40.2,8,29,27.6,19,23,82.6,10,29,39,21,11,9,2,20,-14,0,2026,"NO","home"
"815",22500387,"2025-12-20","regular",1610612755,"PHI","PHI","DAL",48,121,44,102,43.1,12,40,30,21,28,75,20,27,47,27,10,11,2,13,7,1,2026,"YES","home"
"816",22500387,"2025-12-20","regular",1610612742,"DAL","PHI","DAL",48,114,45,83,54.2,3,18,16.7,21,22,95.5,8,36,44,24,18,5,7,22,-7,0,2026,"NO","away"
"817",22500388,"2025-12-20","regular",1610612738,"BOS","TOR","BOS",48,112,44,95,46.3,12,39,30.8,12,15,80,17,38,55,22,11,7,4,21,16,1,2026,"YES","away"
"818",22500388,"2025-12-20","regular",1610612761,"TOR","TOR","BOS",48,96,36,87,41.4,16,47,34,8,11,72.7,9,28,37,30,12,2,7,18,-16,0,2026,"NO","home"
"819",22500389,"2025-12-20","regular",1610612740,"NOP","NOP","IND",48,128,45,85,52.9,9,27,33.3,29,34,85.3,6,43,49,25,18,6,2,25,19,1,2026,"YES","home"
"820",22500389,"2025-12-20","regular",1610612754,"IND","NOP","IND",48,109,40,94,42.6,8,42,19,21,30,70,11,31,42,28,14,7,4,26,-19,0,2026,"NO","away"
"821",22500390,"2025-12-20","regular",1610612765,"DET","DET","CHA",48,112,41,93,44.1,6,28,21.4,24,32,75,17,44,61,23,20,16,10,25,26,1,2026,"YES","home"
"822",22500390,"2025-12-20","regular",1610612766,"CHA","DET","CHA",48,86,28,89,31.5,13,41,31.7,17,20,85,12,31,43,21,24,12,7,23,-26,0,2026,"NO","away"
"823",22500391,"2025-12-20","regular",1610612764,"WAS","MEM","WAS",48,130,47,99,47.5,17,44,38.6,19,26,73.1,20,34,54,32,13,5,3,20,8,1,2026,"YES","away"
"824",22500391,"2025-12-20","regular",1610612763,"MEM","MEM","WAS",48,122,45,100,45,16,44,36.4,16,22,72.7,19,29,48,31,14,7,3,19,-8,0,2026,"NO","home"
"825",22500392,"2025-12-20","regular",1610612744,"GSW","GSW","PHX",48,119,42,92,45.7,17,49,34.7,18,24,75,17,32,49,29,21,9,7,22,3,1,2026,"YES","home"
"826",22500392,"2025-12-20","regular",1610612756,"PHX","GSW","PHX",48,116,42,88,47.7,12,35,34.3,20,24,83.3,9,25,34,23,14,12,6,24,-3,0,2026,"NO","away"
"827",22500393,"2025-12-20","regular",1610612753,"ORL","UTA","ORL",53,128,47,96,49,11,37,29.7,23,33,69.7,14,38,52,32,13,6,9,29,1,1,2026,"YES","away"
"828",22500393,"2025-12-20","regular",1610612762,"UTA","UTA","ORL",53,127,44,105,41.9,15,43,34.9,24,30,80,18,34,52,34,12,7,2,29,-1,0,2026,"NO","home"
"829",22500394,"2025-12-20","regular",1610612757,"POR","SAC","POR",48,98,35,81,43.2,11,32,34.4,17,25,68,10,36,46,18,20,12,3,20,5,1,2026,"YES","away"
"830",22500394,"2025-12-20","regular",1610612758,"SAC","SAC","POR",48,93,33,87,37.9,6,31,19.4,21,31,67.7,18,32,50,18,18,14,6,19,-5,0,2026,"NO","home"
"831",22500395,"2025-12-20","regular",1610612746,"LAC","LAC","LAL",48,103,34,80,42.5,16,43,37.2,19,20,95,13,35,48,22,19,8,6,23,15,1,2026,"YES","home"
"832",22500395,"2025-12-20","regular",1610612747,"LAL","LAC","LAL",48,88,34,88,38.6,6,38,15.8,14,23,60.9,14,29,43,16,11,7,3,19,-15,0,2026,"NO","away"
"833",22500396,"2025-12-21","regular",1610612741,"CHI","ATL","CHI",48,152,53,92,57.6,20,42,47.6,26,39,66.7,11,29,40,41,12,9,3,21,2,1,2026,"YES","away"
"834",22500396,"2025-12-21","regular",1610612737,"ATL","ATL","CHI",48,150,51,98,52,23,47,48.9,25,32,78.1,6,29,35,39,10,6,7,25,-2,0,2026,"NO","home"
"835",22500397,"2025-12-21","regular",1610612751,"BKN","BKN","TOR",48,96,35,75,46.7,14,35,40,12,16,75,6,42,48,29,22,7,4,17,15,1,2026,"YES","home"
"836",22500397,"2025-12-21","regular",1610612761,"TOR","BKN","TOR",48,81,32,86,37.2,10,36,27.8,7,8,87.5,9,30,39,23,15,6,5,19,-15,0,2026,"NO","away"
"837",22500398,"2025-12-21","regular",1610612752,"NYK","NYK","MIA",48,132,47,85,55.3,20,38,52.6,18,21,85.7,4,32,36,28,13,7,3,25,7,1,2026,"YES","home"
"838",22500398,"2025-12-21","regular",1610612748,"MIA","NYK","MIA",48,125,41,87,47.1,17,35,48.6,26,35,74.3,12,33,45,26,11,5,1,14,-7,0,2026,"NO","away"
"839",22500399,"2025-12-21","regular",1610612759,"SAS","WAS","SAS",48,124,43,104,41.3,13,41,31.7,25,32,78.1,20,41,61,26,10,3,5,19,11,1,2026,"YES","away"
"840",22500399,"2025-12-21","regular",1610612764,"WAS","WAS","SAS",48,113,42,95,44.2,11,45,24.4,18,24,75,8,35,43,20,5,5,7,25,-11,0,2026,"NO","home"
"841",22500400,"2025-12-21","regular",1610612750,"MIN","MIN","MIL",48,103,37,88,42,14,46,30.4,15,23,65.2,11,35,46,28,10,10,4,18,3,1,2026,"YES","home"
"842",22500400,"2025-12-21","regular",1610612749,"MIL","MIN","MIL",48,100,35,87,40.2,13,45,28.9,17,20,85,11,40,51,27,18,6,2,15,-3,0,2026,"NO","away"
"843",22500401,"2025-12-21","regular",1610612758,"SAC","SAC","HOU",53,125,44,95,46.3,12,32,37.5,25,36,69.4,19,36,55,29,12,8,5,21,1,1,2026,"YES","home"
"844",22500401,"2025-12-21","regular",1610612745,"HOU","SAC","HOU",53,124,45,94,47.9,16,38,42.1,18,24,75,13,34,47,31,15,9,2,20,-1,0,2026,"NO","away"
"845",22500402,"2025-12-22","regular",1610612739,"CLE","CLE","CHA",48,139,48,87,55.2,24,44,54.5,19,19,100,5,25,30,36,13,9,2,20,7,1,2026,"YES","home"
"846",22500402,"2025-12-22","regular",1610612766,"CHA","CLE","CHA",48,132,46,94,48.9,21,42,50,19,25,76,17,27,44,29,20,10,3,18,-7,0,2026,"NO","away"
"847",22500403,"2025-12-22","regular",1610612738,"BOS","BOS","IND",48,103,38,89,42.7,11,37,29.7,16,19,84.2,11,38,49,19,13,6,6,16,8,1,2026,"YES","home"
"848",22500403,"2025-12-22","regular",1610612754,"IND","BOS","IND",48,95,33,85,38.8,13,40,32.5,16,18,88.9,9,27,36,19,13,4,3,21,-8,0,2026,"NO","away"
"849",22500404,"2025-12-22","regular",1610612740,"NOP","NOP","DAL",48,119,44,97,45.4,8,34,23.5,23,27,85.2,14,37,51,28,13,9,2,16,6,1,2026,"YES","home"
"850",22500404,"2025-12-22","regular",1610612742,"DAL","NOP","DAL",48,113,46,104,44.2,10,33,30.3,11,21,52.4,18,39,57,29,17,9,5,19,-6,0,2026,"NO","away"
"851",22500405,"2025-12-22","regular",1610612743,"DEN","DEN","UTA",48,135,46,92,50,24,47,51.1,19,25,76,9,42,51,37,11,8,7,17,23,1,2026,"YES","home"
"852",22500405,"2025-12-22","regular",1610612762,"UTA","DEN","UTA",48,112,41,96,42.7,14,41,34.1,16,19,84.2,11,38,49,30,14,5,1,19,-23,0,2026,"NO","away"
"853",22500406,"2025-12-22","regular",1610612760,"OKC","OKC","MEM",48,119,46,94,48.9,15,39,38.5,12,14,85.7,9,37,46,20,13,14,4,18,16,1,2026,"YES","home"
"854",22500406,"2025-12-22","regular",1610612763,"MEM","OKC","MEM",48,103,34,83,41,18,41,43.9,17,23,73.9,10,36,46,26,23,8,5,14,-16,0,2026,"NO","away"
"855",22500407,"2025-12-22","regular",1610612744,"GSW","GSW","ORL",48,120,46,89,51.7,11,37,29.7,17,24,70.8,14,33,47,33,13,8,6,20,23,1,2026,"YES","home"
"856",22500407,"2025-12-22","regular",1610612753,"ORL","GSW","ORL",48,97,36,87,41.4,7,27,25.9,18,26,69.2,16,32,48,21,18,8,5,21,-23,0,2026,"NO","away"
"857",22500408,"2025-12-22","regular",1610612765,"DET","POR","DET",48,110,44,101,43.6,7,30,23.3,15,24,62.5,22,26,48,28,10,11,7,28,8,1,2026,"YES","away"
"858",22500408,"2025-12-22","regular",1610612757,"POR","POR","DET",48,102,33,74,44.6,7,32,21.9,29,43,67.4,9,29,38,21,19,6,6,22,-8,0,2026,"NO","home"
"859",22500409,"2025-12-23","regular",1610612766,"CHA","CHA","WAS",48,126,42,93,45.2,20,50,40,22,27,81.5,14,37,51,35,5,3,6,16,17,1,2026,"YES","home"
"860",22500409,"2025-12-23","regular",1610612764,"WAS","CHA","WAS",48,109,40,97,41.2,10,35,28.6,19,23,82.6,18,31,49,22,6,3,7,20,-17,0,2026,"NO","away"
"861",22500410,"2025-12-23","regular",1610612751,"BKN","PHI","BKN",48,114,35,82,42.7,17,45,37.8,27,33,81.8,12,27,39,24,19,8,2,25,8,1,2026,"YES","away"
"862",22500410,"2025-12-23","regular",1610612755,"PHI","PHI","BKN",48,106,33,81,40.7,7,27,25.9,33,38,86.8,13,30,43,15,17,12,5,26,-8,0,2026,"NO","home"
"863",22500411,"2025-12-23","regular",1610612741,"CHI","ATL","CHI",48,126,46,91,50.5,13,39,33.3,21,28,75,9,39,48,35,16,4,5,18,3,1,2026,"YES","away"
"864",22500411,"2025-12-23","regular",1610612737,"ATL","ATL","CHI",48,123,48,95,50.5,14,42,33.3,13,20,65,6,32,38,38,12,9,4,24,-3,0,2026,"NO","home"
"865",22500412,"2025-12-23","regular",1610612739,"CLE","CLE","NOP",48,141,56,105,53.3,20,49,40.8,9,11,81.8,14,35,49,40,13,8,6,21,23,1,2026,"YES","home"
"866",22500412,"2025-12-23","regular",1610612740,"NOP","CLE","NOP",48,118,43,94,45.7,11,26,42.3,21,25,84,13,30,43,26,16,10,2,16,-23,0,2026,"NO","away"
"867",22500413,"2025-12-23","regular",1610612749,"MIL","IND","MIL",48,111,42,82,51.2,10,30,33.3,17,24,70.8,7,41,48,20,15,6,7,26,17,1,2026,"YES","away"
"868",22500413,"2025-12-23","regular",1610612754,"IND","IND","MIL",48,94,33,81,40.7,8,31,25.8,20,33,60.6,7,33,40,20,12,7,3,21,-17,0,2026,"NO","home"
"869",22500414,"2025-12-23","regular",1610612761,"TOR","MIA","TOR",48,112,41,86,47.7,14,38,36.8,16,18,88.9,15,35,50,29,17,12,5,19,21,1,2026,"YES","away"
"870",22500414,"2025-12-23","regular",1610612748,"MIA","MIA","TOR",48,91,33,82,40.2,8,30,26.7,17,20,85,10,30,40,18,18,12,1,18,-21,0,2026,"NO","home"
"871",22500415,"2025-12-23","regular",1610612742,"DAL","DAL","DEN",48,131,53,93,57,11,27,40.7,14,15,93.3,11,25,36,34,11,9,2,12,1,1,2026,"YES","home"
"872",22500415,"2025-12-23","regular",1610612743,"DEN","DAL","DEN",48,130,50,87,57.5,20,41,48.8,10,10,100,7,27,34,39,15,8,1,16,-1,0,2026,"NO","away"
"873",22500416,"2025-12-23","regular",1610612750,"MIN","MIN","NYK",48,115,42,93,45.2,15,46,32.6,16,23,69.6,10,32,42,25,11,12,9,15,11,1,2026,"YES","home"
"874",22500416,"2025-12-23","regular",1610612752,"NYK","MIN","NYK",48,104,41,99,41.4,11,30,36.7,11,15,73.3,18,37,55,20,19,8,2,21,-11,0,2026,"NO","away"
"875",22500417,"2025-12-23","regular",1610612759,"SAS","SAS","OKC",48,130,48,84,57.1,16,36,44.4,18,24,75,10,24,34,34,9,10,3,13,20,1,2026,"YES","home"
"876",22500417,"2025-12-23","regular",1610612760,"OKC","SAS","OKC",48,110,46,85,54.1,12,30,40,6,7,85.7,9,27,36,23,15,5,1,17,-20,0,2026,"NO","away"
"877",22500418,"2025-12-23","regular",1610612756,"PHX","PHX","LAL",48,132,50,85,58.8,14,34,41.2,18,20,90,12,26,38,35,14,10,6,24,24,1,2026,"YES","home"
"878",22500418,"2025-12-23","regular",1610612747,"LAL","PHX","LAL",48,108,39,81,48.1,12,32,37.5,18,29,62.1,14,24,38,22,17,7,4,22,-24,0,2026,"NO","away"
"879",22500419,"2025-12-23","regular",1610612763,"MEM","UTA","MEM",48,137,49,88,55.7,19,45,42.2,20,29,69,8,33,41,41,15,10,8,23,9,1,2026,"YES","away"
"880",22500419,"2025-12-23","regular",1610612762,"UTA","UTA","MEM",48,128,40,90,44.4,16,45,35.6,32,36,88.9,12,28,40,29,13,9,2,21,-9,0,2026,"NO","home"
"881",22500420,"2025-12-23","regular",1610612753,"ORL","POR","ORL",48,110,37,85,43.5,15,33,45.5,21,23,91.3,10,28,38,26,15,10,5,21,4,1,2026,"YES","away"
"882",22500420,"2025-12-23","regular",1610612757,"POR","POR","ORL",48,106,41,87,47.1,9,32,28.1,15,19,78.9,11,34,45,23,17,9,7,22,-4,0,2026,"NO","home"
"883",22500421,"2025-12-23","regular",1610612765,"DET","SAC","DET",48,136,51,95,53.7,14,32,43.8,20,28,71.4,16,26,42,38,15,9,8,23,9,1,2026,"YES","away"
"884",22500421,"2025-12-23","regular",1610612758,"SAC","SAC","DET",48,127,42,92,45.7,11,33,33.3,32,37,86.5,19,23,42,26,13,12,5,25,-9,0,2026,"NO","home"
"885",22500422,"2025-12-23","regular",1610612746,"LAC","LAC","HOU",48,128,42,77,54.5,20,37,54.1,24,27,88.9,6,28,34,25,10,7,4,19,20,1,2026,"YES","home"
"886",22500422,"2025-12-23","regular",1610612745,"HOU","LAC","HOU",48,108,43,86,50,9,30,30,13,18,72.2,15,27,42,25,13,5,6,20,-20,0,2026,"NO","away"
"887",22500009,"2025-12-25","regular",1610612752,"NYK","NYK","CLE",48,126,44,94,46.8,21,44,47.7,17,22,77.3,12,31,43,28,13,9,4,17,2,1,2026,"YES","home"
"888",22500009,"2025-12-25","regular",1610612739,"CLE","NYK","CLE",48,124,45,86,52.3,15,34,44.1,19,23,82.6,9,36,45,30,14,7,0,22,-2,0,2026,"NO","away"
"889",22500010,"2025-12-25","regular",1610612759,"SAS","OKC","SAS",48,117,45,84,53.6,11,29,37.9,16,21,76.2,10,39,49,20,13,3,4,16,15,1,2026,"YES","away"
"890",22500010,"2025-12-25","regular",1610612760,"OKC","OKC","SAS",48,102,37,95,38.9,11,44,25,17,25,68,16,32,48,23,7,7,6,18,-15,0,2026,"NO","home"
"891",22500011,"2025-12-25","regular",1610612744,"GSW","GSW","DAL",48,126,44,99,44.4,14,50,28,24,26,92.3,13,36,49,33,11,9,4,22,10,1,2026,"YES","home"
"892",22500011,"2025-12-25","regular",1610612742,"DAL","GSW","DAL",48,116,49,89,55.1,4,14,28.6,14,21,66.7,3,38,41,18,11,5,5,16,-10,0,2026,"NO","away"
"893",22500012,"2025-12-25","regular",1610612745,"HOU","LAL","HOU",48,119,48,90,53.3,8,24,33.3,15,19,78.9,17,31,48,24,16,10,6,13,23,1,2026,"YES","away"
"894",22500012,"2025-12-25","regular",1610612747,"LAL","LAL","HOU",48,96,39,77,50.6,11,30,36.7,7,11,63.6,7,18,25,19,16,7,5,17,-23,0,2026,"NO","home"
"895",22500013,"2025-12-25","regular",1610612743,"DEN","DEN","MIN",53,142,47,101,46.5,19,43,44.2,29,32,90.6,11,34,45,31,17,6,5,18,4,1,2026,"YES","home"
"896",22500013,"2025-12-25","regular",1610612750,"MIN","DEN","MIN",53,138,51,104,49,12,45,26.7,24,30,80,11,36,47,31,15,10,12,27,-4,0,2026,"NO","away"
"897",22500423,"2025-12-26","regular",1610612748,"MIA","ATL","MIA",48,126,49,104,47.1,11,36,30.6,17,18,94.4,13,39,52,29,12,14,2,16,15,1,2026,"YES","away"
"898",22500423,"2025-12-26","regular",1610612737,"ATL","ATL","MIA",48,111,40,85,47.1,12,36,33.3,19,21,90.5,5,37,42,26,21,6,5,16,-15,0,2026,"NO","home"
"899",22500424,"2025-12-26","regular",1610612766,"CHA","ORL","CHA",48,120,41,87,47.1,19,39,48.7,19,28,67.9,16,37,53,23,15,3,6,19,15,1,2026,"YES","away"
"900",22500424,"2025-12-26","regular",1610612753,"ORL","ORL","CHA",48,105,37,93,39.8,11,35,31.4,20,23,87,16,26,42,22,9,7,7,25,-15,0,2026,"NO","home"
"901",22500425,"2025-12-26","regular",1610612764,"WAS","WAS","TOR",48,138,54,91,59.3,15,33,45.5,15,18,83.3,6,40,46,26,14,8,7,23,21,1,2026,"YES","home"
"902",22500425,"2025-12-26","regular",1610612761,"TOR","WAS","TOR",48,117,40,91,44,12,36,33.3,25,27,92.6,8,25,33,26,11,10,5,16,-21,0,2026,"NO","away"
"903",22500426,"2025-12-26","regular",1610612738,"BOS","IND","BOS",48,140,47,83,56.6,20,39,51.3,26,34,76.5,12,31,43,26,14,8,3,22,18,1,2026,"YES","away"
"904",22500426,"2025-12-26","regular",1610612754,"IND","IND","BOS",48,122,44,89,49.4,18,44,40.9,16,20,80,11,24,35,29,14,6,3,28,-18,0,2026,"NO","home"
"905",22500427,"2025-12-26","regular",1610612741,"CHI","CHI","PHI",48,109,38,86,44.2,14,41,34.1,19,25,76,12,40,52,31,12,3,6,18,7,1,2026,"YES","home"
"906",22500427,"2025-12-26","regular",1610612755,"PHI","CHI","PHI",48,102,35,93,37.6,11,39,28.2,21,24,87.5,13,33,46,22,9,7,4,20,-7,0,2026,"NO","away"
"907",22500428,"2025-12-26","regular",1610612763,"MEM","MEM","MIL",48,125,43,85,50.6,13,34,38.2,26,32,81.3,7,35,42,28,14,12,9,19,21,1,2026,"YES","home"
"908",22500428,"2025-12-26","regular",1610612749,"MIL","MEM","MIL",48,104,36,84,42.9,14,39,35.9,18,24,75,15,33,48,18,22,11,2,25,-21,0,2026,"NO","away"
"909",22500429,"2025-12-26","regular",1610612756,"PHX","NOP","PHX",48,115,44,91,48.4,8,40,20,19,25,76,16,36,52,26,18,9,4,27,7,1,2026,"YES","away"
"910",22500429,"2025-12-26","regular",1610612740,"NOP","NOP","PHX",48,108,39,88,44.3,5,25,20,25,42,59.5,12,26,38,22,12,10,2,22,-7,0,2026,"NO","home"
"911",22500430,"2025-12-26","regular",1610612762,"UTA","UTA","DET",48,131,44,90,48.9,18,38,47.4,25,26,96.2,13,29,42,35,18,12,8,20,2,1,2026,"YES","home"
"912",22500430,"2025-12-26","regular",1610612765,"DET","UTA","DET",48,129,48,92,52.2,18,37,48.6,15,23,65.2,10,31,41,38,17,11,10,23,-2,0,2026,"NO","away"
"913",22500431,"2025-12-26","regular",1610612746,"LAC","POR","LAC",48,119,35,69,50.7,20,40,50,29,31,93.5,4,28,32,21,13,6,5,18,16,1,2026,"YES","away"
"914",22500431,"2025-12-26","regular",1610612757,"POR","POR","LAC",48,103,36,80,45,16,39,41,15,22,68.2,13,30,43,23,15,6,2,20,-16,0,2026,"NO","home"
"915",22500432,"2025-12-27","regular",1610612758,"SAC","SAC","DAL",48,113,45,104,43.3,17,38,44.7,6,8,75,14,36,50,32,11,16,7,15,6,1,2026,"YES","home"
"916",22500432,"2025-12-27","regular",1610612742,"DAL","SAC","DAL",48,107,40,87,46,13,27,48.1,14,20,70,11,40,51,23,21,6,8,11,-6,0,2026,"NO","away"
"917",22500433,"2025-12-27","regular",1610612753,"ORL","ORL","DEN",48,127,46,89,51.7,10,29,34.5,25,37,67.6,9,26,35,32,6,8,0,25,1,1,2026,"YES","home"
"918",22500433,"2025-12-27","regular",1610612743,"DEN","ORL","DEN",48,126,44,86,51.2,11,29,37.9,27,30,90,15,34,49,27,16,5,3,23,-1,0,2026,"NO","away"
"919",22500434,"2025-12-27","regular",1610612756,"PHX","NOP","PHX",48,123,45,98,45.9,20,44,45.5,13,19,68.4,22,33,55,26,17,7,3,23,9,1,2026,"YES","away"
"920",22500434,"2025-12-27","regular",1610612740,"NOP","NOP","PHX",48,114,38,87,43.7,9,27,33.3,29,33,87.9,14,29,43,16,13,11,7,22,-9,0,2026,"NO","home"
"921",22500435,"2025-12-27","regular",1610612752,"NYK","ATL","NYK",48,128,43,95,45.3,15,43,34.9,27,32,84.4,19,36,55,27,14,9,4,25,3,1,2026,"YES","away"
"922",22500435,"2025-12-27","regular",1610612737,"ATL","ATL","NYK",48,125,43,89,48.3,17,43,39.5,22,27,81.5,9,28,37,33,12,6,3,20,-3,0,2026,"NO","home"
"923",22500436,"2025-12-27","regular",1610612748,"MIA","MIA","IND",48,142,55,107,51.4,12,31,38.7,20,21,95.2,17,32,49,33,11,17,5,15,26,1,2026,"YES","home"
"924",22500436,"2025-12-27","regular",1610612754,"IND","MIA","IND",48,116,46,93,49.5,12,38,31.6,12,16,75,15,30,45,30,26,6,5,22,-26,0,2026,"NO","away"
"925",22500437,"2025-12-27","regular",1610612749,"MIL","CHI","MIL",48,112,40,86,46.5,13,36,36.1,19,24,79.2,11,36,47,22,12,12,3,16,9,1,2026,"YES","away"
"926",22500437,"2025-12-27","regular",1610612741,"CHI","CHI","MIL",48,103,39,93,41.9,13,38,34.2,12,16,75,16,36,52,28,15,5,2,18,-9,0,2026,"NO","home"
"927",22500438,"2025-12-27","regular",1610612745,"HOU","HOU","CLE",48,117,43,88,48.9,16,35,45.7,15,21,71.4,18,33,51,27,17,12,9,14,17,1,2026,"YES","home"
"928",22500438,"2025-12-27","regular",1610612739,"CLE","HOU","CLE",48,100,41,96,42.7,11,36,30.6,7,11,63.6,15,27,42,23,15,10,6,15,-17,0,2026,"NO","away"
"929",22500439,"2025-12-27","regular",1610612751,"BKN","MIN","BKN",48,123,46,84,54.8,11,40,27.5,20,21,95.2,9,30,39,32,16,8,2,22,16,1,2026,"YES","away"
"930",22500439,"2025-12-27","regular",1610612750,"MIN","MIN","BKN",48,107,37,83,44.6,13,31,41.9,20,28,71.4,10,24,34,27,11,8,1,20,-16,0,2026,"NO","home"
"931",22500440,"2025-12-27","regular",1610612762,"UTA","SAS","UTA",48,127,45,83,54.2,17,37,45.9,20,26,76.9,7,30,37,34,16,9,4,19,13,1,2026,"YES","away"
"932",22500440,"2025-12-27","regular",1610612759,"SAS","SAS","UTA",48,114,43,99,43.4,10,44,22.7,18,21,85.7,15,31,46,30,12,6,7,22,-13,0,2026,"NO","home"
"933",22500441,"2025-12-28","regular",1610612761,"TOR","TOR","GSW",53,141,56,110,50.9,13,42,31,16,18,88.9,18,37,55,40,15,10,2,26,14,1,2026,"YES","home"
"934",22500441,"2025-12-28","regular",1610612744,"GSW","TOR","GSW",53,127,43,96,44.8,16,44,36.4,25,28,89.3,14,28,42,25,21,9,9,20,-14,0,2026,"NO","away"
"935",22500442,"2025-12-28","regular",1610612760,"OKC","OKC","PHI",48,129,50,87,57.5,10,28,35.7,19,25,76,9,26,35,27,14,12,6,18,25,1,2026,"YES","home"
"936",22500442,"2025-12-28","regular",1610612755,"PHI","OKC","PHI",48,104,35,83,42.2,17,43,39.5,17,21,81,13,25,38,21,23,5,5,22,-25,0,2026,"NO","away"
"937",22500443,"2025-12-28","regular",1610612764,"WAS","WAS","MEM",48,116,42,99,42.4,8,33,24.2,24,25,96,15,39,54,26,19,9,12,21,4,1,2026,"YES","home"
"938",22500443,"2025-12-28","regular",1610612763,"MEM","WAS","MEM",48,112,43,103,41.7,9,32,28.1,17,21,81,10,33,43,27,16,14,8,17,-4,0,2026,"NO","away"
"939",22500444,"2025-12-28","regular",1610612757,"POR","POR","BOS",48,114,42,89,47.2,18,51,35.3,12,21,57.1,16,32,48,26,20,7,2,19,6,1,2026,"YES","home"
"940",22500444,"2025-12-28","regular",1610612738,"BOS","POR","BOS",48,108,40,91,44,13,44,29.5,15,19,78.9,12,27,39,19,19,13,5,23,-6,0,2026,"NO","away"
"941",22500445,"2025-12-28","regular",1610612746,"LAC","LAC","DET",48,112,35,75,46.7,14,34,41.2,28,29,96.6,8,27,35,18,12,12,6,26,13,1,2026,"YES","home"
"942",22500445,"2025-12-28","regular",1610612765,"DET","LAC","DET",48,99,34,82,41.5,7,29,24.1,24,28,85.7,15,30,45,18,13,9,6,20,-13,0,2026,"NO","away"
"943",22500446,"2025-12-28","regular",1610612747,"LAL","LAL","SAC",48,125,47,89,52.8,15,38,39.5,16,18,88.9,8,33,41,25,16,14,4,19,24,1,2026,"YES","home"
"944",22500446,"2025-12-28","regular",1610612758,"SAC","LAL","SAC",48,101,40,83,48.2,8,29,27.6,13,19,68.4,10,29,39,24,19,11,3,20,-24,0,2026,"NO","away"
"945",22500447,"2025-12-29","regular",1610612749,"MIL","CHA","MIL",48,123,44,84,52.4,16,34,47.1,19,22,86.4,5,26,31,29,9,9,5,17,10,1,2026,"YES","away"
"946",22500447,"2025-12-29","regular",1610612766,"CHA","CHA","MIL",48,113,40,93,43,17,46,37,16,20,80,17,30,47,28,13,5,3,21,-10,0,2026,"NO","home"
"947",22500448,"2025-12-29","regular",1610612756,"PHX","WAS","PHX",48,115,41,101,40.6,17,40,42.5,16,18,88.9,20,31,51,25,10,8,3,14,14,1,2026,"YES","away"
"948",22500448,"2025-12-29","regular",1610612764,"WAS","WAS","PHX",48,101,36,78,46.2,13,32,40.6,16,21,76.2,9,34,43,21,16,6,8,20,-14,0,2026,"NO","home"
"949",22500449,"2025-12-29","regular",1610612744,"GSW","BKN","GSW",48,120,41,77,53.2,10,33,30.3,28,34,82.4,6,34,40,26,14,11,5,21,13,1,2026,"YES","away"
"950",22500449,"2025-12-29","regular",1610612751,"BKN","BKN","GSW",48,107,36,80,45,18,42,42.9,17,23,73.9,9,25,34,22,15,10,5,27,-13,0,2026,"NO","home"
"951",22500450,"2025-12-29","regular",1610612748,"MIA","MIA","DEN",48,147,53,99,53.5,22,46,47.8,19,23,82.6,15,31,46,40,10,8,4,22,24,1,2026,"YES","home"
"952",22500450,"2025-12-29","regular",1610612743,"DEN","MIA","DEN",48,123,47,89,52.8,11,31,35.5,18,22,81.8,6,30,36,29,10,5,4,21,-24,0,2026,"NO","away"
"953",22500451,"2025-12-29","regular",1610612761,"TOR","TOR","ORL",48,107,39,99,39.4,8,34,23.5,21,29,72.4,21,37,58,22,6,6,7,22,1,1,2026,"YES","home"
"954",22500451,"2025-12-29","regular",1610612753,"ORL","TOR","ORL",48,106,37,91,40.7,9,32,28.1,23,27,85.2,15,37,52,25,8,4,5,24,-1,0,2026,"NO","away"
"955",22500452,"2025-12-29","regular",1610612750,"MIN","CHI","MIN",48,136,51,95,53.7,15,37,40.5,19,25,76,7,39,46,32,5,9,9,12,35,1,2026,"YES","away"
"956",22500452,"2025-12-29","regular",1610612741,"CHI","CHI","MIN",48,101,38,93,40.9,13,38,34.2,12,14,85.7,10,32,42,25,17,3,7,17,-35,0,2026,"NO","home"
"957",22500453,"2025-12-29","regular",1610612745,"HOU","HOU","IND",48,126,49,83,59,10,27,37,18,24,75,14,36,50,21,19,4,6,17,7,1,2026,"YES","home"
"958",22500453,"2025-12-29","regular",1610612754,"IND","HOU","IND",48,119,44,88,50,18,34,52.9,13,20,65,7,22,29,30,9,12,3,22,-7,0,2026,"NO","away"
"959",22500454,"2025-12-29","regular",1610612752,"NYK","NOP","NYK",48,130,46,95,48.4,20,44,45.5,18,19,94.7,10,32,42,35,9,8,4,19,5,1,2026,"YES","away"
"960",22500454,"2025-12-29","regular",1610612740,"NOP","NOP","NYK",48,125,44,96,45.8,14,36,38.9,23,27,85.2,16,34,50,27,12,6,8,15,-5,0,2026,"NO","home"
"961",22500455,"2025-12-29","regular",1610612760,"OKC","OKC","ATL",48,140,53,98,54.1,12,32,37.5,22,23,95.7,10,39,49,27,14,9,7,18,11,1,2026,"YES","home"
"962",22500455,"2025-12-29","regular",1610612737,"ATL","OKC","ATL",48,129,46,97,47.4,25,54,46.3,12,17,70.6,10,28,38,32,16,11,4,20,-11,0,2026,"NO","away"
"963",22500456,"2025-12-29","regular",1610612739,"CLE","SAS","CLE",48,113,41,96,42.7,13,42,31,18,20,90,10,37,47,29,14,12,4,24,12,1,2026,"YES","away"
"964",22500456,"2025-12-29","regular",1610612759,"SAS","SAS","CLE",48,101,32,83,38.6,7,31,22.6,30,36,83.3,10,42,52,21,18,7,2,17,-12,0,2026,"NO","home"
"965",22500457,"2025-12-29","regular",1610612757,"POR","POR","DAL",48,125,46,97,47.4,16,41,39,17,22,77.3,17,31,48,27,16,3,3,24,3,1,2026,"YES","home"
"966",22500457,"2025-12-29","regular",1610612742,"DAL","POR","DAL",48,122,46,91,50.5,11,32,34.4,19,24,79.2,8,33,41,33,12,6,7,19,-3,0,2026,"NO","away"
"967",22500458,"2025-12-30","regular",1610612755,"PHI","MEM","PHI",53,139,51,111,45.9,15,42,35.7,22,27,81.5,14,27,41,33,9,14,5,23,3,1,2026,"YES","away"
"968",22500458,"2025-12-30","regular",1610612763,"MEM","MEM","PHI",53,136,51,92,55.4,11,29,37.9,23,26,88.5,9,42,51,28,20,2,10,18,-3,0,2026,"NO","home"
"969",22500459,"2025-12-30","regular",1610612738,"BOS","UTA","BOS",48,129,48,94,51.1,13,44,29.5,20,23,87,11,33,44,27,8,8,9,17,10,1,2026,"YES","away"
"970",22500459,"2025-12-30","regular",1610612762,"UTA","UTA","BOS",48,119,41,87,47.1,16,42,38.1,21,25,84,9,31,40,31,13,4,3,17,-10,0,2026,"NO","home"
"971",22500460,"2025-12-30","regular",1610612765,"DET","LAL","DET",48,128,48,76,63.2,11,24,45.8,21,29,72.4,6,31,37,30,20,12,4,26,22,1,2026,"YES","away"
"972",22500460,"2025-12-30","regular",1610612747,"LAL","LAL","DET",48,106,37,82,45.1,11,39,28.2,21,31,67.7,11,22,33,28,21,10,3,24,-22,0,2026,"NO","home"
"973",22500461,"2025-12-30","regular",1610612746,"LAC","LAC","SAC",48,131,46,90,51.1,14,38,36.8,25,32,78.1,11,31,42,29,4,13,9,14,41,1,2026,"YES","home"
"974",22500461,"2025-12-30","regular",1610612758,"SAC","LAC","SAC",48,90,34,83,41,9,27,33.3,13,14,92.9,11,28,39,18,19,1,8,20,-41,0,2026,"NO","away"
"975",22500462,"2025-12-31","regular",1610612744,"GSW","CHA","GSW",48,132,46,83,55.4,24,49,49,16,17,94.1,10,27,37,35,19,7,3,20,7,1,2026,"YES","away"
"976",22500462,"2025-12-31","regular",1610612766,"CHA","CHA","GSW",48,125,48,93,51.6,16,40,40,13,17,76.5,11,26,37,35,15,11,1,23,-7,0,2026,"NO","home"
"977",22500463,"2025-12-31","regular",1610612737,"ATL","ATL","MIN",48,126,51,104,49,16,42,38.1,8,16,50,16,33,49,38,10,9,4,15,24,1,2026,"YES","home"
"978",22500463,"2025-12-31","regular",1610612750,"MIN","ATL","MIN",48,102,37,87,42.5,14,40,35,14,18,77.8,11,35,46,22,16,5,6,16,-24,0,2026,"NO","away"
"979",22500464,"2025-12-31","regular",1610612753,"ORL","IND","ORL",48,112,43,90,47.8,3,21,14.3,23,28,82.1,8,41,49,28,19,9,4,23,2,1,2026,"YES","away"
"980",22500464,"2025-12-31","regular",1610612754,"IND","IND","ORL",48,110,36,83,43.4,12,35,34.3,26,32,81.3,5,34,39,22,16,10,3,24,-2,0,2026,"NO","home"
"981",22500465,"2025-12-31","regular",1610612739,"CLE","CLE","PHX",48,129,48,96,50,15,38,39.5,18,22,81.8,14,40,54,31,15,7,9,17,16,1,2026,"YES","home"
"982",22500465,"2025-12-31","regular",1610612756,"PHX","CLE","PHX",48,113,42,105,40,15,36,41.7,14,16,87.5,19,33,52,23,14,8,5,20,-16,0,2026,"NO","away"
"983",22500466,"2025-12-31","regular",1610612741,"CHI","CHI","NOP",48,134,47,92,51.1,15,43,34.9,25,34,73.5,8,41,49,33,9,5,7,18,16,1,2026,"YES","home"
"984",22500466,"2025-12-31","regular",1610612740,"NOP","CHI","NOP",48,118,42,98,42.9,12,38,31.6,22,27,81.5,12,34,46,25,10,4,9,24,-16,0,2026,"NO","away"
"985",22500467,"2025-12-31","regular",1610612759,"SAS","SAS","NYK",48,134,44,89,49.4,14,38,36.8,32,40,80,11,37,48,25,11,7,3,17,2,1,2026,"YES","home"
"986",22500467,"2025-12-31","regular",1610612752,"NYK","SAS","NYK",48,132,46,96,47.9,22,52,42.3,18,20,90,10,30,40,32,10,7,2,30,-2,0,2026,"NO","away"
"987",22500468,"2025-12-31","regular",1610612743,"DEN","TOR","DEN",48,106,34,80,42.5,10,34,29.4,28,34,82.4,9,38,47,17,11,5,5,18,3,1,2026,"YES","away"
"988",22500468,"2025-12-31","regular",1610612761,"TOR","TOR","DEN",48,103,37,100,37,12,45,26.7,17,21,81,17,33,50,27,8,6,4,25,-3,0,2026,"NO","home"
"989",22500469,"2025-12-31","regular",1610612764,"WAS","MIL","WAS",48,114,41,94,43.6,19,39,48.7,13,20,65,13,31,44,31,10,8,8,18,1,1,2026,"YES","away"
"990",22500469,"2025-12-31","regular",1610612749,"MIL","MIL","WAS",48,113,41,89,46.1,16,39,41,15,22,68.2,11,37,48,24,15,2,6,14,-1,0,2026,"NO","home"
"991",22500470,"2025-12-31","regular",1610612760,"OKC","OKC","POR",48,124,44,90,48.9,16,49,32.7,20,26,76.9,5,36,41,29,15,15,10,18,29,1,2026,"YES","home"
"992",22500470,"2025-12-31","regular",1610612757,"POR","OKC","POR",48,95,34,87,39.1,14,35,40,13,17,76.5,12,38,50,20,25,10,3,21,-29,0,2026,"NO","away"
"993",22500471,"2026-01-01","regular",1610612745,"HOU","BKN","HOU",48,120,47,82,57.3,12,29,41.4,14,18,77.8,13,32,45,28,14,8,7,22,24,1,2026,"YES","away"
"994",22500471,"2026-01-01","regular",1610612751,"BKN","BKN","HOU",48,96,34,76,44.7,10,30,33.3,18,30,60,10,17,27,18,13,12,2,17,-24,0,2026,"NO","home"
"995",22500472,"2026-01-01","regular",1610612748,"MIA","DET","MIA",48,118,43,99,43.4,14,39,35.9,18,20,90,15,34,49,25,20,14,6,19,6,1,2026,"YES","away"
"996",22500472,"2026-01-01","regular",1610612765,"DET","DET","MIA",48,112,38,80,47.5,9,26,34.6,27,31,87.1,6,34,40,25,21,11,9,20,-6,0,2026,"NO","home"
"997",22500473,"2026-01-01","regular",1610612755,"PHI","DAL","PHI",48,123,48,90,53.3,13,36,36.1,14,16,87.5,6,37,43,22,12,10,7,19,15,1,2026,"YES","away"
"998",22500473,"2026-01-01","regular",1610612742,"DAL","DAL","PHI",48,108,42,94,44.7,6,28,21.4,18,20,90,7,32,39,23,13,8,1,12,-15,0,2026,"NO","home"
"999",22500474,"2026-01-01","regular",1610612738,"BOS","SAC","BOS",48,120,44,87,50.6,17,41,41.5,15,18,83.3,5,35,40,25,13,8,6,12,14,1,2026,"YES","away"
"1000",22500474,"2026-01-01","regular",1610612758,"SAC","SAC","BOS",48,106,40,85,47.1,12,36,33.3,14,15,93.3,8,24,32,29,9,7,2,17,-14,0,2026,"NO","home"
"1001",22500475,"2026-01-01","regular",1610612746,"LAC","LAC","UTA",48,118,40,89,44.9,16,51,31.4,22,26,84.6,16,31,47,20,13,8,7,22,17,1,2026,"YES","home"
"1002",22500475,"2026-01-01","regular",1610612762,"UTA","LAC","UTA",48,101,36,78,46.2,6,27,22.2,23,30,76.7,7,28,35,20,18,7,5,21,-17,0,2026,"NO","away"
"1003",22500476,"2026-01-02","regular",1610612759,"SAS","IND","SAS",48,123,44,98,44.9,13,46,28.3,22,28,78.6,12,37,49,23,13,8,2,17,10,1,2026,"YES","away"
"1004",22500476,"2026-01-02","regular",1610612754,"IND","IND","SAS",48,113,44,86,51.2,12,30,40,13,15,86.7,1,38,39,26,14,9,4,28,-10,0,2026,"NO","home"
"1005",22500477,"2026-01-02","regular",1610612764,"WAS","WAS","BKN",48,119,47,92,51.1,11,29,37.9,14,16,87.5,13,38,51,24,19,10,9,20,20,1,2026,"YES","home"
"1006",22500477,"2026-01-02","regular",1610612751,"BKN","WAS","BKN",48,99,34,86,39.5,6,29,20.7,25,28,89.3,9,24,33,20,16,15,8,16,-20,0,2026,"NO","away"
"1007",22500478,"2026-01-02","regular",1610612739,"CLE","CLE","DEN",48,113,43,86,50,16,39,41,11,19,57.9,14,41,55,32,17,6,8,18,5,1,2026,"YES","home"
"1008",22500478,"2026-01-02","regular",1610612743,"DEN","CLE","DEN",48,108,40,94,42.6,17,47,36.2,11,13,84.6,5,27,32,26,9,8,3,15,-5,0,2026,"NO","away"
"1009",22500479,"2026-01-02","regular",1610612737,"ATL","NYK","ATL",48,111,42,88,47.7,12,36,33.3,15,25,60,9,40,49,31,13,12,2,21,12,1,2026,"YES","away"
"1010",22500479,"2026-01-02","regular",1610612752,"NYK","NYK","ATL",48,99,36,97,37.1,9,42,21.4,18,21,85.7,14,38,52,27,15,8,6,17,-12,0,2026,"NO","home"
"1011",22500480,"2026-01-02","regular",1610612741,"CHI","CHI","ORL",48,121,45,90,50,14,41,34.1,17,19,89.5,9,38,47,31,13,6,5,15,7,1,2026,"YES","home"
"1012",22500480,"2026-01-02","regular",1610612753,"ORL","CHI","ORL",48,114,43,86,50,14,32,43.8,14,21,66.7,5,31,36,28,11,10,5,23,-7,0,2026,"NO","away"
"1013",22500481,"2026-01-02","regular",1610612749,"MIL","MIL","CHA",48,122,45,87,51.7,16,37,43.2,16,18,88.9,8,28,36,31,11,7,4,23,1,1,2026,"YES","home"
"1014",22500481,"2026-01-02","regular",1610612766,"CHA","MIL","CHA",48,121,40,82,48.8,18,40,45,23,28,82.1,8,31,39,27,14,5,3,18,-1,0,2026,"NO","away"
"1015",22500482,"2026-01-02","regular",1610612757,"POR","NOP","POR",48,122,41,92,44.6,16,47,34,24,30,80,19,27,46,27,9,6,7,17,13,1,2026,"YES","away"
"1016",22500482,"2026-01-02","regular",1610612740,"NOP","NOP","POR",48,109,44,98,44.9,8,30,26.7,13,18,72.2,19,23,42,22,15,8,11,22,-13,0,2026,"NO","home"
"1017",22500483,"2026-01-02","regular",1610612756,"PHX","PHX","SAC",48,129,49,87,56.3,8,31,25.8,23,28,82.1,7,35,42,23,12,16,9,23,27,1,2026,"YES","home"
"1018",22500483,"2026-01-02","regular",1610612758,"SAC","PHX","SAC",48,102,35,85,41.2,10,28,35.7,22,32,68.8,14,28,42,20,21,6,3,23,-27,0,2026,"NO","away"
"1019",22500484,"2026-01-02","regular",1610612760,"OKC","GSW","OKC",48,131,48,92,52.2,16,38,42.1,19,19,100,9,42,51,34,14,10,5,21,37,1,2026,"YES","away"
"1020",22500484,"2026-01-02","regular",1610612744,"GSW","GSW","OKC",48,94,32,90,35.6,13,44,29.5,17,23,73.9,14,29,43,23,17,8,5,18,-37,0,2026,"NO","home"
"1021",22500485,"2026-01-02","regular",1610612747,"LAL","LAL","MEM",48,128,45,77,58.4,11,32,34.4,27,31,87.1,6,36,42,26,20,9,4,21,7,1,2026,"YES","home"
"1022",22500485,"2026-01-02","regular",1610612763,"MEM","LAL","MEM",48,121,46,96,47.9,14,42,33.3,15,23,65.2,8,26,34,32,15,10,2,20,-7,0,2026,"NO","away"
"1023",22500486,"2026-01-03","regular",1610612750,"MIN","MIA","MIN",48,125,46,85,54.1,11,38,28.9,22,25,88,10,30,40,26,14,9,5,20,10,1,2026,"YES","away"
"1024",22500486,"2026-01-03","regular",1610612748,"MIA","MIA","MIN",48,115,41,87,47.1,14,37,37.8,19,22,86.4,11,26,37,27,19,7,2,22,-10,0,2026,"NO","home"
"1025",22500487,"2026-01-03","regular",1610612755,"PHI","NYK","PHI",48,130,49,90,54.4,17,36,47.2,15,23,65.2,9,38,47,25,14,7,10,23,11,1,2026,"YES","away"
"1026",22500487,"2026-01-03","regular",1610612752,"NYK","NYK","PHI",48,119,38,89,42.7,16,40,40,27,32,84.4,14,30,44,23,16,9,2,18,-11,0,2026,"NO","home"
"1027",22500488,"2026-01-03","regular",1610612761,"TOR","TOR","ATL",48,134,49,92,53.3,12,31,38.7,24,26,92.3,10,38,48,28,14,10,8,20,17,1,2026,"YES","home"
"1028",22500488,"2026-01-03","regular",1610612737,"ATL","TOR","ATL",48,117,42,91,46.2,17,39,43.6,16,19,84.2,7,29,36,32,16,10,3,19,-17,0,2026,"NO","away"
"1029",22500489,"2026-01-03","regular",1610612766,"CHA","CHI","CHA",48,112,39,91,42.9,15,41,36.6,19,23,82.6,13,39,52,23,12,7,3,12,13,1,2026,"YES","away"
"1030",22500489,"2026-01-03","regular",1610612741,"CHI","CHI","CHA",48,99,39,87,44.8,11,41,26.8,10,14,71.4,6,37,43,32,11,9,5,16,-13,0,2026,"NO","home"
"1031",22500490,"2026-01-03","regular",1610612757,"POR","SAS","POR",48,115,40,91,44,19,45,42.2,16,27,59.3,15,36,51,24,11,3,4,16,5,1,2026,"YES","away"
"1032",22500490,"2026-01-03","regular",1610612759,"SAS","SAS","POR",48,110,40,93,43,10,31,32.3,20,23,87,12,36,48,27,6,8,7,20,-5,0,2026,"NO","home"
"1033",22500491,"2026-01-03","regular",1610612742,"DAL","DAL","HOU",48,110,44,80,55,8,21,38.1,14,18,77.8,2,45,47,24,16,6,10,15,6,1,2026,"YES","home"
"1034",22500491,"2026-01-03","regular",1610612745,"HOU","DAL","HOU",48,104,41,106,38.7,10,41,24.4,12,15,80,17,34,51,24,9,13,7,17,-6,0,2026,"NO","away"
"1035",22500492,"2026-01-03","regular",1610612744,"GSW","GSW","UTA",48,123,43,87,49.4,19,45,42.2,18,24,75,13,32,45,32,15,9,2,13,9,1,2026,"YES","home"
"1036",22500492,"2026-01-03","regular",1610612762,"UTA","GSW","UTA",48,114,45,86,52.3,13,35,37.1,11,17,64.7,10,27,37,32,15,7,2,20,-9,0,2026,"NO","away"
"1037",22500493,"2026-01-03","regular",1610612738,"BOS","LAC","BOS",48,146,53,96,55.2,24,51,47.1,16,19,84.2,16,30,46,30,6,4,6,20,31,1,2026,"YES","away"
"1038",22500493,"2026-01-03","regular",1610612746,"LAC","LAC","BOS",48,115,42,84,50,15,38,39.5,16,17,94.1,8,22,30,26,10,4,4,15,-31,0,2026,"NO","home"
"1039",22500494,"2026-01-04","regular",1610612765,"DET","CLE","DET",48,114,39,95,41.1,15,40,37.5,21,21,100,14,31,45,25,17,11,9,24,4,1,2026,"YES","away"
"1040",22500494,"2026-01-04","regular",1610612739,"CLE","CLE","DET",48,110,35,80,43.8,14,42,33.3,26,30,86.7,11,33,44,23,17,11,10,18,-4,0,2026,"NO","home"
"1041",22500495,"2026-01-04","regular",1610612753,"ORL","ORL","IND",48,135,47,84,56,15,32,46.9,26,34,76.5,4,32,36,34,7,7,6,19,8,1,2026,"YES","home"
"1042",22500495,"2026-01-04","regular",1610612754,"IND","ORL","IND",48,127,48,87,55.2,15,34,44.1,16,21,76.2,7,34,41,38,11,3,3,26,-8,0,2026,"NO","away"
"1043",22500496,"2026-01-04","regular",1610612751,"BKN","BKN","DEN",48,127,41,81,50.6,14,33,42.4,31,37,83.8,12,32,44,29,10,7,5,22,12,1,2026,"YES","home"
"1044",22500496,"2026-01-04","regular",1610612743,"DEN","BKN","DEN",48,115,41,85,48.2,11,31,35.5,22,28,78.6,8,25,33,29,10,4,5,24,-12,0,2026,"NO","away"
"1045",22500497,"2026-01-04","regular",1610612748,"MIA","MIA","NOP",48,125,47,101,46.5,18,44,40.9,13,18,72.2,12,31,43,30,16,19,7,14,19,1,2026,"YES","home"
"1046",22500497,"2026-01-04","regular",1610612740,"NOP","MIA","NOP",48,106,42,90,46.7,16,40,40,6,8,75,6,36,42,28,26,9,7,14,-19,0,2026,"NO","away"
"1047",22500498,"2026-01-04","regular",1610612750,"MIN","WAS","MIN",48,141,55,98,56.1,11,37,29.7,20,27,74.1,17,34,51,29,14,14,6,17,26,1,2026,"YES","away"
"1048",22500498,"2026-01-04","regular",1610612764,"WAS","WAS","MIN",48,115,43,88,48.9,12,36,33.3,17,19,89.5,9,26,35,21,19,9,5,20,-26,0,2026,"NO","home"
"1049",22500499,"2026-01-04","regular",1610612756,"PHX","PHX","OKC",48,108,35,79,44.3,17,43,39.5,21,29,72.4,12,37,49,21,16,2,1,23,3,1,2026,"YES","home"
"1050",22500499,"2026-01-04","regular",1610612760,"OKC","PHX","OKC",48,105,39,82,47.6,10,32,31.3,17,19,89.5,2,27,29,20,9,2,4,20,-3,0,2026,"NO","away"
"1051",22500500,"2026-01-04","regular",1610612749,"MIL","SAC","MIL",48,115,39,87,44.8,10,37,27,27,30,90,12,36,48,23,13,4,2,21,17,1,2026,"YES","away"
"1052",22500500,"2026-01-04","regular",1610612758,"SAC","SAC","MIL",48,98,34,80,42.5,5,25,20,25,32,78.1,6,32,38,17,10,10,7,22,-17,0,2026,"NO","home"
"1053",22500501,"2026-01-04","regular",1610612747,"LAL","LAL","MEM",48,120,38,80,47.5,11,41,26.8,33,41,80.5,8,37,45,30,11,4,6,18,6,1,2026,"YES","home"
"1054",22500501,"2026-01-04","regular",1610612763,"MEM","LAL","MEM",48,114,42,100,42,10,41,24.4,20,22,90.9,16,31,47,29,9,6,1,31,-6,0,2026,"NO","away"
"1055",22500502,"2026-01-05","regular",1610612765,"DET","DET","NYK",48,121,47,86,54.7,16,31,51.6,11,16,68.8,14,30,44,25,16,12,11,15,31,1,2026,"YES","home"
"1056",22500502,"2026-01-05","regular",1610612752,"NYK","DET","NYK",48,90,32,76,42.1,13,30,43.3,13,14,92.9,5,25,30,15,20,7,3,17,-31,0,2026,"NO","away"
"1057",22500503,"2026-01-05","regular",1610612738,"BOS","BOS","CHI",48,115,42,104,40.4,20,52,38.5,11,13,84.6,20,34,54,22,8,7,4,11,14,1,2026,"YES","home"
"1058",22500503,"2026-01-05","regular",1610612741,"CHI","BOS","CHI",48,101,38,86,44.2,16,46,34.8,9,10,90,6,39,45,25,13,2,4,13,-14,0,2026,"NO","away"
"1059",22500504,"2026-01-05","regular",1610612761,"TOR","TOR","ATL",48,118,47,90,52.2,12,37,32.4,12,19,63.2,7,39,46,34,15,10,5,16,18,1,2026,"YES","home"
"1060",22500504,"2026-01-05","regular",1610612737,"ATL","TOR","ATL",48,100,35,89,39.3,12,34,35.3,18,21,85.7,8,38,46,28,15,11,1,21,-18,0,2026,"NO","away"
"1061",22500505,"2026-01-05","regular",1610612745,"HOU","HOU","PHX",48,100,38,87,43.7,9,37,24.3,15,21,71.4,15,36,51,20,16,5,1,11,3,1,2026,"YES","home"
"1062",22500505,"2026-01-05","regular",1610612756,"PHX","HOU","PHX",48,97,37,88,42,14,41,34.1,9,12,75,11,29,40,23,13,11,0,14,-3,0,2026,"NO","away"
"1063",22500506,"2026-01-05","regular",1610612766,"CHA","OKC","CHA",48,124,41,77,53.2,19,37,51.4,23,25,92,12,40,52,25,21,4,7,23,27,1,2026,"YES","away"
"1064",22500506,"2026-01-05","regular",1610612760,"OKC","OKC","CHA",48,97,34,93,36.6,11,39,28.2,18,27,66.7,13,20,33,18,8,14,5,14,-27,0,2026,"NO","home"
"1065",22500507,"2026-01-05","regular",1610612743,"DEN","PHI","DEN",53,125,43,81,53.1,18,37,48.6,21,28,75,7,31,38,26,19,6,6,18,1,1,2026,"YES","away"
"1066",22500507,"2026-01-05","regular",1610612755,"PHI","PHI","DEN",53,124,46,98,46.9,17,45,37.8,15,19,78.9,14,28,42,28,14,9,9,20,-1,0,2026,"NO","home"
"1067",22500508,"2026-01-05","regular",1610612746,"LAC","LAC","GSW",48,103,37,77,48.1,10,29,34.5,19,21,90.5,6,42,48,25,20,5,9,21,1,1,2026,"YES","home"
"1068",22500508,"2026-01-05","regular",1610612744,"GSW","LAC","GSW",48,102,35,92,38,10,41,24.4,22,27,81.5,12,28,40,27,7,18,4,18,-1,0,2026,"NO","away"
"1069",22500509,"2026-01-05","regular",1610612757,"POR","POR","UTA",48,137,49,93,52.7,19,48,39.6,20,21,95.2,14,31,45,32,14,9,4,16,20,1,2026,"YES","home"
"1070",22500509,"2026-01-05","regular",1610612762,"UTA","POR","UTA",48,117,45,92,48.9,13,31,41.9,14,17,82.4,14,28,42,32,15,11,2,19,-20,0,2026,"NO","away"
"1071",22500510,"2026-01-06","regular",1610612739,"CLE","IND","CLE",48,120,49,88,55.7,10,26,38.5,12,18,66.7,10,38,48,33,19,7,6,23,4,1,2026,"YES","away"
"1072",22500510,"2026-01-06","regular",1610612754,"IND","IND","CLE",48,116,43,93,46.2,16,35,45.7,14,19,73.7,7,25,32,32,14,10,4,14,-4,0,2026,"NO","home"
"1073",22500511,"2026-01-06","regular",1610612764,"WAS","WAS","ORL",48,120,39,86,45.3,11,34,32.4,31,33,93.9,11,34,45,25,15,12,10,25,8,1,2026,"YES","home"
"1074",22500511,"2026-01-06","regular",1610612753,"ORL","WAS","ORL",48,112,42,92,45.7,12,33,36.4,16,24,66.7,13,35,48,28,19,8,4,23,-8,0,2026,"NO","away"
"1075",22500512,"2026-01-06","regular",1610612763,"MEM","MEM","SAS",48,106,39,98,39.8,18,49,36.7,10,15,66.7,17,44,61,28,23,7,9,15,1,1,2026,"YES","home"
"1076",22500512,"2026-01-06","regular",1610612759,"SAS","MEM","SAS",48,105,38,102,37.3,14,46,30.4,15,18,83.3,13,37,50,26,14,9,4,18,-1,0,2026,"NO","away"
"1077",22500513,"2026-01-06","regular",1610612750,"MIN","MIN","MIA",48,122,45,98,45.9,14,39,35.9,18,23,78.3,11,52,63,27,12,7,8,23,28,1,2026,"YES","home"
"1078",22500513,"2026-01-06","regular",1610612748,"MIA","MIN","MIA",48,94,35,98,35.7,12,37,32.4,12,16,75,11,39,50,28,18,5,4,20,-28,0,2026,"NO","away"
"1079",22500514,"2026-01-06","regular",1610612747,"LAL","NOP","LAL",48,111,43,85,50.6,11,31,35.5,14,21,66.7,9,35,44,30,15,11,6,21,8,1,2026,"YES","away"
"1080",22500514,"2026-01-06","regular",1610612740,"NOP","NOP","LAL",48,103,40,91,44,10,40,25,13,18,72.2,14,30,44,28,16,8,2,19,-8,0,2026,"NO","home"
"1081",22500515,"2026-01-06","regular",1610612742,"DAL","SAC","DAL",48,100,39,96,40.6,8,27,29.6,14,21,66.7,15,40,55,19,17,6,3,12,2,1,2026,"YES","away"
"1082",22500515,"2026-01-06","regular",1610612758,"SAC","SAC","DAL",48,98,39,92,42.4,9,31,29,11,17,64.7,8,35,43,23,13,11,6,20,-2,0,2026,"NO","home"
"1083",22500516,"2026-01-07","regular",1610612761,"TOR","CHA","TOR",48,97,38,92,41.3,7,34,20.6,14,19,73.7,15,27,42,18,6,6,4,19,1,1,2026,"YES","away"
"1084",22500516,"2026-01-07","regular",1610612766,"CHA","CHA","TOR",48,96,32,82,39,14,38,36.8,18,22,81.8,16,34,50,19,18,3,6,19,-1,0,2026,"NO","home"
"1085",22500517,"2026-01-07","regular",1610612765,"DET","DET","CHI",48,108,45,92,48.9,12,33,36.4,6,8,75,8,31,39,35,9,10,8,14,15,1,2026,"YES","home"
"1086",22500517,"2026-01-07","regular",1610612741,"CHI","DET","CHI",48,93,37,87,42.5,13,34,38.2,6,9,66.7,15,30,45,27,17,5,8,15,-15,0,2026,"NO","away"
"1087",22500518,"2026-01-07","regular",1610612755,"PHI","PHI","WAS",48,131,45,84,53.6,14,37,37.8,27,32,84.4,7,27,34,30,10,15,5,11,21,1,2026,"YES","home"
"1088",22500518,"2026-01-07","regular",1610612764,"WAS","PHI","WAS",48,110,43,87,49.4,13,33,39.4,11,11,100,11,31,42,29,22,7,6,20,-21,0,2026,"NO","away"
"1089",22500519,"2026-01-07","regular",1610612737,"ATL","ATL","NOP",48,117,44,95,46.3,18,47,38.3,11,17,64.7,11,38,49,30,21,13,10,19,17,1,2026,"YES","home"
"1090",22500519,"2026-01-07","regular",1610612740,"NOP","ATL","NOP",48,100,38,86,44.2,8,28,28.6,16,25,64,6,34,40,26,19,13,9,15,-17,0,2026,"NO","away"
"1091",22500520,"2026-01-07","regular",1610612743,"DEN","BOS","DEN",48,114,39,87,44.8,20,44,45.5,16,24,66.7,12,27,39,27,9,7,8,15,4,1,2026,"YES","away"
"1092",22500520,"2026-01-07","regular",1610612738,"BOS","BOS","DEN",48,110,43,95,45.3,15,38,39.5,9,15,60,21,32,53,16,14,6,6,20,-4,0,2026,"NO","home"
"1093",22500521,"2026-01-07","regular",1610612753,"ORL","BKN","ORL",53,104,41,96,42.7,9,33,27.3,13,18,72.2,20,35,55,28,18,12,4,19,1,1,2026,"YES","away"
"1094",22500521,"2026-01-07","regular",1610612751,"BKN","BKN","ORL",53,103,36,86,41.9,17,51,33.3,14,22,63.6,14,30,44,23,21,11,8,18,-1,0,2026,"NO","home"
"1095",22500522,"2026-01-07","regular",1610612752,"NYK","NYK","LAC",48,123,47,94,50,14,33,42.4,15,17,88.2,16,32,48,31,12,5,6,17,12,1,2026,"YES","home"
"1096",22500522,"2026-01-07","regular",1610612746,"LAC","NYK","LAC",48,111,40,92,43.5,15,42,35.7,16,19,84.2,15,25,40,21,10,7,5,16,-12,0,2026,"NO","away"
"1097",22500523,"2026-01-07","regular",1610612759,"SAS","SAS","LAL",48,107,40,82,48.8,4,25,16,23,28,82.1,8,42,50,24,15,10,5,20,16,1,2026,"YES","home"
"1098",22500523,"2026-01-07","regular",1610612747,"LAL","SAS","LAL",48,91,34,86,39.5,9,39,23.1,14,22,63.6,10,35,45,16,17,9,2,21,-16,0,2026,"NO","away"
"1099",22500524,"2026-01-07","regular",1610612756,"PHX","MEM","PHX",48,117,45,97,46.4,22,56,39.3,5,8,62.5,15,36,51,31,18,11,5,17,19,1,2026,"YES","away"
"1100",22500524,"2026-01-07","regular",1610612763,"MEM","MEM","PHX",48,98,39,92,42.4,12,37,32.4,8,14,57.1,15,32,47,23,18,9,2,11,-19,0,2026,"NO","home"
"1101",22500525,"2026-01-07","regular",1610612760,"OKC","OKC","UTA",53,129,44,101,43.6,7,38,18.4,34,42,81,12,39,51,26,11,14,11,21,4,1,2026,"YES","home"
"1102",22500525,"2026-01-07","regular",1610612762,"UTA","OKC","UTA",53,125,49,111,44.1,11,41,26.8,16,21,76.2,19,46,65,33,20,8,5,31,-4,0,2026,"NO","away"
"1103",22500526,"2026-01-07","regular",1610612744,"GSW","GSW","MIL",48,120,44,89,49.4,18,47,38.3,14,18,77.8,8,33,41,31,10,6,2,15,7,1,2026,"YES","home"
"1104",22500526,"2026-01-07","regular",1610612749,"MIL","GSW","MIL",48,113,46,85,54.1,14,32,43.8,7,12,58.3,5,31,36,29,12,3,3,15,-7,0,2026,"NO","away"
"1105",22500527,"2026-01-07","regular",1610612757,"POR","POR","HOU",48,103,36,83,43.4,12,40,30,19,25,76,6,32,38,21,14,7,3,21,1,1,2026,"YES","home"
"1106",22500527,"2026-01-07","regular",1610612745,"HOU","POR","HOU",48,102,37,99,37.4,8,36,22.2,20,29,69,24,33,57,20,14,8,7,26,-1,0,2026,"NO","away"
"1107",22500528,"2026-01-08","regular",1610612754,"IND","CHA","IND",48,114,41,82,50,12,27,44.4,20,21,95.2,10,31,41,25,20,9,6,27,2,1,2026,"YES","away"
"1108",22500528,"2026-01-08","regular",1610612766,"CHA","CHA","IND",48,112,39,86,45.3,16,44,36.4,18,24,75,8,27,35,29,17,8,3,22,-2,0,2026,"NO","home"
"1109",22500530,"2026-01-08","regular",1610612750,"MIN","MIN","CLE",48,131,51,89,57.3,20,38,52.6,9,17,52.9,10,35,45,33,17,8,2,21,9,1,2026,"YES","home"
"1110",22500530,"2026-01-08","regular",1610612739,"CLE","MIN","CLE",48,122,48,91,52.7,11,33,33.3,15,21,71.4,9,29,38,31,13,9,2,17,-9,0,2026,"NO","away"
"1111",22500531,"2026-01-08","regular",1610612762,"UTA","UTA","DAL",48,116,47,95,49.5,13,41,31.7,9,14,64.3,10,32,42,32,9,11,3,11,2,1,2026,"YES","home"
"1112",22500531,"2026-01-08","regular",1610612742,"DAL","UTA","DAL",48,114,44,85,51.8,15,36,41.7,11,13,84.6,9,38,47,30,21,4,2,13,-2,0,2026,"NO","away"
"1113",22500532,"2026-01-09","regular",1610612738,"BOS","BOS","TOR",48,125,47,87,54,14,28,50,17,19,89.5,9,31,40,28,10,3,5,12,8,1,2026,"YES","home"
"1114",22500532,"2026-01-09","regular",1610612761,"TOR","BOS","TOR",48,117,45,92,48.9,18,47,38.3,9,10,90,9,22,31,39,7,7,6,18,-8,0,2026,"NO","away"
"1115",22500533,"2026-01-09","regular",1610612755,"PHI","ORL","PHI",48,103,39,95,41.1,4,28,14.3,21,24,87.5,21,31,52,20,13,12,6,20,12,1,2026,"YES","away"
"1116",22500533,"2026-01-09","regular",1610612753,"ORL","ORL","PHI",48,91,36,88,40.9,4,29,13.8,15,18,83.3,11,31,42,21,19,5,10,18,-12,0,2026,"NO","home"
"1117",22500534,"2026-01-09","regular",1610612740,"NOP","WAS","NOP",48,128,51,95,53.7,11,34,32.4,15,24,62.5,10,41,51,30,19,12,4,22,21,1,2026,"YES","away"
"1118",22500534,"2026-01-09","regular",1610612764,"WAS","WAS","NOP",48,107,37,87,42.5,11,35,31.4,22,33,66.7,11,29,40,24,19,10,8,23,-21,0,2026,"NO","home"
"1119",22500535,"2026-01-09","regular",1610612746,"LAC","BKN","LAC",48,121,45,76,59.2,14,24,58.3,17,19,89.5,6,31,37,28,16,9,8,13,16,1,2026,"YES","away"
"1120",22500535,"2026-01-09","regular",1610612751,"BKN","BKN","LAC",48,105,40,100,40,15,47,31.9,10,11,90.9,19,20,39,26,12,12,4,18,-16,0,2026,"NO","home"
"1121",22500536,"2026-01-09","regular",1610612760,"OKC","MEM","OKC",48,117,43,91,47.3,9,37,24.3,22,28,78.6,10,26,36,24,6,9,8,22,1,1,2026,"YES","away"
"1122",22500536,"2026-01-09","regular",1610612763,"MEM","MEM","OKC",48,116,41,88,46.6,14,41,34.1,20,24,83.3,15,37,52,35,17,4,4,26,-1,0,2026,"NO","home"
"1123",22500537,"2026-01-09","regular",1610612737,"ATL","DEN","ATL",48,110,46,94,48.9,16,43,37.2,2,4,50,4,36,40,31,6,14,6,17,23,1,2026,"YES","away"
"1124",22500537,"2026-01-09","regular",1610612743,"DEN","DEN","ATL",48,87,30,72,41.7,11,32,34.4,16,20,80,4,40,44,22,19,6,2,11,-23,0,2026,"NO","home"
"1125",22500538,"2026-01-09","regular",1610612756,"PHX","PHX","NYK",48,112,38,85,44.7,16,42,38.1,20,23,87,9,28,37,23,10,4,4,21,5,1,2026,"YES","home"
"1126",22500538,"2026-01-09","regular",1610612752,"NYK","PHX","NYK",48,107,37,82,45.1,16,41,39,17,21,81,16,34,50,22,18,3,1,23,-5,0,2026,"NO","away"
"1127",22500539,"2026-01-09","regular",1610612744,"GSW","GSW","SAC",48,137,52,95,54.7,19,45,42.2,14,14,100,14,27,41,39,11,4,6,13,34,1,2026,"YES","home"
"1128",22500539,"2026-01-09","regular",1610612758,"SAC","GSW","SAC",48,103,43,86,50,7,27,25.9,10,13,76.9,10,21,31,23,13,6,6,15,-34,0,2026,"NO","away"
"1129",22500540,"2026-01-09","regular",1610612757,"POR","POR","HOU",48,111,37,89,41.6,16,44,36.4,21,23,91.3,14,29,43,26,13,9,3,17,6,1,2026,"YES","home"
"1130",22500540,"2026-01-09","regular",1610612745,"HOU","POR","HOU",48,105,40,96,41.7,10,44,22.7,15,24,62.5,22,34,56,21,13,8,8,17,-6,0,2026,"NO","away"
"1131",22500541,"2026-01-09","regular",1610612749,"MIL","LAL","MIL",48,105,38,79,48.1,12,34,35.3,17,22,77.3,12,32,44,23,17,10,3,16,4,1,2026,"YES","away"
"1132",22500541,"2026-01-09","regular",1610612747,"LAL","LAL","MIL",48,101,39,91,42.9,15,36,41.7,8,14,57.1,15,30,45,28,13,9,0,20,-4,0,2026,"NO","home"
"1133",22500542,"2026-01-10","regular",1610612739,"CLE","CLE","MIN",48,146,55,92,59.8,15,31,48.4,21,25,84,8,23,31,38,10,10,2,18,12,1,2026,"YES","home"
"1134",22500542,"2026-01-10","regular",1610612750,"MIN","CLE","MIN",48,134,51,89,57.3,16,32,50,16,20,80,11,29,40,31,16,8,7,19,-12,0,2026,"NO","away"
"1135",22500543,"2026-01-10","regular",1610612754,"IND","IND","MIA",48,123,44,98,44.9,17,40,42.5,18,22,81.8,12,42,54,37,18,13,4,23,24,1,2026,"YES","home"
"1136",22500543,"2026-01-10","regular",1610612748,"MIA","IND","MIA",48,99,36,92,39.1,4,30,13.3,23,29,79.3,11,40,51,17,19,6,5,18,-24,0,2026,"NO","away"
"1137",22500544,"2026-01-10","regular",1610612746,"LAC","DET","LAC",48,98,31,72,43.1,11,31,35.5,25,36,69.4,8,29,37,17,22,18,6,17,6,1,2026,"YES","away"
"1138",22500544,"2026-01-10","regular",1610612765,"DET","DET","LAC",48,92,33,83,39.8,8,35,22.9,18,25,72,16,31,47,21,25,18,13,26,-6,0,2026,"NO","home"
"1139",22500545,"2026-01-10","regular",1610612759,"SAS","BOS","SAS",48,100,38,95,40,10,44,22.7,14,20,70,12,41,53,22,8,5,4,13,5,1,2026,"YES","away"
"1140",22500545,"2026-01-10","regular",1610612738,"BOS","BOS","SAS",48,95,38,93,40.9,16,44,36.4,3,4,75,9,43,52,22,10,5,5,18,-5,0,2026,"NO","home"
"1141",22500546,"2026-01-10","regular",1610612741,"CHI","CHI","DAL",48,125,50,97,51.5,15,46,32.6,10,12,83.3,11,41,52,31,16,10,7,20,18,1,2026,"YES","home"
"1142",22500546,"2026-01-10","regular",1610612742,"DAL","CHI","DAL",48,107,39,91,42.9,13,35,37.1,16,25,64,9,33,42,25,14,7,6,13,-18,0,2026,"NO","away"
"1143",22500547,"2026-01-10","regular",1610612766,"CHA","UTA","CHA",48,150,53,101,52.5,24,59,40.7,20,25,80,21,44,65,35,13,10,5,18,55,1,2026,"YES","away"
"1144",22500547,"2026-01-10","regular",1610612762,"UTA","UTA","CHA",48,95,36,88,40.9,7,31,22.6,16,21,76.2,11,20,31,22,15,6,2,21,-55,0,2026,"NO","home"
"1145",22500548,"2026-01-11","regular",1610612753,"ORL","ORL","NOP",48,128,43,82,52.4,11,24,45.8,31,35,88.6,11,28,39,27,13,10,3,16,10,1,2026,"YES","home"
"1146",22500548,"2026-01-11","regular",1610612740,"NOP","ORL","NOP",48,118,46,80,57.5,14,26,53.8,12,15,80,5,21,26,27,16,8,9,25,-10,0,2026,"NO","away"
"1147",22500549,"2026-01-11","regular",1610612763,"MEM","MEM","BKN",48,103,37,88,42,11,34,32.4,18,18,100,16,38,54,27,15,6,7,15,5,1,2026,"YES","home"
"1148",22500549,"2026-01-11","regular",1610612751,"BKN","MEM","BKN",48,98,36,88,40.9,18,48,37.5,8,16,50,13,30,43,25,10,10,6,17,-5,0,2026,"NO","away"
"1149",22500550,"2026-01-11","regular",1610612761,"TOR","TOR","PHI",53,116,41,103,39.8,5,32,15.6,29,39,74.4,18,30,48,29,15,14,6,28,1,1,2026,"YES","home"
"1150",22500550,"2026-01-11","regular",1610612755,"PHI","TOR","PHI",53,115,41,90,45.6,8,31,25.8,25,31,80.6,12,32,44,11,22,9,11,29,-1,0,2026,"NO","away"
"1151",22500551,"2026-01-11","regular",1610612752,"NYK","POR","NYK",48,123,50,99,50.5,17,46,37,6,8,75,13,32,45,32,12,11,7,18,9,1,2026,"YES","away"
"1152",22500551,"2026-01-11","regular",1610612757,"POR","POR","NYK",48,114,40,84,47.6,12,39,30.8,22,25,88,7,32,39,24,15,9,6,8,-9,0,2026,"NO","home"
"1153",22500552,"2026-01-11","regular",1610612750,"MIN","MIN","SAS",48,104,39,90,43.3,12,39,30.8,14,25,56,12,38,50,23,9,9,7,19,1,1,2026,"YES","home"
"1154",22500552,"2026-01-11","regular",1610612759,"SAS","MIN","SAS",48,103,34,88,38.6,13,38,34.2,22,25,88,10,39,49,19,14,6,1,22,-1,0,2026,"NO","away"
"1155",22500553,"2026-01-11","regular",1610612760,"OKC","OKC","MIA",48,124,47,93,50.5,10,34,29.4,20,28,71.4,14,32,46,23,13,12,5,18,12,1,2026,"YES","home"
"1156",22500553,"2026-01-11","regular",1610612748,"MIA","OKC","MIA",48,112,44,82,53.7,17,32,53.1,7,13,53.8,5,32,37,35,23,9,4,24,-12,0,2026,"NO","away"
"1157",22500554,"2026-01-11","regular",1610612743,"DEN","DEN","MIL",48,108,35,87,40.2,14,35,40,24,31,77.4,10,35,45,23,9,5,5,15,4,1,2026,"YES","home"
"1158",22500554,"2026-01-11","regular",1610612749,"MIL","DEN","MIL",48,104,38,85,44.7,14,34,41.2,14,20,70,10,34,44,29,11,5,6,19,-4,0,2026,"NO","away"
"1159",22500555,"2026-01-11","regular",1610612756,"PHX","PHX","WAS",48,112,40,95,42.1,17,52,32.7,15,19,78.9,15,36,51,32,16,11,7,19,19,1,2026,"YES","home"
"1160",22500555,"2026-01-11","regular",1610612764,"WAS","PHX","WAS",48,93,34,86,39.5,7,30,23.3,18,18,100,12,37,49,22,23,9,7,16,-19,0,2026,"NO","away"
"1161",22500556,"2026-01-11","regular",1610612737,"ATL","GSW","ATL",48,124,46,94,48.9,15,39,38.5,17,25,68,11,35,46,33,9,9,4,21,13,1,2026,"YES","away"
"1162",22500556,"2026-01-11","regular",1610612744,"GSW","GSW","ATL",48,111,42,90,46.7,10,42,23.8,17,21,81,11,37,48,28,16,5,4,21,-13,0,2026,"NO","home"
"1163",22500557,"2026-01-11","regular",1610612758,"SAC","SAC","HOU",48,111,44,91,48.4,8,23,34.8,15,20,75,18,27,45,25,10,4,1,22,13,1,2026,"YES","home"
"1164",22500557,"2026-01-11","regular",1610612745,"HOU","SAC","HOU",48,98,36,84,42.9,7,30,23.3,19,29,65.5,19,25,44,23,13,4,5,16,-13,0,2026,"NO","away"
"1165",22500558,"2026-01-12","regular",1610612762,"UTA","CLE","UTA",48,123,40,83,48.2,18,41,43.9,25,28,89.3,8,42,50,32,19,7,4,14,11,1,2026,"YES","away"
"1166",22500558,"2026-01-12","regular",1610612739,"CLE","CLE","UTA",48,112,41,92,44.6,17,41,41.5,13,13,100,6,24,30,33,14,10,6,19,-11,0,2026,"NO","home"
"1167",22500559,"2026-01-12","regular",1610612754,"IND","IND","BOS",48,98,39,84,46.4,16,37,43.2,4,6,66.7,5,35,40,29,12,8,3,7,2,1,2026,"YES","home"
"1168",22500559,"2026-01-12","regular",1610612738,"BOS","IND","BOS",48,96,40,88,45.5,9,35,25.7,7,9,77.8,10,36,46,22,12,9,1,7,-2,0,2026,"NO","away"
"1169",22500560,"2026-01-12","regular",1610612755,"PHI","TOR","PHI",48,115,39,74,52.7,16,36,44.4,21,23,91.3,5,31,36,22,16,4,2,24,13,1,2026,"YES","away"
"1170",22500560,"2026-01-12","regular",1610612761,"TOR","TOR","PHI",48,102,37,92,40.2,6,37,16.2,22,25,88,15,23,38,29,9,7,2,19,-13,0,2026,"NO","home"
"1171",22500561,"2026-01-12","regular",1610612742,"DAL","DAL","BKN",48,113,43,85,50.6,15,34,44.1,12,16,75,9,28,37,28,14,9,3,16,8,1,2026,"YES","home"
"1172",22500561,"2026-01-12","regular",1610612751,"BKN","DAL","BKN",48,105,39,86,45.3,9,37,24.3,18,20,90,13,30,43,23,17,5,8,20,-8,0,2026,"NO","away"
"1173",22500562,"2026-01-12","regular",1610612758,"SAC","SAC","LAL",48,124,48,82,58.5,17,26,65.4,11,14,78.6,6,26,32,23,15,6,4,18,12,1,2026,"YES","home"
"1174",22500562,"2026-01-12","regular",1610612747,"LAL","SAC","LAL",48,112,41,84,48.8,8,36,22.2,22,28,78.6,12,27,39,21,10,9,2,9,-12,0,2026,"NO","away"
"1175",22500563,"2026-01-12","regular",1610612746,"LAC","LAC","CHA",48,117,41,92,44.6,18,49,36.7,17,21,81,9,28,37,22,5,7,0,15,8,1,2026,"YES","home"
"1176",22500563,"2026-01-12","regular",1610612766,"CHA","LAC","CHA",48,109,43,88,48.9,10,33,30.3,13,17,76.5,10,39,49,24,10,3,4,17,-8,0,2026,"NO","away"
"1177",22500564,"2026-01-13","regular",1610612748,"MIA","MIA","PHX",48,127,48,92,52.2,13,38,34.2,18,22,81.8,9,32,41,28,12,8,2,22,6,1,2026,"YES","home"
"1178",22500564,"2026-01-13","regular",1610612756,"PHX","MIA","PHX",48,121,44,102,43.1,14,48,29.2,19,20,95,18,30,48,22,13,10,1,22,-6,0,2026,"NO","away"
"1179",22500565,"2026-01-13","regular",1610612745,"HOU","HOU","CHI",48,119,45,88,51.1,7,24,29.2,22,29,75.9,12,38,50,24,9,5,2,18,6,1,2026,"YES","home"
"1180",22500565,"2026-01-13","regular",1610612741,"CHI","HOU","CHI",48,113,41,94,43.6,12,37,32.4,19,23,82.6,14,26,40,24,7,5,3,19,-6,0,2026,"NO","away"
"1181",22500566,"2026-01-13","regular",1610612750,"MIN","MIL","MIN",48,139,55,92,59.8,22,42,52.4,7,12,58.3,9,35,44,37,16,9,2,16,33,1,2026,"YES","away"
"1182",22500566,"2026-01-13","regular",1610612749,"MIL","MIL","MIN",48,106,41,85,48.2,13,36,36.1,11,19,57.9,9,23,32,29,20,12,4,14,-33,0,2026,"NO","home"
"1183",22500567,"2026-01-13","regular",1610612743,"DEN","NOP","DEN",48,122,41,84,48.8,14,35,40,26,32,81.3,5,27,32,24,7,8,3,22,6,1,2026,"YES","away"
"1184",22500567,"2026-01-13","regular",1610612740,"NOP","NOP","DEN",48,116,39,86,45.3,11,29,37.9,27,31,87.1,16,35,51,21,15,6,4,20,-6,0,2026,"NO","home"
"1185",22500568,"2026-01-13","regular",1610612760,"OKC","OKC","SAS",48,119,42,81,51.9,11,30,36.7,24,27,88.9,5,38,43,26,11,7,11,23,21,1,2026,"YES","home"
"1186",22500568,"2026-01-13","regular",1610612759,"SAS","OKC","SAS",48,98,34,85,40,13,37,35.1,17,24,70.8,12,30,42,21,12,4,3,25,-21,0,2026,"NO","away"
"1187",22500569,"2026-01-13","regular",1610612747,"LAL","LAL","ATL",48,141,48,83,57.8,19,34,55.9,26,30,86.7,10,37,47,36,16,2,3,17,25,1,2026,"YES","home"
"1188",22500569,"2026-01-13","regular",1610612737,"ATL","LAL","ATL",48,116,45,100,45,13,46,28.3,13,18,72.2,12,20,32,30,6,11,1,23,-25,0,2026,"NO","away"
"1189",22500570,"2026-01-13","regular",1610612744,"GSW","GSW","POR",48,119,42,89,47.2,23,57,40.4,12,13,92.3,4,30,34,34,14,16,5,14,22,1,2026,"YES","home"
"1190",22500570,"2026-01-13","regular",1610612757,"POR","GSW","POR",48,97,36,83,43.4,14,47,29.8,11,17,64.7,8,37,45,20,22,7,3,16,-22,0,2026,"NO","away"
"1191",22500571,"2026-01-14","regular",1610612761,"TOR","IND","TOR",48,115,44,89,49.4,10,28,35.7,17,26,65.4,11,38,49,30,12,4,5,23,14,1,2026,"YES","away"
"1192",22500571,"2026-01-14","regular",1610612754,"IND","IND","TOR",48,101,33,86,38.4,12,42,28.6,23,31,74.2,14,32,46,26,11,6,7,21,-14,0,2026,"NO","home"
"1193",22500572,"2026-01-14","regular",1610612739,"CLE","PHI","CLE",48,133,50,95,52.6,20,46,43.5,13,18,72.2,12,40,52,41,16,6,5,19,26,1,2026,"YES","away"
"1194",22500572,"2026-01-14","regular",1610612755,"PHI","PHI","CLE",48,107,36,89,40.4,12,43,27.9,23,26,88.5,11,31,42,22,12,9,5,15,-26,0,2026,"NO","home"
"1195",22500573,"2026-01-14","regular",1610612741,"CHI","CHI","UTA",48,128,47,92,51.1,17,43,39.5,17,21,81,13,30,43,36,13,10,5,19,2,1,2026,"YES","home"
"1196",22500573,"2026-01-14","regular",1610612762,"UTA","CHI","UTA",48,126,47,86,54.7,8,28,28.6,24,27,88.9,8,28,36,30,13,9,2,20,-2,0,2026,"NO","away"
"1197",22500574,"2026-01-14","regular",1610612740,"NOP","NOP","BKN",48,116,43,97,44.3,11,33,33.3,19,25,76,18,35,53,24,9,5,7,11,3,1,2026,"YES","home"
"1198",22500574,"2026-01-14","regular",1610612751,"BKN","NOP","BKN",48,113,45,95,47.4,16,43,37.2,7,12,58.3,10,33,43,24,11,3,5,21,-3,0,2026,"NO","away"
"1199",22500575,"2026-01-14","regular",1610612743,"DEN","DAL","DEN",48,118,42,85,49.4,16,38,42.1,18,22,81.8,7,32,39,21,9,4,1,25,9,1,2026,"YES","away"
"1200",22500575,"2026-01-14","regular",1610612742,"DAL","DAL","DEN",48,109,41,93,44.1,5,34,14.7,22,33,66.7,13,34,47,16,6,6,3,20,-9,0,2026,"NO","home"
"1201",22500576,"2026-01-14","regular",1610612758,"SAC","SAC","NYK",48,112,35,74,47.3,10,27,37,32,38,84.2,9,39,48,23,17,4,6,21,11,1,2026,"YES","home"
"1202",22500576,"2026-01-14","regular",1610612752,"NYK","SAC","NYK",48,101,39,100,39,8,41,19.5,15,23,65.2,16,29,45,23,9,11,6,24,-11,0,2026,"NO","away"
"1203",22500577,"2026-01-14","regular",1610612746,"LAC","LAC","WAS",48,119,39,83,47,14,37,37.8,27,27,100,7,33,40,25,10,9,5,14,14,1,2026,"YES","home"
"1204",22500577,"2026-01-14","regular",1610612764,"WAS","LAC","WAS",48,105,41,90,45.6,10,38,26.3,13,17,76.5,11,30,41,25,11,5,3,17,-14,0,2026,"NO","away"
"1205",22500578,"2026-01-15","regular",1610612753,"ORL","MEM","ORL",48,118,41,95,43.2,15,40,37.5,21,23,91.3,19,35,54,28,16,9,4,15,7,1,2026,"YES","away"
"1206",22500578,"2026-01-15","regular",1610612763,"MEM","ORL","MEM",48,111,38,83,45.8,17,36,47.2,18,21,85.7,7,30,37,27,16,5,6,18,-7,0,2026,"NO","away"
"1207",22500579,"2026-01-15","regular",1610612765,"DET","DET","PHX",48,108,38,81,46.9,9,32,28.1,23,37,62.2,14,40,54,25,17,10,7,15,3,1,2026,"YES","home"
"1208",22500579,"2026-01-15","regular",1610612756,"PHX","DET","PHX",48,105,36,87,41.4,17,46,37,16,25,64,9,32,41,21,14,14,9,25,-3,0,2026,"NO","away"
"1209",22500580,"2026-01-15","regular",1610612738,"BOS","MIA","BOS",48,119,41,91,45.1,13,39,33.3,24,25,96,18,33,51,22,13,5,5,22,5,1,2026,"YES","away"
"1210",22500580,"2026-01-15","regular",1610612748,"MIA","MIA","BOS",48,114,39,87,44.8,15,42,35.7,21,27,77.8,12,28,40,25,10,7,2,20,-5,0,2026,"NO","home"
"1211",22500581,"2026-01-15","regular",1610612760,"OKC","HOU","OKC",48,111,41,89,46.1,16,41,39,13,15,86.7,7,37,44,25,12,9,12,16,20,1,2026,"YES","away"
"1212",22500581,"2026-01-15","regular",1610612745,"HOU","HOU","OKC",48,91,35,104,33.7,7,24,29.2,14,17,82.4,23,37,60,17,16,10,7,12,-20,0,2026,"NO","home"
"1213",22500582,"2026-01-15","regular",1610612759,"SAS","SAS","MIL",48,119,40,79,50.6,16,37,43.2,23,27,85.2,8,42,50,28,17,7,2,19,18,1,2026,"YES","home"
"1214",22500582,"2026-01-15","regular",1610612749,"MIL","SAS","MIL",48,101,34,87,39.1,17,48,35.4,16,22,72.7,10,27,37,24,13,6,3,21,-18,0,2026,"NO","away"
"1215",22500583,"2026-01-15","regular",1610612742,"DAL","DAL","UTA",48,144,55,97,56.7,19,46,41.3,15,19,78.9,9,37,46,37,13,13,7,19,22,1,2026,"YES","home"
"1216",22500583,"2026-01-15","regular",1610612762,"UTA","DAL","UTA",48,122,47,96,49,10,36,27.8,18,23,78.3,12,27,39,33,17,9,4,14,-22,0,2026,"NO","away"
"1217",22500584,"2026-01-15","regular",1610612744,"GSW","GSW","NYK",48,126,48,89,53.9,20,45,44.4,10,13,76.9,10,28,38,26,12,7,6,16,13,1,2026,"YES","home"
"1218",22500584,"2026-01-15","regular",1610612752,"NYK","GSW","NYK",48,113,42,91,46.2,14,38,36.8,15,19,78.9,14,27,41,28,12,3,2,14,-13,0,2026,"NO","away"
"1219",22500585,"2026-01-15","regular",1610612757,"POR","POR","ATL",48,117,43,95,45.3,14,46,30.4,17,24,70.8,16,38,54,23,15,13,5,15,16,1,2026,"YES","home"
"1220",22500585,"2026-01-15","regular",1610612737,"ATL","POR","ATL",48,101,35,81,43.2,14,44,31.8,17,22,77.3,7,33,40,23,20,10,4,19,-16,0,2026,"NO","away"
"1221",22500586,"2026-01-15","regular",1610612766,"CHA","LAL","CHA",48,135,50,92,54.3,20,43,46.5,15,16,93.8,14,36,50,34,13,3,5,21,18,1,2026,"YES","away"
"1222",22500586,"2026-01-15","regular",1610612747,"LAL","LAL","CHA",48,117,43,93,46.2,14,38,36.8,17,23,73.9,12,23,35,18,9,8,4,17,-18,0,2026,"NO","home"
"1223",22500587,"2026-01-16","regular",1610612751,"BKN","BKN","CHI",48,112,39,91,42.9,19,40,47.5,15,17,88.2,11,36,47,30,14,7,4,17,3,1,2026,"YES","home"
"1224",22500587,"2026-01-16","regular",1610612741,"CHI","BKN","CHI",48,109,41,86,47.7,11,35,31.4,16,20,80,4,37,41,28,8,10,10,14,-3,0,2026,"NO","away"
"1225",22500588,"2026-01-16","regular",1610612754,"IND","IND","NOP",48,127,52,101,51.5,15,43,34.9,8,12,66.7,13,30,43,37,7,5,7,22,8,1,2026,"YES","home"
"1226",22500588,"2026-01-16","regular",1610612740,"NOP","IND","NOP",48,119,41,82,50,13,31,41.9,24,30,80,8,34,42,22,9,4,4,16,-8,0,2026,"NO","away"
"1227",22500589,"2026-01-16","regular",1610612739,"CLE","PHI","CLE",48,117,44,85,51.8,17,34,50,12,17,70.6,10,32,42,38,18,7,5,15,2,1,2026,"YES","away"
"1228",22500589,"2026-01-16","regular",1610612755,"PHI","PHI","CLE",48,115,43,91,47.3,12,32,37.5,17,19,89.5,13,24,37,28,11,11,8,15,-2,0,2026,"NO","home"
"1229",22500590,"2026-01-16","regular",1610612746,"LAC","TOR","LAC",53,121,41,79,51.9,13,36,36.1,26,30,86.7,6,30,36,25,16,12,3,19,4,1,2026,"YES","away"
"1230",22500590,"2026-01-16","regular",1610612761,"TOR","TOR","LAC",53,117,42,87,48.3,11,33,33.3,22,26,84.6,12,24,36,30,18,4,5,21,-4,0,2026,"NO","home"
"1231",22500591,"2026-01-16","regular",1610612745,"HOU","HOU","MIN",48,110,39,84,46.4,12,28,42.9,20,34,58.8,10,32,42,19,14,10,5,23,5,1,2026,"YES","home"
"1232",22500591,"2026-01-16","regular",1610612750,"MIN","HOU","MIN",48,105,37,80,46.3,11,30,36.7,20,35,57.1,12,33,45,21,16,7,7,27,-5,0,2026,"NO","away"
"1233",22500592,"2026-01-16","regular",1610612758,"SAC","SAC","WAS",48,128,47,81,58,15,31,48.4,19,30,63.3,12,33,45,36,19,5,5,19,13,1,2026,"YES","home"
"1234",22500592,"2026-01-16","regular",1610612764,"WAS","SAC","WAS",48,115,44,90,48.9,11,34,32.4,16,21,76.2,7,27,34,23,11,9,2,22,-13,0,2026,"NO","away"
"1235",22500593,"2026-01-17","regular",1610612742,"DAL","DAL","UTA",48,138,49,91,53.8,18,41,43.9,22,36,61.1,13,31,44,36,11,8,2,18,18,1,2026,"YES","home"
"1236",22500593,"2026-01-17","regular",1610612762,"UTA","DAL","UTA",48,120,48,89,53.9,10,31,32.3,14,20,70,11,30,41,30,15,5,3,27,-18,0,2026,"NO","away"
"1237",22500594,"2026-01-17","regular",1610612738,"BOS","ATL","BOS",48,132,46,91,50.5,22,52,42.3,18,22,81.8,11,44,55,27,17,9,8,17,26,1,2026,"YES","away"
"1238",22500594,"2026-01-17","regular",1610612737,"ATL","ATL","BOS",48,106,38,102,37.3,15,46,32.6,15,17,88.2,13,34,47,29,12,10,4,17,-26,0,2026,"NO","home"
"1239",22500595,"2026-01-17","regular",1610612765,"DET","DET","IND",48,121,46,93,49.5,16,34,47.1,13,19,68.4,7,44,51,32,19,15,6,26,43,1,2026,"YES","home"
"1240",22500595,"2026-01-17","regular",1610612754,"IND","DET","IND",48,78,28,79,35.4,8,35,22.9,14,27,51.9,6,36,42,18,25,13,2,18,-43,0,2026,"NO","away"
"1241",22500596,"2026-01-17","regular",1610612756,"PHX","NYK","PHX",48,106,34,82,41.5,15,42,35.7,23,27,85.2,13,24,37,22,12,9,2,20,7,1,2026,"YES","away"
"1242",22500596,"2026-01-17","regular",1610612752,"NYK","NYK","PHX",48,99,33,82,40.2,14,44,31.8,19,25,76,15,32,47,20,17,9,5,19,-7,0,2026,"NO","home"
"1243",22500597,"2026-01-17","regular",1610612748,"MIA","MIA","OKC",48,122,41,111,36.9,20,50,40,20,28,71.4,21,30,51,30,4,7,4,21,2,1,2026,"YES","home"
"1244",22500597,"2026-01-17","regular",1610612760,"OKC","MIA","OKC",48,120,42,77,54.5,13,29,44.8,23,28,82.1,5,41,46,23,15,3,6,19,-2,0,2026,"NO","away"
"1245",22500598,"2026-01-17","regular",1610612759,"SAS","SAS","MIN",48,126,47,94,50,15,38,39.5,17,28,60.7,17,26,43,35,11,6,5,20,3,1,2026,"YES","home"
"1246",22500598,"2026-01-17","regular",1610612750,"MIN","SAS","MIN",48,123,42,90,46.7,14,34,41.2,25,28,89.3,12,29,41,22,11,7,7,22,-3,0,2026,"NO","away"
"1247",22500599,"2026-01-17","regular",1610612744,"GSW","GSW","CHA",48,136,51,93,54.8,23,52,44.2,11,13,84.6,9,32,41,34,12,8,7,23,20,1,2026,"YES","home"
"1248",22500599,"2026-01-17","regular",1610612766,"CHA","GSW","CHA",48,116,43,94,45.7,16,44,36.4,14,17,82.4,12,32,44,27,17,5,3,22,-20,0,2026,"NO","away"
"1249",22500600,"2026-01-17","regular",1610612743,"DEN","DEN","WAS",48,121,45,85,52.9,14,35,40,17,23,73.9,4,34,38,31,13,7,4,21,6,1,2026,"YES","home"
"1250",22500600,"2026-01-17","regular",1610612764,"WAS","DEN","WAS",48,115,44,96,45.8,11,30,36.7,16,29,55.2,17,31,48,20,11,9,4,17,-6,0,2026,"NO","away"
"1251",22500601,"2026-01-17","regular",1610612757,"POR","POR","LAL",48,132,45,86,52.3,16,42,38.1,26,34,76.5,12,30,42,24,15,9,5,17,16,1,2026,"YES","home"
"1252",22500601,"2026-01-17","regular",1610612747,"LAL","POR","LAL",48,116,42,85,49.4,13,31,41.9,19,21,90.5,7,20,27,25,15,8,6,25,-16,0,2026,"NO","away"
"1253",22500602,"2026-01-18","regular",1610612763,"MEM","ORL","MEM",48,126,48,91,52.7,13,35,37.1,17,25,68,9,33,42,31,12,12,7,18,17,1,2026,"YES","away"
"1254",22500602,"2026-01-18","regular",1610612753,"ORL","MEM","ORL",48,109,42,95,44.2,10,33,30.3,15,16,93.8,12,30,42,30,17,5,6,20,-17,0,2026,"NO","away"
"1255",22500603,"2026-01-18","regular",1610612741,"CHI","CHI","BKN",48,124,49,94,52.1,20,46,43.5,6,9,66.7,10,34,44,41,9,8,5,18,22,1,2026,"YES","home"
"1256",22500603,"2026-01-18","regular",1610612751,"BKN","CHI","BKN",48,102,38,83,45.8,16,37,43.2,10,15,66.7,7,31,38,33,11,4,4,15,-22,0,2026,"NO","away"
"1257",22500604,"2026-01-18","regular",1610612745,"HOU","HOU","NOP",48,119,45,90,50,13,36,36.1,16,22,72.7,17,30,47,22,15,9,4,12,9,1,2026,"YES","home"
"1258",22500604,"2026-01-18","regular",1610612740,"NOP","HOU","NOP",48,110,44,88,50,10,26,38.5,12,15,80,10,29,39,27,14,10,5,16,-9,0,2026,"NO","away"
"1259",22500605,"2026-01-18","regular",1610612766,"CHA","DEN","CHA",48,110,44,89,49.4,11,34,32.4,11,13,84.6,16,36,52,30,13,4,3,19,23,1,2026,"YES","away"
"1260",22500605,"2026-01-18","regular",1610612743,"DEN","DEN","CHA",48,87,32,79,40.5,8,38,21.1,15,18,83.3,8,21,29,21,8,7,5,18,-23,0,2026,"NO","home"
"1261",22500606,"2026-01-18","regular",1610612757,"POR","SAC","POR",48,117,40,83,48.2,8,32,25,29,33,87.9,11,32,43,18,15,7,4,18,7,1,2026,"YES","away"
"1262",22500606,"2026-01-18","regular",1610612758,"SAC","SAC","POR",48,110,42,86,48.8,11,31,35.5,15,18,83.3,10,30,40,29,16,8,5,26,-7,0,2026,"NO","home"
"1263",22500607,"2026-01-18","regular",1610612747,"LAL","LAL","TOR",48,110,41,85,48.2,14,36,38.9,14,17,82.4,9,39,48,25,15,6,6,15,17,1,2026,"YES","home"
"1264",22500607,"2026-01-18","regular",1610612761,"TOR","LAL","TOR",48,93,38,91,41.8,7,32,21.9,10,15,66.7,10,33,43,30,10,7,5,15,-17,0,2026,"NO","away"
"1265",22500014,"2026-01-19","regular",1610612749,"MIL","ATL","MIL",48,112,39,79,49.4,16,36,44.4,18,25,72,4,43,47,24,13,8,6,20,2,1,2026,"YES","away"
"1266",22500014,"2026-01-19","regular",1610612737,"ATL","ATL","MIL",48,110,39,96,40.6,12,42,28.6,20,24,83.3,14,37,51,33,10,9,6,19,-2,0,2026,"NO","home"
"1267",22500015,"2026-01-19","regular",1610612760,"OKC","CLE","OKC",48,136,50,90,55.6,23,47,48.9,13,20,65,6,32,38,32,13,11,6,24,32,1,2026,"YES","away"
"1268",22500015,"2026-01-19","regular",1610612739,"CLE","CLE","OKC",48,104,34,91,37.4,8,35,22.9,28,35,80,19,35,54,20,21,8,5,21,-32,0,2026,"NO","home"
"1269",22500016,"2026-01-19","regular",1610612742,"DAL","NYK","DAL",48,114,40,82,48.8,15,32,46.9,19,28,67.9,7,42,49,25,17,9,5,21,17,1,2026,"YES","away"
"1270",22500016,"2026-01-19","regular",1610612752,"NYK","NYK","DAL",48,97,38,95,40,9,31,29,12,20,60,17,36,53,22,17,10,5,25,-17,0,2026,"NO","home"
"1271",22500017,"2026-01-19","regular",1610612765,"DET","DET","BOS",48,104,38,88,43.2,11,35,31.4,17,23,73.9,9,32,41,24,8,9,9,25,1,1,2026,"YES","home"
"1272",22500017,"2026-01-19","regular",1610612738,"BOS","DET","BOS",48,103,33,83,39.8,13,41,31.7,24,30,80,14,31,45,13,14,7,4,23,-1,0,2026,"NO","away"
"1273",22500608,"2026-01-19","regular",1610612746,"LAC","WAS","LAC",48,110,36,78,46.2,5,28,17.9,33,38,86.8,12,31,43,20,16,12,6,16,4,1,2026,"YES","away"
"1274",22500608,"2026-01-19","regular",1610612764,"WAS","WAS","LAC",48,106,37,86,43,13,35,37.1,19,22,86.4,15,30,45,27,20,7,5,22,-4,0,2026,"NO","home"
"1275",22500609,"2026-01-19","regular",1610612755,"PHI","PHI","IND",48,113,42,88,47.7,5,17,29.4,24,36,66.7,15,25,40,22,9,18,5,14,9,1,2026,"YES","home"
"1276",22500609,"2026-01-19","regular",1610612754,"IND","PHI","IND",48,104,40,84,47.6,13,34,38.2,11,14,78.6,12,34,46,24,24,4,9,22,-9,0,2026,"NO","away"
"1277",22500610,"2026-01-19","regular",1610612756,"PHX","BKN","PHX",48,126,44,77,57.1,20,39,51.3,18,23,78.3,7,28,35,29,13,4,4,17,9,1,2026,"YES","away"
"1278",22500610,"2026-01-19","regular",1610612751,"BKN","BKN","PHX",48,117,41,81,50.6,15,38,39.5,20,21,95.2,7,21,28,28,8,7,1,21,-9,0,2026,"NO","home"
"1279",22500611,"2026-01-19","regular",1610612759,"SAS","SAS","UTA",48,123,44,79,55.7,16,38,42.1,19,25,76,3,35,38,32,14,9,12,21,13,1,2026,"YES","home"
"1280",22500611,"2026-01-19","regular",1610612762,"UTA","SAS","UTA",48,110,37,92,40.2,13,37,35.1,23,27,85.2,15,27,42,31,14,10,1,22,-13,0,2026,"NO","away"
"1281",22500612,"2026-01-19","regular",1610612744,"GSW","GSW","MIA",48,135,49,95,51.6,24,51,47.1,13,17,76.5,8,38,46,38,14,11,3,17,23,1,2026,"YES","home"
"1282",22500612,"2026-01-19","regular",1610612748,"MIA","GSW","MIA",48,112,39,99,39.4,13,45,28.9,21,24,87.5,20,34,54,30,19,6,2,18,-23,0,2026,"NO","away"
"1283",22500613,"2026-01-20","regular",1610612756,"PHX","PHI","PHX",48,116,40,92,43.5,16,39,41,20,20,100,15,27,42,25,22,5,2,21,6,1,2026,"YES","away"
"1284",22500613,"2026-01-20","regular",1610612755,"PHI","PHI","PHX",48,110,39,93,41.9,11,34,32.4,21,27,77.8,18,31,49,20,19,12,6,22,-6,0,2026,"NO","home"
"1285",22500614,"2026-01-20","regular",1610612741,"CHI","CHI","LAC",48,138,52,92,56.5,25,47,53.2,9,12,75,9,33,42,40,12,10,11,15,28,1,2026,"YES","home"
"1286",22500614,"2026-01-20","regular",1610612746,"LAC","CHI","LAC",48,110,43,92,46.7,10,30,33.3,14,17,82.4,11,30,41,24,16,6,5,13,-28,0,2026,"NO","away"
"1287",22500615,"2026-01-20","regular",1610612745,"HOU","HOU","SAS",48,111,43,83,51.8,10,27,37,15,22,68.2,6,37,43,29,14,5,9,11,5,1,2026,"YES","home"
"1288",22500615,"2026-01-20","regular",1610612759,"SAS","HOU","SAS",48,106,41,105,39,14,50,28,10,10,100,14,31,45,24,9,7,5,16,-5,0,2026,"NO","away"
"1289",22500616,"2026-01-20","regular",1610612762,"UTA","UTA","MIN",48,127,48,87,55.2,12,29,41.4,19,26,73.1,8,37,45,31,17,8,4,22,5,1,2026,"YES","home"
"1290",22500616,"2026-01-20","regular",1610612750,"MIN","UTA","MIN",48,122,44,100,44,14,47,29.8,20,27,74.1,15,31,46,28,11,12,6,17,-5,0,2026,"NO","away"
"1291",22500617,"2026-01-20","regular",1610612747,"LAL","DEN","LAL",48,115,42,83,50.6,10,25,40,21,32,65.6,10,41,51,24,13,3,2,18,8,1,2026,"YES","away"
"1292",22500617,"2026-01-20","regular",1610612743,"DEN","DEN","LAL",48,107,39,87,44.8,15,37,40.5,14,19,73.7,5,26,31,27,5,6,7,21,-8,0,2026,"NO","home"
"1293",22500618,"2026-01-20","regular",1610612761,"TOR","GSW","TOR",48,145,51,86,59.3,21,34,61.8,22,22,100,9,28,37,42,17,7,3,22,18,1,2026,"YES","away"
"1294",22500618,"2026-01-20","regular",1610612744,"GSW","GSW","TOR",48,127,47,91,51.6,16,43,37.2,17,26,65.4,14,22,36,28,19,7,1,20,-18,0,2026,"NO","home"
"1295",22500619,"2026-01-20","regular",1610612748,"MIA","SAC","MIA",48,130,47,98,48,21,42,50,15,24,62.5,12,34,46,33,10,6,2,13,13,1,2026,"YES","away"
"1296",22500619,"2026-01-20","regular",1610612758,"SAC","SAC","MIA",48,117,44,87,50.6,11,30,36.7,18,21,85.7,8,41,49,27,16,6,4,20,-13,0,2026,"NO","home"
"1297",22500620,"2026-01-21","regular",1610612739,"CLE","CHA","CLE",48,94,34,87,39.1,8,40,20,18,24,75,17,43,60,20,21,6,8,21,7,1,2026,"YES","away"
"1298",22500620,"2026-01-21","regular",1610612766,"CHA","CHA","CLE",48,87,33,98,33.7,8,47,17,13,18,72.2,17,30,47,20,13,12,4,23,-7,0,2026,"NO","home"
"1299",22500621,"2026-01-21","regular",1610612738,"BOS","BOS","IND",48,119,42,88,47.7,12,31,38.7,23,25,92,14,40,54,24,16,8,6,19,15,1,2026,"YES","home"
"1300",22500621,"2026-01-21","regular",1610612754,"IND","BOS","IND",48,104,37,94,39.4,12,45,26.7,18,23,78.3,13,29,42,31,14,6,2,20,-15,0,2026,"NO","away"
"1301",22500622,"2026-01-21","regular",1610612752,"NYK","NYK","BKN",48,120,46,80,57.5,16,32,50,12,17,70.6,8,48,56,28,12,10,6,18,54,1,2026,"YES","home"
"1302",22500622,"2026-01-21","regular",1610612751,"BKN","NYK","BKN",48,66,23,79,29.1,11,40,27.5,9,13,69.2,4,23,27,15,14,5,4,16,-54,0,2026,"NO","away"
"1303",22500623,"2026-01-21","regular",1610612737,"ATL","MEM","ATL",48,124,43,92,46.7,20,45,44.4,18,24,75,11,31,42,34,17,9,6,24,2,1,2026,"YES","away"
"1304",22500623,"2026-01-21","regular",1610612763,"MEM","MEM","ATL",48,122,43,93,46.2,12,35,34.3,24,27,88.9,13,30,43,26,18,7,7,23,-2,0,2026,"NO","home"
"1305",22500624,"2026-01-21","regular",1610612765,"DET","NOP","DET",48,112,39,88,44.3,15,39,38.5,19,24,79.2,13,34,47,26,20,12,8,21,8,1,2026,"YES","away"
"1306",22500624,"2026-01-21","regular",1610612740,"NOP","NOP","DET",48,104,36,86,41.9,7,32,21.9,25,30,83.3,14,32,46,19,19,13,6,20,-8,0,2026,"NO","home"
"1307",22500625,"2026-01-21","regular",1610612760,"OKC","MIL","OKC",48,122,49,90,54.4,14,36,38.9,10,15,66.7,7,35,42,24,8,12,3,11,20,1,2026,"YES","away"
"1308",22500625,"2026-01-21","regular",1610612749,"MIL","MIL","OKC",48,102,40,81,49.4,16,41,39,6,9,66.7,5,34,39,30,16,6,0,19,-20,0,2026,"NO","home"
"1309",22500626,"2026-01-21","regular",1610612761,"TOR","SAC","TOR",48,122,43,94,45.7,13,33,39.4,23,25,92,15,32,47,30,11,11,3,19,13,1,2026,"YES","away"
"1310",22500626,"2026-01-21","regular",1610612758,"SAC","SAC","TOR",48,109,41,88,46.6,9,33,27.3,18,22,81.8,12,33,45,25,16,6,6,16,-13,0,2026,"NO","home"
"1311",22500627,"2026-01-22","regular",1610612766,"CHA","ORL","CHA",48,124,43,79,54.4,17,36,47.2,21,25,84,10,37,47,26,15,7,4,18,27,1,2026,"YES","away"
"1312",22500627,"2026-01-22","regular",1610612753,"ORL","ORL","CHA",48,97,33,79,41.8,14,37,37.8,17,22,77.3,6,25,31,25,12,7,4,23,-27,0,2026,"NO","home"
"1313",22500628,"2026-01-22","regular",1610612755,"PHI","PHI","HOU",53,128,49,89,55.1,11,32,34.4,19,22,86.4,9,37,46,41,15,13,4,23,6,1,2026,"YES","home"
"1314",22500628,"2026-01-22","regular",1610612745,"HOU","PHI","HOU",53,122,46,99,46.5,18,40,45,12,24,50,15,31,46,33,17,13,5,18,-6,0,2026,"NO","away"
"1315",22500629,"2026-01-22","regular",1610612743,"DEN","WAS","DEN",48,107,37,83,44.6,9,26,34.6,24,26,92.3,11,35,46,22,14,9,6,14,10,1,2026,"YES","away"
"1316",22500629,"2026-01-22","regular",1610612764,"WAS","WAS","DEN",48,97,32,84,38.1,13,43,30.2,20,24,83.3,14,28,42,20,14,9,6,21,-10,0,2026,"NO","home"
"1317",22500630,"2026-01-22","regular",1610612742,"DAL","DAL","GSW",48,123,43,86,50,13,35,37.1,24,30,80,11,43,54,25,22,6,6,17,8,1,2026,"YES","home"
"1318",22500630,"2026-01-22","regular",1610612744,"GSW","DAL","GSW",48,115,43,96,44.8,15,46,32.6,14,18,77.8,4,31,35,29,10,15,7,24,-8,0,2026,"NO","away"
"1319",22500631,"2026-01-22","regular",1610612741,"CHI","MIN","CHI",48,120,38,86,44.2,17,39,43.6,27,33,81.8,5,38,43,28,12,7,1,18,5,1,2026,"YES","away"
"1320",22500631,"2026-01-22","regular",1610612750,"MIN","MIN","CHI",48,115,43,93,46.2,15,41,36.6,14,15,93.3,9,36,45,29,14,6,9,27,-5,0,2026,"NO","home"
"1321",22500632,"2026-01-22","regular",1610612759,"SAS","UTA","SAS",48,126,44,87,50.6,18,43,41.9,20,24,83.3,7,34,41,30,11,8,11,13,17,1,2026,"YES","away"
"1322",22500632,"2026-01-22","regular",1610612762,"UTA","UTA","SAS",48,109,43,90,47.8,12,30,40,11,13,84.6,11,33,44,31,17,5,3,16,-17,0,2026,"NO","home"
"1323",22500633,"2026-01-22","regular",1610612746,"LAC","LAC","LAL",48,112,40,84,47.6,12,31,38.7,20,21,95.2,13,36,49,23,20,8,0,17,8,1,2026,"YES","home"
"1324",22500633,"2026-01-22","regular",1610612747,"LAL","LAC","LAL",48,104,40,88,45.5,11,33,33.3,13,18,72.2,6,28,34,24,10,14,8,17,-8,0,2026,"NO","away"
"1325",22500634,"2026-01-22","regular",1610612757,"POR","POR","MIA",48,127,48,96,50,20,50,40,11,13,84.6,14,36,50,26,20,10,5,17,17,1,2026,"YES","home"
"1326",22500634,"2026-01-22","regular",1610612748,"MIA","POR","MIA",48,110,43,94,45.7,9,45,20,15,19,78.9,14,26,40,27,15,12,4,10,-17,0,2026,"NO","away"
"1327",22500635,"2026-01-23","regular",1610612745,"HOU","DET","HOU",48,111,39,79,49.4,9,26,34.6,24,30,80,12,31,43,21,17,11,7,18,7,1,2026,"YES","away"
"1328",22500635,"2026-01-23","regular",1610612765,"DET","DET","HOU",48,104,40,84,47.6,7,32,21.9,17,24,70.8,9,26,35,22,17,9,4,24,-7,0,2026,"NO","home"
"1329",22500636,"2026-01-23","regular",1610612737,"ATL","ATL","PHX",48,110,43,81,53.1,13,26,50,11,16,68.8,9,39,48,28,21,5,3,13,7,1,2026,"YES","home"
"1330",22500636,"2026-01-23","regular",1610612756,"PHX","ATL","PHX",48,103,42,95,44.2,11,34,32.4,8,9,88.9,11,31,42,24,13,15,3,12,-7,0,2026,"NO","away"
"1331",22500637,"2026-01-23","regular",1610612738,"BOS","BKN","BOS",58,130,49,109,45,22,51,43.1,10,16,62.5,9,32,41,35,9,8,5,28,4,1,2026,"YES","away"
"1332",22500637,"2026-01-23","regular",1610612751,"BKN","BKN","BOS",58,126,42,95,44.2,13,44,29.5,29,34,85.3,16,42,58,22,18,5,6,26,-4,0,2026,"NO","home"
"1333",22500638,"2026-01-23","regular",1610612739,"CLE","CLE","SAC",48,123,44,96,45.8,13,36,36.1,22,27,81.5,16,32,48,23,7,6,6,17,5,1,2026,"YES","home"
"1334",22500638,"2026-01-23","regular",1610612758,"SAC","CLE","SAC",48,118,42,89,47.2,13,33,39.4,21,22,95.5,10,33,43,26,11,5,2,25,-5,0,2026,"NO","away"
"1335",22500639,"2026-01-23","regular",1610612740,"NOP","MEM","NOP",48,133,46,99,46.5,13,36,36.1,28,33,84.8,18,31,49,29,10,14,4,20,6,1,2026,"YES","away"
"1336",22500639,"2026-01-23","regular",1610612763,"MEM","MEM","NOP",48,127,45,92,48.9,18,47,38.3,19,22,86.4,14,33,47,34,19,4,10,23,-6,0,2026,"NO","home"
"1337",22500640,"2026-01-23","regular",1610612743,"DEN","MIL","DEN",48,102,35,87,40.2,12,41,29.3,20,23,87,6,41,47,27,8,8,3,19,2,1,2026,"YES","away"
"1338",22500640,"2026-01-23","regular",1610612749,"MIL","MIL","DEN",48,100,34,85,40,12,39,30.8,20,27,74.1,11,40,51,24,11,7,8,19,-2,0,2026,"NO","home"
"1339",22500641,"2026-01-23","regular",1610612754,"IND","OKC","IND",48,117,45,96,46.9,16,38,42.1,11,20,55,14,37,51,34,11,5,1,24,3,1,2026,"YES","away"
"1340",22500641,"2026-01-23","regular",1610612760,"OKC","OKC","IND",48,114,40,82,48.8,7,26,26.9,27,30,90,4,37,41,18,9,4,8,22,-3,0,2026,"NO","home"
"1341",22500642,"2026-01-23","regular",1610612761,"TOR","POR","TOR",48,110,45,85,52.9,9,29,31,11,17,64.7,10,36,46,28,16,7,9,17,12,1,2026,"YES","away"
"1342",22500642,"2026-01-23","regular",1610612757,"POR","POR","TOR",48,98,39,98,39.8,13,45,28.9,7,10,70,14,31,45,22,15,7,3,11,-12,0,2026,"NO","home"
"1343",22500643,"2026-01-24","regular",1610612752,"NYK","PHI","NYK",48,112,41,93,44.1,15,44,34.1,15,27,55.6,19,34,53,27,11,6,5,22,3,1,2026,"YES","away"
"1344",22500643,"2026-01-24","regular",1610612755,"PHI","PHI","NYK",48,109,39,77,50.6,9,29,31,22,29,75.9,6,31,37,24,14,7,4,21,-3,0,2026,"NO","home"
"1345",22500645,"2026-01-24","regular",1610612766,"CHA","CHA","WAS",48,119,41,79,51.9,14,36,38.9,23,30,76.7,12,34,46,30,21,8,3,10,4,1,2026,"YES","home"
"1346",22500645,"2026-01-24","regular",1610612764,"WAS","CHA","WAS",48,115,44,96,45.8,19,53,35.8,8,9,88.9,10,24,34,35,13,14,6,22,-4,0,2026,"NO","away"
"1347",22500646,"2026-01-24","regular",1610612739,"CLE","ORL","CLE",48,119,43,81,53.1,15,34,44.1,18,22,81.8,8,30,38,27,17,11,6,25,14,1,2026,"YES","away"
"1348",22500646,"2026-01-24","regular",1610612753,"ORL","ORL","CLE",48,105,33,81,40.7,11,40,27.5,28,32,87.5,10,27,37,21,16,8,3,20,-14,0,2026,"NO","home"
"1349",22500647,"2026-01-24","regular",1610612741,"CHI","CHI","BOS",48,114,43,85,50.6,21,45,46.7,7,8,87.5,8,36,44,32,15,2,6,15,3,1,2026,"YES","home"
"1350",22500647,"2026-01-24","regular",1610612738,"BOS","CHI","BOS",48,111,44,99,44.4,15,47,31.9,8,9,88.9,8,30,38,28,6,10,5,9,-3,0,2026,"NO","away"
"1351",22500648,"2026-01-24","regular",1610612747,"LAL","DAL","LAL",48,116,40,90,44.4,14,34,41.2,22,29,75.9,16,41,57,26,16,7,8,20,6,1,2026,"YES","away"
"1352",22500648,"2026-01-24","regular",1610612742,"DAL","DAL","LAL",48,110,39,94,41.5,10,29,34.5,22,29,75.9,11,32,43,22,11,10,6,19,-6,0,2026,"NO","home"
"1353",22500649,"2026-01-24","regular",1610612748,"MIA","UTA","MIA",48,147,47,108,43.5,19,47,40.4,34,42,81,26,38,64,35,14,10,6,21,31,1,2026,"YES","away"
"1354",22500649,"2026-01-24","regular",1610612762,"UTA","UTA","MIA",48,116,44,92,47.8,7,25,28,21,28,75,7,27,34,36,14,9,10,26,-31,0,2026,"NO","home"
"1355",22500644,"2026-01-25","regular",1610612744,"GSW","MIN","GSW",48,111,40,95,42.1,16,51,31.4,15,16,93.8,6,39,45,31,12,20,5,20,26,1,2026,"YES","away"
"1356",22500644,"2026-01-25","regular",1610612750,"MIN","MIN","GSW",48,85,30,79,38,13,38,34.2,12,20,60,10,40,50,16,26,6,5,16,-26,0,2026,"NO","home"
"1357",22500650,"2026-01-25","regular",1610612765,"DET","DET","SAC",48,139,50,91,54.9,16,31,51.6,23,28,82.1,16,27,43,31,19,15,5,21,23,1,2026,"YES","home"
"1358",22500650,"2026-01-25","regular",1610612758,"SAC","DET","SAC",48,116,44,84,52.4,11,25,44,17,28,60.7,12,21,33,32,19,7,7,21,-23,0,2026,"NO","away"
"1359",22500653,"2026-01-25","regular",1610612761,"TOR","OKC","TOR",48,103,37,86,43,12,34,35.3,17,26,65.4,12,39,51,28,11,10,6,22,2,1,2026,"YES","away"
"1360",22500653,"2026-01-25","regular",1610612760,"OKC","OKC","TOR",48,101,33,75,44,11,43,25.6,24,31,77.4,5,32,37,21,11,5,5,17,-2,0,2026,"NO","home"
"1361",22500654,"2026-01-25","regular",1610612740,"NOP","SAS","NOP",48,104,41,102,40.2,9,34,26.5,13,17,76.5,19,39,58,23,10,3,5,23,9,1,2026,"YES","away"
"1362",22500654,"2026-01-25","regular",1610612759,"SAS","SAS","NOP",48,95,32,81,39.5,12,44,27.3,19,32,59.4,10,36,46,22,12,2,5,16,-9,0,2026,"NO","home"
"1363",22500655,"2026-01-25","regular",1610612748,"MIA","PHX","MIA",48,111,39,93,41.9,9,35,25.7,24,29,82.8,18,41,59,21,12,6,3,21,9,1,2026,"YES","away"
"1364",22500655,"2026-01-25","regular",1610612756,"PHX","PHX","MIA",48,102,37,100,37,7,35,20,21,26,80.8,21,35,56,14,11,6,7,24,-9,0,2026,"NO","home"
"1365",22500656,"2026-01-25","regular",1610612746,"LAC","LAC","BKN",48,126,44,78,56.4,12,25,48,26,29,89.7,7,44,51,20,19,12,5,15,37,1,2026,"YES","home"
"1366",22500656,"2026-01-25","regular",1610612751,"BKN","LAC","BKN",48,89,29,85,34.1,9,43,20.9,22,25,88,9,27,36,23,17,14,4,19,-37,0,2026,"NO","away"
"1367",22500657,"2026-01-26","regular",1610612766,"CHA","CHA","PHI",48,130,47,83,56.6,17,41,41.5,19,27,70.4,14,39,53,34,25,8,4,22,37,1,2026,"YES","home"
"1368",22500657,"2026-01-26","regular",1610612755,"PHI","CHA","PHI",48,93,35,89,39.3,9,30,30,14,19,73.7,12,21,33,20,17,14,3,21,-37,0,2026,"NO","away"
"1369",22500658,"2026-01-26","regular",1610612739,"CLE","CLE","ORL",48,114,42,79,53.2,11,25,44,19,27,70.4,7,38,45,23,16,6,5,15,16,1,2026,"YES","home"
"1370",22500658,"2026-01-26","regular",1610612753,"ORL","CLE","ORL",48,98,38,94,40.4,11,39,28.2,11,15,73.3,13,29,42,21,12,10,6,19,-16,0,2026,"NO","away"
"1371",22500659,"2026-01-26","regular",1610612737,"ATL","ATL","IND",48,132,49,98,50,18,43,41.9,16,17,94.1,9,37,46,35,14,11,9,20,16,1,2026,"YES","home"
"1372",22500659,"2026-01-26","regular",1610612754,"IND","ATL","IND",48,116,43,93,46.2,10,35,28.6,20,25,80,7,35,42,31,17,11,7,12,-16,0,2026,"NO","away"
"1373",22500660,"2026-01-26","regular",1610612738,"BOS","BOS","POR",48,102,39,90,43.3,13,34,38.2,11,18,61.1,10,31,41,24,17,11,4,21,8,1,2026,"YES","home"
"1374",22500660,"2026-01-26","regular",1610612757,"POR","BOS","POR",48,94,32,78,41,10,40,25,20,30,66.7,11,35,46,17,18,11,8,22,-8,0,2026,"NO","away"
"1375",22500661,"2026-01-26","regular",1610612747,"LAL","CHI","LAL",48,129,46,82,56.1,16,33,48.5,21,29,72.4,3,32,35,26,8,7,3,15,11,1,2026,"YES","away"
"1376",22500661,"2026-01-26","regular",1610612741,"CHI","CHI","LAL",48,118,43,82,52.4,18,49,36.7,14,18,77.8,5,35,40,31,15,5,0,20,-11,0,2026,"NO","home"
"1377",22500662,"2026-01-26","regular",1610612745,"HOU","HOU","MEM",48,108,41,92,44.6,11,37,29.7,15,20,75,16,41,57,29,16,9,3,13,9,1,2026,"YES","home"
"1378",22500662,"2026-01-26","regular",1610612763,"MEM","HOU","MEM",48,99,39,105,37.1,7,37,18.9,14,17,82.4,21,31,52,26,13,9,5,21,-9,0,2026,"NO","away"
"1379",22500663,"2026-01-26","regular",1610612750,"MIN","MIN","GSW",48,108,37,81,45.7,14,35,40,20,26,76.9,9,47,56,29,22,12,10,15,25,1,2026,"YES","home"
"1380",22500663,"2026-01-26","regular",1610612744,"GSW","MIN","GSW",48,83,33,95,34.7,9,39,23.1,8,13,61.5,11,34,45,21,19,13,4,19,-25,0,2026,"NO","away"
"1381",22500664,"2026-01-27","regular",1610612764,"WAS","WAS","POR",48,115,40,98,40.8,17,39,43.6,18,21,85.7,14,32,46,27,14,16,12,17,4,1,2026,"YES","home"
"1382",22500664,"2026-01-27","regular",1610612757,"POR","WAS","POR",48,111,42,109,38.5,14,38,36.8,13,23,56.5,29,40,69,19,20,10,5,17,-4,0,2026,"NO","away"
"1383",22500665,"2026-01-27","regular",1610612752,"NYK","NYK","SAC",48,103,37,78,47.4,13,32,40.6,16,18,88.9,12,32,44,24,21,11,1,16,16,1,2026,"YES","home"
"1384",22500665,"2026-01-27","regular",1610612758,"SAC","NYK","SAC",48,87,35,87,40.2,5,30,16.7,12,14,85.7,14,30,44,18,17,8,3,16,-16,0,2026,"NO","away"
"1385",22500666,"2026-01-27","regular",1610612755,"PHI","PHI","MIL",48,139,53,101,52.5,22,42,52.4,11,15,73.3,15,31,46,35,7,7,5,22,17,1,2026,"YES","home"
"1386",22500666,"2026-01-27","regular",1610612749,"MIL","PHI","MIL",48,122,44,86,51.2,15,34,44.1,19,27,70.4,8,30,38,29,12,4,4,12,-17,0,2026,"NO","away"
"1387",22500667,"2026-01-27","regular",1610612760,"OKC","OKC","NOP",48,104,35,87,40.2,13,38,34.2,21,23,91.3,13,40,53,25,16,4,9,15,9,1,2026,"YES","home"
"1388",22500667,"2026-01-27","regular",1610612740,"NOP","OKC","NOP",48,95,34,99,34.3,10,40,25,17,22,77.3,21,33,54,25,9,13,11,21,-9,0,2026,"NO","away"
"1389",22500668,"2026-01-27","regular",1610612765,"DET","DEN","DET",48,109,44,94,46.8,6,31,19.4,15,18,83.3,13,28,41,24,7,10,3,21,2,1,2026,"YES","away"
"1390",22500668,"2026-01-27","regular",1610612743,"DEN","DEN","DET",48,107,40,84,47.6,10,29,34.5,17,23,73.9,13,36,49,22,15,4,9,16,-2,0,2026,"NO","home"
"1391",22500669,"2026-01-27","regular",1610612756,"PHX","PHX","BKN",48,106,43,77,55.8,5,20,25,15,20,75,10,22,32,22,15,12,5,18,4,1,2026,"YES","home"
"1392",22500669,"2026-01-27","regular",1610612751,"BKN","PHX","BKN",48,102,38,75,50.7,13,32,40.6,13,19,68.4,12,23,35,28,22,9,2,21,-4,0,2026,"NO","away"
"1393",22500670,"2026-01-27","regular",1610612746,"LAC","UTA","LAC",48,115,41,88,46.6,18,46,39.1,15,21,71.4,12,27,39,27,11,10,3,19,12,1,2026,"YES","away"
"1394",22500670,"2026-01-27","regular",1610612762,"UTA","UTA","LAC",48,103,37,82,45.1,12,33,36.4,17,21,81,10,30,40,28,17,6,3,17,-12,0,2026,"NO","home"
"1395",22500671,"2026-01-28","regular",1610612739,"CLE","CLE","LAL",48,129,51,97,52.6,17,44,38.6,10,13,76.9,14,32,46,32,10,12,2,15,30,1,2026,"YES","home"
"1396",22500671,"2026-01-28","regular",1610612747,"LAL","CLE","LAL",48,99,39,81,48.1,9,32,28.1,12,18,66.7,8,28,36,21,16,7,3,16,-30,0,2026,"NO","away"
"1397",22500672,"2026-01-28","regular",1610612754,"IND","IND","CHI",48,113,38,85,44.7,15,36,41.7,22,25,88,6,37,43,30,6,7,3,18,3,1,2026,"YES","home"
"1398",22500672,"2026-01-28","regular",1610612741,"CHI","IND","CHI",48,110,42,88,47.7,12,30,40,14,18,77.8,9,38,47,27,11,3,3,22,-3,0,2026,"NO","away"
"1399",22500673,"2026-01-28","regular",1610612737,"ATL","BOS","ATL",48,117,45,93,48.4,18,42,42.9,9,13,69.2,10,28,38,29,9,11,2,19,11,1,2026,"YES","away"
"1400",22500673,"2026-01-28","regular",1610612738,"BOS","BOS","ATL",48,106,42,89,47.2,9,34,26.5,13,16,81.3,15,36,51,21,16,3,6,13,-11,0,2026,"NO","home"
"1401",22500674,"2026-01-28","regular",1610612753,"ORL","MIA","ORL",48,133,52,104,50,16,38,42.1,13,17,76.5,12,30,42,36,7,12,6,16,9,1,2026,"YES","away"
"1402",22500674,"2026-01-28","regular",1610612748,"MIA","MIA","ORL",48,124,44,88,50,15,34,44.1,21,23,91.3,9,39,48,27,18,6,5,18,-9,0,2026,"NO","home"
"1403",22500675,"2026-01-28","regular",1610612752,"NYK","TOR","NYK",48,119,45,90,50,14,38,36.8,15,18,83.3,13,35,48,32,18,12,5,21,27,1,2026,"YES","away"
"1404",22500675,"2026-01-28","regular",1610612761,"TOR","TOR","NYK",48,92,30,79,38,7,26,26.9,25,29,86.2,12,31,43,20,20,9,8,19,-27,0,2026,"NO","home"
"1405",22500676,"2026-01-28","regular",1610612766,"CHA","MEM","CHA",48,112,44,90,48.9,17,42,40.5,7,8,87.5,13,30,43,25,20,5,1,11,15,1,2026,"YES","away"
"1406",22500676,"2026-01-28","regular",1610612763,"MEM","MEM","CHA",48,97,37,81,45.7,14,40,35,9,12,75,8,21,29,27,13,10,7,10,-15,0,2026,"NO","home"
"1407",22500677,"2026-01-28","regular",1610612750,"MIN","DAL","MIN",48,118,43,94,45.7,12,34,35.3,20,27,74.1,11,31,42,26,12,15,6,25,13,1,2026,"YES","away"
"1408",22500677,"2026-01-28","regular",1610612742,"DAL","DAL","MIN",48,105,38,84,45.2,3,18,16.7,26,39,66.7,14,36,50,22,19,6,3,19,-13,0,2026,"NO","home"
"1409",22500678,"2026-01-28","regular",1610612744,"GSW","UTA","GSW",48,140,46,86,53.5,23,54,42.6,25,30,83.3,12,30,42,39,20,15,8,17,16,1,2026,"YES","away"
"1410",22500678,"2026-01-28","regular",1610612762,"UTA","UTA","GSW",48,124,44,90,48.9,15,38,39.5,21,24,87.5,10,27,37,38,19,16,3,22,-16,0,2026,"NO","home"
"1411",22500679,"2026-01-28","regular",1610612759,"SAS","HOU","SAS",48,111,44,82,53.7,6,26,23.1,17,24,70.8,8,38,46,28,15,5,8,15,12,1,2026,"YES","away"
"1412",22500679,"2026-01-28","regular",1610612745,"HOU","HOU","SAS",48,99,39,99,39.4,8,23,34.8,13,18,72.2,17,29,46,23,14,12,8,18,-12,0,2026,"NO","home"
"1413",22500529,"2026-01-29","regular",1610612748,"MIA","CHI","MIA",48,116,42,93,45.2,12,36,33.3,20,24,83.3,10,39,49,29,14,12,2,19,3,1,2026,"YES","away"
"1414",22500529,"2026-01-29","regular",1610612741,"CHI","CHI","MIA",48,113,37,94,39.4,15,38,39.5,24,29,82.8,16,36,52,25,16,5,4,20,-3,0,2026,"NO","home"
"1415",22500680,"2026-01-29","regular",1610612755,"PHI","PHI","SAC",48,113,39,72,54.2,8,25,32,27,31,87.1,2,22,24,25,9,8,3,19,2,1,2026,"YES","home"
"1416",22500680,"2026-01-29","regular",1610612758,"SAC","PHI","SAC",48,111,41,82,50,10,26,38.5,19,23,82.6,15,31,46,21,17,6,4,26,-2,0,2026,"NO","away"
"1417",22500681,"2026-01-29","regular",1610612764,"WAS","WAS","MIL",48,109,38,96,39.6,8,35,22.9,25,28,89.3,18,43,61,21,13,8,7,11,10,1,2026,"YES","home"
"1418",22500681,"2026-01-29","regular",1610612749,"MIL","WAS","MIL",48,99,41,98,41.8,10,38,26.3,7,9,77.8,7,36,43,25,9,7,9,20,-10,0,2026,"NO","away"
"1419",22500682,"2026-01-29","regular",1610612745,"HOU","ATL","HOU",48,104,39,92,42.4,12,31,38.7,14,20,70,22,37,59,23,12,8,14,11,18,1,2026,"YES","away"
"1420",22500682,"2026-01-29","regular",1610612737,"ATL","ATL","HOU",48,86,34,93,36.6,12,39,30.8,6,7,85.7,14,32,46,19,12,7,5,16,-18,0,2026,"NO","home"
"1421",22500683,"2026-01-29","regular",1610612766,"CHA","DAL","CHA",48,123,43,91,47.3,20,41,48.8,17,18,94.4,8,37,45,28,10,4,9,17,2,1,2026,"YES","away"
"1422",22500683,"2026-01-29","regular",1610612742,"DAL","DAL","CHA",48,121,48,103,46.6,11,33,33.3,14,16,87.5,13,37,50,26,8,7,8,15,-2,0,2026,"NO","home"
"1423",22500684,"2026-01-29","regular",1610612743,"DEN","DEN","BKN",48,107,38,80,47.5,13,26,50,18,25,72,7,34,41,24,7,6,4,14,4,1,2026,"YES","home"
"1424",22500684,"2026-01-29","regular",1610612751,"BKN","DEN","BKN",48,103,37,85,43.5,14,37,37.8,15,18,83.3,14,35,49,24,9,4,6,21,-4,0,2026,"NO","away"
"1425",22500685,"2026-01-29","regular",1610612756,"PHX","PHX","DET",48,114,37,79,46.8,16,42,38.1,24,29,82.8,11,36,47,22,17,8,3,23,18,1,2026,"YES","home"
"1426",22500685,"2026-01-29","regular",1610612765,"DET","PHX","DET",48,96,37,87,42.5,6,29,20.7,16,21,76.2,9,28,37,26,9,8,2,19,-18,0,2026,"NO","away"
"1427",22500686,"2026-01-29","regular",1610612750,"MIN","MIN","OKC",48,123,45,89,50.6,22,47,46.8,11,18,61.1,15,31,46,26,20,12,7,21,12,1,2026,"YES","home"
"1428",22500686,"2026-01-29","regular",1610612760,"OKC","MIN","OKC",48,111,41,86,47.7,11,31,35.5,18,20,90,11,25,36,27,16,11,5,15,-12,0,2026,"NO","away"
"1429",22500687,"2026-01-30","regular",1610612753,"ORL","ORL","TOR",48,130,40,78,51.3,17,34,50,33,37,89.2,3,32,35,28,12,7,3,23,10,1,2026,"YES","home"
"1430",22500687,"2026-01-30","regular",1610612761,"TOR","ORL","TOR",48,120,44,84,52.4,7,28,25,25,32,78.1,7,31,38,33,14,8,6,24,-10,0,2026,"NO","away"
"1431",22500688,"2026-01-30","regular",1610612747,"LAL","WAS","LAL",48,142,52,85,61.2,14,33,42.4,24,32,75,11,35,46,38,17,17,4,8,31,1,2026,"YES","away"
"1432",22500688,"2026-01-30","regular",1610612764,"WAS","WAS","LAL",48,111,44,99,44.4,16,48,33.3,7,10,70,17,22,39,28,19,10,4,19,-31,0,2026,"NO","home"
"1433",22500689,"2026-01-30","regular",1610612738,"BOS","BOS","SAC",48,112,42,93,45.2,18,48,37.5,10,16,62.5,14,30,44,25,7,7,5,17,19,1,2026,"YES","home"
"1434",22500689,"2026-01-30","regular",1610612758,"SAC","BOS","SAC",48,93,31,83,37.3,10,31,32.3,21,23,91.3,15,32,47,19,16,4,6,18,-19,0,2026,"NO","away"
"1435",22500690,"2026-01-30","regular",1610612752,"NYK","NYK","POR",48,127,48,99,48.5,19,45,42.2,12,14,85.7,16,36,52,29,14,9,3,21,30,1,2026,"YES","home"
"1436",22500690,"2026-01-30","regular",1610612757,"POR","NYK","POR",48,97,35,81,43.2,13,43,30.2,14,19,73.7,8,29,37,23,20,5,5,13,-30,0,2026,"NO","away"
"1437",22500691,"2026-01-30","regular",1610612740,"NOP","NOP","MEM",48,114,43,88,48.9,8,33,24.2,20,26,76.9,14,28,42,24,16,13,6,16,8,1,2026,"YES","home"
"1438",22500691,"2026-01-30","regular",1610612763,"MEM","NOP","MEM",48,106,40,93,43,12,41,29.3,14,15,93.3,16,30,46,26,20,11,3,19,-8,0,2026,"NO","away"
"1439",22500693,"2026-01-30","regular",1610612756,"PHX","PHX","CLE",48,126,45,85,52.9,23,48,47.9,13,18,72.2,9,34,43,31,22,15,5,19,13,1,2026,"YES","home"
"1440",22500693,"2026-01-30","regular",1610612739,"CLE","PHX","CLE",48,113,45,97,46.4,15,48,31.3,8,11,72.7,16,27,43,34,22,13,2,17,-13,0,2026,"NO","away"
"1441",22500694,"2026-01-30","regular",1610612751,"BKN","UTA","BKN",48,109,39,82,47.6,14,40,35,17,28,60.7,11,36,47,27,12,6,5,20,10,1,2026,"YES","away"
"1442",22500694,"2026-01-30","regular",1610612762,"UTA","UTA","BKN",48,99,39,78,50,10,29,34.5,11,19,57.9,6,27,33,26,11,6,4,23,-10,0,2026,"NO","home"
"1443",22500695,"2026-01-30","regular",1610612743,"DEN","DEN","LAC",48,122,40,73,54.8,16,28,57.1,26,32,81.3,7,36,43,30,13,7,4,18,13,1,2026,"YES","home"
"1444",22500695,"2026-01-30","regular",1610612746,"LAC","DEN","LAC",48,109,40,86,46.5,14,40,35,15,21,71.4,11,23,34,29,9,7,3,21,-13,0,2026,"NO","away"
"1445",22500696,"2026-01-30","regular",1610612765,"DET","GSW","DET",48,131,46,95,48.4,10,26,38.5,29,36,80.6,15,38,53,31,16,13,3,23,7,1,2026,"YES","away"
"1446",22500696,"2026-01-30","regular",1610612744,"GSW","GSW","DET",48,124,40,90,44.4,18,52,34.6,26,35,74.3,11,31,42,31,18,10,4,20,-7,0,2026,"NO","home"
"1447",22500692,"2026-01-31","regular",1610612741,"CHI","MIA","CHI",48,125,46,88,52.3,20,40,50,13,18,72.2,1,42,43,34,24,8,5,21,7,1,2026,"YES","away"
"1448",22500692,"2026-01-31","regular",1610612748,"MIA","MIA","CHI",48,118,41,95,43.2,13,47,27.7,23,31,74.2,9,38,47,26,19,17,4,19,-7,0,2026,"NO","home"
"1449",22500697,"2026-01-31","regular",1610612766,"CHA","CHA","SAS",48,111,39,88,44.3,13,35,37.1,20,22,90.9,14,37,51,30,12,5,5,19,5,1,2026,"YES","home"
"1450",22500697,"2026-01-31","regular",1610612759,"SAS","CHA","SAS",48,106,38,80,47.5,13,34,38.2,17,19,89.5,6,30,36,26,11,7,6,16,-5,0,2026,"NO","away"
"1451",22500698,"2026-01-31","regular",1610612754,"IND","IND","ATL",48,129,48,89,53.9,15,32,46.9,18,21,85.7,11,40,51,29,23,6,4,21,5,1,2026,"YES","home"
"1452",22500698,"2026-01-31","regular",1610612737,"ATL","IND","ATL",48,124,46,97,47.4,11,28,39.3,21,28,75,10,29,39,25,10,11,2,18,-5,0,2026,"NO","away"
"1453",22500699,"2026-01-31","regular",1610612755,"PHI","PHI","NOP",48,124,45,94,47.9,17,36,47.2,17,23,73.9,12,40,52,28,10,5,4,17,10,1,2026,"YES","home"
"1454",22500699,"2026-01-31","regular",1610612740,"NOP","PHI","NOP",48,114,40,92,43.5,15,36,41.7,19,22,86.4,11,35,46,23,10,5,11,16,-10,0,2026,"NO","away"
"1455",22500700,"2026-01-31","regular",1610612750,"MIN","MEM","MIN",48,131,47,89,52.8,18,37,48.6,19,24,79.2,11,34,45,28,15,12,5,21,17,1,2026,"YES","away"
"1456",22500700,"2026-01-31","regular",1610612763,"MEM","MEM","MIN",48,114,44,90,48.9,10,37,27,16,24,66.7,13,30,43,29,15,8,4,16,-17,0,2026,"NO","home"
"1457",22500701,"2026-01-31","regular",1610612745,"HOU","HOU","DAL",48,111,45,108,41.7,10,26,38.5,11,15,73.3,18,35,53,33,6,10,6,20,4,1,2026,"YES","home"
"1458",22500701,"2026-01-31","regular",1610612742,"DAL","HOU","DAL",48,107,41,92,44.6,10,23,43.5,15,26,57.7,11,37,48,19,11,3,4,12,-4,0,2026,"NO","away"
"1459",22500702,"2026-02-01","regular",1610612738,"BOS","BOS","MIL",48,107,41,92,44.6,15,42,35.7,10,13,76.9,17,35,52,24,10,4,2,16,28,1,2026,"YES","home"
"1460",22500702,"2026-02-01","regular",1610612749,"MIL","BOS","MIL",48,79,29,82,35.4,10,34,29.4,11,15,73.3,12,28,40,17,11,5,0,17,-28,0,2026,"NO","away"
"1461",22500703,"2026-02-01","regular",1610612759,"SAS","SAS","ORL",48,112,41,82,50,8,29,27.6,22,32,68.8,8,40,48,27,17,8,6,22,9,1,2026,"YES","home"
"1462",22500703,"2026-02-01","regular",1610612753,"ORL","SAS","ORL",48,103,40,91,44,10,30,33.3,13,15,86.7,6,28,34,24,15,11,1,19,-9,0,2026,"NO","away"
"1463",22500704,"2026-02-01","regular",1610612765,"DET","DET","BKN",48,130,48,85,56.5,12,32,37.5,22,29,75.9,5,38,43,33,8,17,6,21,53,1,2026,"YES","home"
"1464",22500704,"2026-02-01","regular",1610612751,"BKN","DET","BKN",48,77,24,73,32.9,7,31,22.6,22,27,81.5,10,33,43,17,25,3,2,19,-53,0,2026,"NO","away"
"1465",22500705,"2026-02-01","regular",1610612748,"MIA","MIA","CHI",48,134,54,107,50.5,14,38,36.8,12,17,70.6,15,39,54,44,9,8,5,25,43,1,2026,"YES","home"
"1466",22500705,"2026-02-01","regular",1610612741,"CHI","MIA","CHI",48,91,28,87,32.2,6,41,14.6,29,34,85.3,15,32,47,18,19,5,6,16,-43,0,2026,"NO","away"
"1467",22500706,"2026-02-01","regular",1610612761,"TOR","TOR","UTA",48,107,35,84,41.7,12,35,34.3,25,30,83.3,13,29,42,22,19,11,8,23,7,1,2026,"YES","home"
"1468",22500706,"2026-02-01","regular",1610612762,"UTA","TOR","UTA",48,100,32,90,35.6,8,36,22.2,28,34,82.4,18,38,56,20,24,10,6,21,-7,0,2026,"NO","away"
"1469",22500707,"2026-02-01","regular",1610612764,"WAS","WAS","SAC",48,116,46,88,52.3,13,31,41.9,11,15,73.3,13,29,42,31,17,10,4,22,4,1,2026,"YES","home"
"1470",22500707,"2026-02-01","regular",1610612758,"SAC","WAS","SAC",48,112,39,84,46.4,8,21,38.1,26,29,89.7,13,24,37,21,14,9,8,15,-4,0,2026,"NO","away"
"1471",22500708,"2026-02-01","regular",1610612752,"NYK","NYK","LAL",48,112,43,91,47.3,18,42,42.9,8,11,72.7,14,32,46,30,10,7,2,15,12,1,2026,"YES","home"
"1472",22500708,"2026-02-01","regular",1610612747,"LAL","NYK","LAL",48,100,38,84,45.2,12,42,28.6,12,19,63.2,7,29,36,21,11,5,3,14,-12,0,2026,"NO","away"
"1473",22500709,"2026-02-01","regular",1610612746,"LAC","PHX","LAC",48,117,43,83,51.8,9,24,37.5,22,34,64.7,15,48,63,25,18,2,3,18,24,1,2026,"YES","away"
"1474",22500709,"2026-02-01","regular",1610612756,"PHX","PHX","LAC",48,93,31,93,33.3,19,46,41.3,12,18,66.7,10,25,35,21,5,7,4,26,-24,0,2026,"NO","home"
"1475",22500710,"2026-02-01","regular",1610612739,"CLE","POR","CLE",48,130,50,91,54.9,16,34,47.1,14,19,73.7,10,29,39,41,14,15,7,15,19,1,2026,"YES","away"
"1476",22500710,"2026-02-01","regular",1610612757,"POR","POR","CLE",48,111,44,98,44.9,14,44,31.8,9,12,75,17,30,47,24,23,7,5,17,-19,0,2026,"NO","home"
"1477",22500711,"2026-02-01","regular",1610612760,"OKC","DEN","OKC",48,121,40,85,47.1,19,48,39.6,22,27,81.5,12,27,39,23,13,12,6,21,10,1,2026,"YES","away"
"1478",22500711,"2026-02-01","regular",1610612743,"DEN","DEN","OKC",48,111,39,79,49.4,16,35,45.7,17,24,70.8,8,31,39,29,18,9,4,20,-10,0,2026,"NO","home"
"1479",22500712,"2026-02-02","regular",1610612766,"CHA","CHA","NOP",48,102,34,85,40,12,50,24,22,27,81.5,13,46,59,16,17,3,3,19,7,1,2026,"YES","home"
"1480",22500712,"2026-02-02","regular",1610612740,"NOP","CHA","NOP",48,95,33,84,39.3,11,34,32.4,18,25,72,5,29,34,23,8,9,4,23,-7,0,2026,"NO","away"
"1481",22500713,"2026-02-02","regular",1610612745,"HOU","IND","HOU",48,118,40,87,46,7,22,31.8,31,37,83.8,19,37,56,21,16,7,6,17,4,1,2026,"YES","away"
"1482",22500713,"2026-02-02","regular",1610612754,"IND","IND","HOU",48,114,43,87,49.4,12,26,46.2,16,21,76.2,7,26,33,33,10,10,6,27,-4,0,2026,"NO","home"
"1483",22500714,"2026-02-02","regular",1610612763,"MEM","MEM","MIN",48,137,44,88,50,19,41,46.3,30,35,85.7,12,33,45,31,10,5,2,22,9,1,2026,"YES","home"
"1484",22500714,"2026-02-02","regular",1610612750,"MIN","MEM","MIN",48,128,44,90,48.9,16,41,39,24,31,77.4,13,27,40,24,9,4,7,25,-9,0,2026,"NO","away"
"1485",22500715,"2026-02-02","regular",1610612755,"PHI","LAC","PHI",48,128,45,94,47.9,17,39,43.6,21,22,95.5,14,27,41,31,6,8,3,22,15,1,2026,"YES","away"
"1486",22500715,"2026-02-02","regular",1610612746,"LAC","LAC","PHI",48,113,46,78,59,9,26,34.6,12,20,60,5,31,36,24,14,4,2,19,-15,0,2026,"NO","home"
"1487",22500716,"2026-02-03","regular",1610612765,"DET","DET","DEN",48,124,43,94,45.7,12,29,41.4,26,30,86.7,12,31,43,27,9,9,4,27,3,1,2026,"YES","home"
"1488",22500716,"2026-02-03","regular",1610612743,"DEN","DET","DEN",48,121,37,83,44.6,10,30,33.3,37,43,86,12,31,43,20,10,7,10,20,-3,0,2026,"NO","away"
"1489",22500717,"2026-02-03","regular",1610612762,"UTA","IND","UTA",48,131,50,88,56.8,13,29,44.8,18,26,69.2,6,32,38,38,10,13,4,17,9,1,2026,"YES","away"
"1490",22500717,"2026-02-03","regular",1610612754,"IND","IND","UTA",48,122,45,84,53.6,14,39,35.9,18,27,66.7,7,31,38,33,15,6,2,18,-9,0,2026,"NO","home"
"1491",22500718,"2026-02-03","regular",1610612752,"NYK","WAS","NYK",48,132,47,90,52.2,17,37,45.9,21,27,77.8,9,41,50,34,9,6,5,22,31,1,2026,"YES","away"
"1492",22500718,"2026-02-03","regular",1610612764,"WAS","WAS","NYK",48,101,35,86,40.7,11,31,35.5,20,32,62.5,10,32,42,19,13,6,3,22,-31,0,2026,"NO","home"
"1493",22500719,"2026-02-03","regular",1610612747,"LAL","BKN","LAL",48,125,46,85,54.1,7,31,22.6,26,39,66.7,10,31,41,25,12,14,0,13,16,1,2026,"YES","away"
"1494",22500719,"2026-02-03","regular",1610612751,"BKN","BKN","LAL",48,109,45,94,47.9,10,41,24.4,9,14,64.3,16,32,48,28,20,7,0,21,-16,0,2026,"NO","home"
"1495",22500720,"2026-02-03","regular",1610612737,"ATL","MIA","ATL",48,127,49,101,48.5,21,50,42,8,13,61.5,8,39,47,34,9,7,2,22,12,1,2026,"YES","away"
"1496",22500720,"2026-02-03","regular",1610612748,"MIA","MIA","ATL",48,115,42,96,43.8,8,32,25,23,26,88.5,12,41,53,25,13,6,1,15,-12,0,2026,"NO","home"
"1497",22500721,"2026-02-03","regular",1610612738,"BOS","DAL","BOS",48,110,47,96,49,13,39,33.3,3,5,60,10,37,47,27,10,7,4,20,10,1,2026,"YES","away"
"1498",22500721,"2026-02-03","regular",1610612742,"DAL","DAL","BOS",48,100,37,89,41.6,9,32,28.1,17,22,77.3,13,36,49,21,9,4,4,11,-10,0,2026,"NO","home"
"1499",22500722,"2026-02-03","regular",1610612749,"MIL","MIL","CHI",48,131,50,97,51.5,23,38,60.5,8,15,53.3,13,38,51,33,14,6,4,20,16,1,2026,"YES","home"
"1500",22500722,"2026-02-03","regular",1610612741,"CHI","MIL","CHI",48,115,40,91,44,19,51,37.3,16,23,69.6,10,33,43,26,10,9,11,14,-16,0,2026,"NO","away"
"1501",22500723,"2026-02-03","regular",1610612760,"OKC","OKC","ORL",48,128,48,93,51.6,12,35,34.3,20,26,76.9,14,38,52,33,11,12,1,15,36,1,2026,"YES","home"
"1502",22500723,"2026-02-03","regular",1610612753,"ORL","OKC","ORL",48,92,34,89,38.2,13,41,31.7,11,11,100,10,28,38,21,16,5,5,24,-36,0,2026,"NO","away"
"1503",22500724,"2026-02-03","regular",1610612755,"PHI","GSW","PHI",48,113,42,93,45.2,13,38,34.2,16,21,76.2,25,31,56,23,13,9,3,6,19,1,2026,"YES","away"
"1504",22500724,"2026-02-03","regular",1610612744,"GSW","GSW","PHI",48,94,37,78,47.4,19,48,39.6,1,2,50,8,25,33,27,20,8,6,16,-19,0,2026,"NO","home"
"1505",22500725,"2026-02-03","regular",1610612756,"PHX","POR","PHX",48,130,50,97,51.5,20,41,48.8,10,15,66.7,18,27,45,26,11,13,2,19,5,1,2026,"YES","away"
"1506",22500725,"2026-02-03","regular",1610612757,"POR","POR","PHX",48,125,47,95,49.5,18,52,34.6,13,18,72.2,18,29,47,31,17,8,5,16,-5,0,2026,"NO","home"
"1507",22500726,"2026-02-04","regular",1610612752,"NYK","NYK","DEN",58,134,50,100,50,18,50,36,16,19,84.2,9,36,45,28,12,4,2,23,7,1,2026,"YES","home"
"1508",22500726,"2026-02-04","regular",1610612743,"DEN","NYK","DEN",58,127,46,105,43.8,13,50,26,22,27,81.5,15,36,51,29,16,8,3,21,-7,0,2026,"NO","away"
"1509",22500727,"2026-02-04","regular",1610612750,"MIN","TOR","MIN",48,128,49,97,50.5,16,39,41,14,25,56,13,33,46,26,10,8,5,20,2,1,2026,"YES","away"
"1510",22500727,"2026-02-04","regular",1610612761,"TOR","TOR","MIN",48,126,47,89,52.8,15,31,48.4,17,24,70.8,9,32,41,31,13,6,7,21,-2,0,2026,"NO","home"
"1511",22500728,"2026-02-04","regular",1610612738,"BOS","HOU","BOS",48,114,39,90,43.3,19,51,37.3,17,20,85,20,37,57,26,15,6,6,18,21,1,2026,"YES","away"
"1512",22500728,"2026-02-04","regular",1610612745,"HOU","HOU","BOS",48,93,34,82,41.5,11,30,36.7,14,22,63.6,12,26,38,16,10,10,5,17,-21,0,2026,"NO","home"
"1513",22500729,"2026-02-04","regular",1610612749,"MIL","MIL","NOP",53,141,56,92,60.9,21,47,44.7,8,10,80,6,37,43,36,15,5,3,18,4,1,2026,"YES","home"
"1514",22500729,"2026-02-04","regular",1610612740,"NOP","MIL","NOP",53,137,45,94,47.9,24,46,52.2,23,29,79.3,9,29,38,32,8,9,2,14,-4,0,2026,"NO","away"
"1515",22500730,"2026-02-04","regular",1610612759,"SAS","SAS","OKC",48,116,45,101,44.6,14,42,33.3,12,20,60,18,45,63,26,14,11,8,15,10,1,2026,"YES","home"
"1516",22500730,"2026-02-04","regular",1610612760,"OKC","SAS","OKC",48,106,37,93,39.8,19,47,40.4,13,14,92.9,9,37,46,26,14,10,9,16,-10,0,2026,"NO","away"
"1517",22500731,"2026-02-04","regular",1610612763,"MEM","SAC","MEM",48,129,45,90,50,18,41,43.9,21,28,75,11,33,44,30,13,8,4,26,4,1,2026,"YES","away"
"1518",22500731,"2026-02-04","regular",1610612758,"SAC","SAC","MEM",48,125,45,100,45,11,36,30.6,24,28,85.7,14,32,46,29,13,4,2,21,-4,0,2026,"NO","home"
"1519",22500732,"2026-02-04","regular",1610612739,"CLE","LAC","CLE",48,124,50,98,51,16,41,39,8,13,61.5,13,31,44,30,9,17,5,12,33,1,2026,"YES","away"
"1520",22500732,"2026-02-04","regular",1610612746,"LAC","LAC","CLE",48,91,37,80,46.3,6,28,21.4,11,12,91.7,6,31,37,20,24,6,4,13,-33,0,2026,"NO","home"
"1521",22500733,"2026-02-05","regular",1610612764,"WAS","DET","WAS",48,126,49,91,53.8,18,41,43.9,10,18,55.6,11,28,39,30,17,9,6,26,9,1,2026,"YES","away"
"1522",22500733,"2026-02-05","regular",1610612765,"DET","DET","WAS",48,117,41,88,46.6,9,33,27.3,26,33,78.8,14,33,47,22,15,11,5,17,-9,0,2026,"NO","home"
"1523",22500734,"2026-02-05","regular",1610612753,"ORL","ORL","BKN",48,118,44,82,53.7,9,32,28.1,21,27,77.8,9,33,42,32,17,14,11,21,20,1,2026,"YES","home"
"1524",22500734,"2026-02-05","regular",1610612751,"BKN","ORL","BKN",48,98,34,82,41.5,12,39,30.8,18,29,62.1,11,25,36,22,19,7,2,24,-20,0,2026,"NO","away"
"1525",22500735,"2026-02-05","regular",1610612737,"ATL","ATL","UTA",48,121,48,98,49,8,35,22.9,17,23,73.9,19,31,50,34,10,3,10,18,2,1,2026,"YES","home"
"1526",22500735,"2026-02-05","regular",1610612762,"UTA","ATL","UTA",48,119,47,101,46.5,12,30,40,13,20,65,18,31,49,19,11,7,4,24,-2,0,2026,"NO","away"
"1527",22500736,"2026-02-05","regular",1610612761,"TOR","TOR","CHI",48,123,49,87,56.3,14,34,41.2,11,13,84.6,8,27,35,35,12,10,7,11,16,1,2026,"YES","home"
"1528",22500736,"2026-02-05","regular",1610612741,"CHI","TOR","CHI",48,107,41,91,45.1,18,49,36.7,7,8,87.5,13,25,38,28,17,9,4,13,-16,0,2026,"NO","away"
"1529",22500737,"2026-02-05","regular",1610612766,"CHA","HOU","CHA",48,109,36,87,41.4,17,43,39.5,20,22,90.9,16,30,46,21,22,14,5,15,10,1,2026,"YES","away"
"1530",22500737,"2026-02-05","regular",1610612745,"HOU","HOU","CHA",48,99,38,83,45.8,8,23,34.8,15,20,75,12,28,40,24,18,17,5,16,-10,0,2026,"NO","home"
"1531",22500738,"2026-02-05","regular",1610612759,"SAS","DAL","SAS",48,135,48,95,50.5,17,41,41.5,22,25,88,11,39,50,34,14,7,7,18,12,1,2026,"YES","away"
"1532",22500738,"2026-02-05","regular",1610612742,"DAL","DAL","SAS",48,123,47,97,48.5,12,31,38.7,17,20,85,7,34,41,23,9,9,8,20,-12,0,2026,"NO","home"
"1533",22500739,"2026-02-05","regular",1610612744,"GSW","PHX","GSW",48,101,33,76,43.4,20,55,36.4,15,20,75,10,35,45,23,15,8,4,12,4,1,2026,"YES","away"
"1534",22500739,"2026-02-05","regular",1610612756,"PHX","PHX","GSW",48,97,38,82,46.3,16,43,37.2,5,6,83.3,6,31,37,22,12,10,1,15,-4,0,2026,"NO","home"
"1535",22500740,"2026-02-05","regular",1610612747,"LAL","LAL","PHI",48,119,44,79,55.7,9,25,36,22,27,81.5,10,32,42,27,22,8,4,17,4,1,2026,"YES","home"
"1536",22500740,"2026-02-05","regular",1610612755,"PHI","LAL","PHI",48,115,45,84,53.6,5,24,20.8,20,23,87,4,24,28,29,15,15,3,22,-4,0,2026,"NO","away"
"1537",22500741,"2026-02-06","regular",1610612738,"BOS","BOS","MIA",48,98,35,84,41.7,10,36,27.8,18,23,78.3,13,37,50,17,16,7,7,16,2,1,2026,"YES","home"
"1538",22500741,"2026-02-06","regular",1610612748,"MIA","BOS","MIA",48,96,35,84,41.7,13,40,32.5,13,18,72.2,10,32,42,23,12,9,3,18,-2,0,2026,"NO","away"
"1539",22500742,"2026-02-06","regular",1610612765,"DET","DET","NYK",48,118,44,83,53,17,40,42.5,13,15,86.7,8,36,44,31,13,10,6,21,38,1,2026,"YES","home"
"1540",22500742,"2026-02-06","regular",1610612752,"NYK","DET","NYK",48,80,29,82,35.4,8,33,24.2,14,17,82.4,10,25,35,22,15,6,1,15,-38,0,2026,"NO","away"
"1541",22500743,"2026-02-06","regular",1610612749,"MIL","MIL","IND",48,105,44,95,46.3,13,43,30.2,4,6,66.7,13,35,48,26,12,4,2,16,6,1,2026,"YES","home"
"1542",22500743,"2026-02-06","regular",1610612754,"IND","MIL","IND",48,99,35,79,44.3,12,43,27.9,17,21,81,5,32,37,26,9,9,4,12,-6,0,2026,"NO","away"
"1543",22500744,"2026-02-06","regular",1610612740,"NOP","MIN","NOP",48,119,43,80,53.8,15,34,44.1,18,22,81.8,6,33,39,29,16,5,5,20,4,1,2026,"YES","away"
"1544",22500744,"2026-02-06","regular",1610612750,"MIN","MIN","NOP",48,115,40,95,42.1,13,40,32.5,22,26,84.6,20,27,47,22,10,7,7,18,-4,0,2026,"NO","home"
"1545",22500745,"2026-02-06","regular",1610612757,"POR","POR","MEM",48,135,49,90,54.4,17,42,40.5,20,21,95.2,12,34,46,31,18,9,7,17,20,1,2026,"YES","home"
"1546",22500745,"2026-02-06","regular",1610612763,"MEM","POR","MEM",48,115,42,88,47.7,15,41,36.6,16,21,76.2,10,27,37,28,16,12,3,18,-20,0,2026,"NO","away"
"1547",22500746,"2026-02-06","regular",1610612746,"LAC","SAC","LAC",48,114,37,71,52.1,9,21,42.9,31,36,86.1,5,35,40,22,16,6,7,18,3,1,2026,"YES","away"
"1548",22500746,"2026-02-06","regular",1610612758,"SAC","SAC","LAC",48,111,41,92,44.6,10,37,27,19,22,86.4,12,30,42,22,11,10,6,22,-3,0,2026,"NO","home"
"1549",22500747,"2026-02-07","regular",1610612751,"BKN","BKN","WAS",48,127,50,91,54.9,13,38,34.2,14,19,73.7,13,32,45,36,13,8,3,22,14,1,2026,"YES","home"
"1550",22500747,"2026-02-07","regular",1610612764,"WAS","BKN","WAS",48,113,37,79,46.8,11,30,36.7,28,30,93.3,5,25,30,18,16,6,8,21,-14,0,2026,"NO","away"
"1551",22500748,"2026-02-07","regular",1610612745,"HOU","OKC","HOU",48,112,38,83,45.8,15,43,34.9,21,28,75,10,31,41,25,15,12,5,23,6,1,2026,"YES","away"
"1552",22500748,"2026-02-07","regular",1610612760,"OKC","OKC","HOU",48,106,37,82,45.1,14,36,38.9,18,28,64.3,13,29,42,25,17,10,2,20,-6,0,2026,"NO","home"
"1553",22500749,"2026-02-07","regular",1610612759,"SAS","SAS","DAL",48,138,55,99,55.6,14,35,40,14,20,70,12,40,52,34,18,5,11,17,13,1,2026,"YES","home"
"1554",22500749,"2026-02-07","regular",1610612742,"DAL","SAS","DAL",48,125,46,105,43.8,15,37,40.5,18,24,75,12,29,41,35,7,10,4,16,-13,0,2026,"NO","away"
"1555",22500750,"2026-02-07","regular",1610612753,"ORL","ORL","UTA",48,120,36,84,42.9,13,41,31.7,35,43,81.4,3,35,38,26,14,15,7,17,3,1,2026,"YES","home"
"1556",22500750,"2026-02-07","regular",1610612762,"UTA","ORL","UTA",48,117,44,92,47.8,10,31,32.3,19,23,82.6,12,42,54,30,24,11,4,25,-3,0,2026,"NO","away"
"1557",22500751,"2026-02-07","regular",1610612766,"CHA","ATL","CHA",48,126,46,95,48.4,18,39,46.2,16,16,100,16,33,49,31,16,5,3,16,7,1,2026,"YES","away"
"1558",22500751,"2026-02-07","regular",1610612737,"ATL","ATL","CHA",48,119,43,88,48.9,18,37,48.6,15,17,88.2,5,25,30,30,10,9,6,20,-7,0,2026,"NO","home"
"1559",22500752,"2026-02-07","regular",1610612743,"DEN","CHI","DEN",48,136,49,85,57.6,16,33,48.5,22,33,66.7,11,30,41,37,14,7,7,17,16,1,2026,"YES","away"
"1560",22500752,"2026-02-07","regular",1610612741,"CHI","CHI","DEN",48,120,41,92,44.6,20,51,39.2,18,20,90,12,25,37,25,17,9,3,24,-16,0,2026,"NO","home"
"1561",22500753,"2026-02-07","regular",1610612747,"LAL","LAL","GSW",48,105,35,69,50.7,11,27,40.7,24,30,80,5,36,41,29,23,7,10,14,6,1,2026,"YES","home"
"1562",22500753,"2026-02-07","regular",1610612744,"GSW","LAL","GSW",48,99,39,92,42.4,14,51,27.5,7,11,63.6,10,27,37,25,13,16,3,25,-6,0,2026,"NO","away"
"1563",22500754,"2026-02-07","regular",1610612755,"PHI","PHX","PHI",48,109,35,74,47.3,11,29,37.9,28,34,82.4,11,39,50,18,18,5,4,25,6,1,2026,"YES","away"
"1564",22500754,"2026-02-07","regular",1610612756,"PHX","PHX","PHI",48,103,33,83,39.8,11,46,23.9,26,31,83.9,12,28,40,22,14,8,0,23,-6,0,2026,"NO","home"
"1565",22500755,"2026-02-07","regular",1610612757,"POR","POR","MEM",48,122,46,95,48.4,21,51,41.2,9,14,64.3,14,34,48,30,17,7,3,21,7,1,2026,"YES","home"
"1566",22500755,"2026-02-07","regular",1610612763,"MEM","POR","MEM",48,115,42,84,50,16,38,42.1,15,21,71.4,5,31,36,19,15,14,6,15,-7,0,2026,"NO","away"
"1567",22500756,"2026-02-07","regular",1610612739,"CLE","SAC","CLE",48,132,46,88,52.3,11,35,31.4,29,32,90.6,9,29,38,30,12,9,3,14,6,1,2026,"YES","away"
"1568",22500756,"2026-02-07","regular",1610612758,"SAC","SAC","CLE",48,126,48,94,51.1,16,37,43.2,14,20,70,15,27,42,30,15,9,5,21,-6,0,2026,"NO","home"
"1569",22500757,"2026-02-08","regular",1610612752,"NYK","BOS","NYK",48,111,40,83,48.2,14,35,40,17,24,70.8,7,39,46,23,8,5,3,17,22,1,2026,"YES","away"
"1570",22500757,"2026-02-08","regular",1610612738,"BOS","BOS","NYK",48,89,34,92,37,7,41,17.1,14,15,93.3,14,30,44,22,10,4,3,21,-22,0,2026,"NO","home"
"1571",22500758,"2026-02-08","regular",1610612748,"MIA","WAS","MIA",48,132,49,104,47.1,21,47,44.7,13,15,86.7,21,39,60,34,16,18,4,19,31,1,2026,"YES","away"
"1572",22500758,"2026-02-08","regular",1610612764,"WAS","WAS","MIA",48,101,39,93,41.9,12,36,33.3,11,16,68.8,10,32,42,23,19,7,6,12,-31,0,2026,"NO","home"
"1573",22500759,"2026-02-08","regular",1610612761,"TOR","TOR","IND",48,122,45,95,47.4,11,30,36.7,21,30,70,17,37,54,29,13,12,8,19,18,1,2026,"YES","home"
"1574",22500759,"2026-02-08","regular",1610612754,"IND","TOR","IND",48,104,40,89,44.9,12,33,36.4,12,14,85.7,7,33,40,26,19,6,3,24,-18,0,2026,"NO","away"
"1575",22500760,"2026-02-08","regular",1610612746,"LAC","MIN","LAC",48,115,39,76,51.3,14,27,51.9,23,28,82.1,8,29,37,25,15,11,6,21,19,1,2026,"YES","away"
"1576",22500760,"2026-02-08","regular",1610612750,"MIN","MIN","LAC",48,96,37,83,44.6,8,33,24.2,14,22,63.6,10,31,41,17,21,8,2,22,-19,0,2026,"NO","home"
"1577",22500761,"2026-02-09","regular",1610612765,"DET","CHA","DET",48,110,41,87,47.1,5,25,20,23,28,82.1,14,27,41,20,10,12,3,20,6,1,2026,"YES","away"
"1578",22500761,"2026-02-09","regular",1610612766,"CHA","CHA","DET",48,104,34,82,41.5,19,47,40.4,17,17,100,11,28,39,22,21,4,3,24,-6,0,2026,"NO","home"
"1579",22500762,"2026-02-09","regular",1610612751,"BKN","BKN","CHI",48,123,45,88,51.1,12,25,48,21,31,67.7,10,37,47,28,20,10,6,22,8,1,2026,"YES","home"
"1580",22500762,"2026-02-09","regular",1610612741,"CHI","BKN","CHI",48,115,40,91,44,10,36,27.8,25,32,78.1,12,27,39,20,18,13,8,22,-8,0,2026,"NO","away"
"1581",22500763,"2026-02-09","regular",1610612762,"UTA","MIA","UTA",48,115,39,92,42.4,10,36,27.8,27,31,87.1,15,43,58,29,12,8,2,25,4,1,2026,"YES","away"
"1582",22500763,"2026-02-09","regular",1610612748,"MIA","MIA","UTA",48,111,33,79,41.8,15,45,33.3,30,44,68.2,10,33,43,24,14,6,3,22,-4,0,2026,"NO","home"
"1583",22500764,"2026-02-09","regular",1610612753,"ORL","ORL","MIL",48,118,40,86,46.5,14,42,33.3,24,27,88.9,11,33,44,27,11,14,3,18,19,1,2026,"YES","home"
"1584",22500764,"2026-02-09","regular",1610612749,"MIL","ORL","MIL",48,99,36,77,46.8,12,33,36.4,15,21,71.4,6,31,37,17,20,7,6,21,-19,0,2026,"NO","away"
"1585",22500765,"2026-02-09","regular",1610612750,"MIN","MIN","ATL",48,138,55,92,59.8,16,42,38.1,12,21,57.1,7,34,41,36,15,10,9,19,22,1,2026,"YES","home"
"1586",22500765,"2026-02-09","regular",1610612737,"ATL","MIN","ATL",48,116,40,99,40.4,14,45,31.1,22,28,78.6,17,30,47,20,19,12,1,19,-22,0,2026,"NO","away"
"1587",22500766,"2026-02-09","regular",1610612740,"NOP","NOP","SAC",48,120,47,87,54,16,39,41,10,16,62.5,7,32,39,30,13,8,5,18,26,1,2026,"YES","home"
"1588",22500766,"2026-02-09","regular",1610612758,"SAC","NOP","SAC",48,94,40,99,40.4,4,31,12.9,10,15,66.7,19,31,50,19,17,8,3,13,-26,0,2026,"NO","away"
"1589",22500767,"2026-02-09","regular",1610612739,"CLE","DEN","CLE",48,119,43,92,46.7,15,45,33.3,18,22,81.8,12,27,39,25,12,6,7,29,2,1,2026,"YES","away"
"1590",22500767,"2026-02-09","regular",1610612743,"DEN","DEN","CLE",48,117,38,85,44.7,13,40,32.5,28,35,80,12,34,46,25,14,9,1,23,-2,0,2026,"NO","home"
"1591",22500768,"2026-02-09","regular",1610612744,"GSW","GSW","MEM",48,114,44,83,53,11,33,33.3,15,19,78.9,10,30,40,31,23,12,1,17,1,1,2026,"YES","home"
"1592",22500768,"2026-02-09","regular",1610612763,"MEM","GSW","MEM",48,113,42,83,50.6,10,32,31.3,19,24,79.2,8,29,37,26,18,17,3,18,-1,0,2026,"NO","away"
"1593",22500769,"2026-02-09","regular",1610612760,"OKC","LAL","OKC",48,119,42,87,48.3,14,33,42.4,21,29,72.4,14,31,45,23,16,12,4,19,9,1,2026,"YES","away"
"1594",22500769,"2026-02-09","regular",1610612747,"LAL","LAL","OKC",48,110,42,84,50,10,31,32.3,16,23,69.6,9,28,37,25,15,7,2,21,-9,0,2026,"NO","home"
"1595",22500770,"2026-02-09","regular",1610612757,"POR","POR","PHI",48,135,47,97,48.5,22,54,40.7,19,25,76,20,31,51,36,18,8,7,25,17,1,2026,"YES","home"
"1596",22500770,"2026-02-09","regular",1610612755,"PHI","POR","PHI",48,118,38,81,46.9,11,30,36.7,31,36,86.1,8,25,33,23,14,12,8,22,-17,0,2026,"NO","away"
"1597",22500771,"2026-02-10","regular",1610612754,"IND","NYK","IND",53,137,50,97,51.5,18,45,40,19,26,73.1,6,37,43,30,11,6,4,23,3,1,2026,"YES","away"
"1598",22500771,"2026-02-10","regular",1610612752,"NYK","NYK","IND",53,134,50,100,50,14,46,30.4,20,27,74.1,8,38,46,33,12,4,4,30,-3,0,2026,"NO","home"
"1599",22500772,"2026-02-10","regular",1610612745,"HOU","HOU","LAC",48,102,36,79,45.6,14,28,50,16,18,88.9,10,34,44,19,18,7,5,15,7,1,2026,"YES","home"
"1600",22500772,"2026-02-10","regular",1610612746,"LAC","HOU","LAC",48,95,36,88,40.9,8,30,26.7,15,23,65.2,17,28,45,24,12,11,5,18,-7,0,2026,"NO","away"
"1601",22500773,"2026-02-10","regular",1610612756,"PHX","PHX","DAL",48,120,49,102,48,16,50,32,6,9,66.7,18,31,49,32,14,8,3,27,9,1,2026,"YES","home"
"1602",22500773,"2026-02-10","regular",1610612742,"DAL","PHX","DAL",48,111,37,77,48.1,5,22,22.7,32,44,72.7,8,34,42,18,16,7,5,12,-9,0,2026,"NO","away"
"1603",22500774,"2026-02-10","regular",1610612759,"SAS","LAL","SAS",48,136,52,92,56.5,13,33,39.4,19,25,76,9,36,45,34,13,14,6,18,28,1,2026,"YES","away"
"1604",22500774,"2026-02-10","regular",1610612747,"LAL","LAL","SAS",48,108,41,85,48.2,11,25,44,15,20,75,5,29,34,23,18,7,2,20,-28,0,2026,"NO","home"
"1605",22500775,"2026-02-11","regular",1610612766,"CHA","CHA","ATL",48,110,33,88,37.5,19,51,37.3,25,29,86.2,15,35,50,21,16,10,6,23,3,1,2026,"YES","home"
"1606",22500775,"2026-02-11","regular",1610612737,"ATL","CHA","ATL",48,107,37,84,44,10,36,27.8,23,30,76.7,8,33,41,28,13,8,6,21,-3,0,2026,"NO","away"
"1607",22500776,"2026-02-11","regular",1610612739,"CLE","CLE","WAS",48,138,45,83,54.2,16,38,42.1,32,37,86.5,16,35,51,30,21,9,8,15,25,1,2026,"YES","home"
"1608",22500776,"2026-02-11","regular",1610612764,"WAS","CLE","WAS",48,113,42,104,40.4,14,46,30.4,15,18,83.3,19,21,40,26,15,13,4,21,-25,0,2026,"NO","away"
"1609",22500777,"2026-02-11","regular",1610612749,"MIL","ORL","MIL",48,116,39,81,48.1,14,36,38.9,24,24,100,8,39,47,22,16,4,4,14,8,1,2026,"YES","away"
"1610",22500777,"2026-02-11","regular",1610612753,"ORL","ORL","MIL",48,108,35,82,42.7,20,47,42.6,18,21,85.7,7,23,30,31,9,12,6,24,-8,0,2026,"NO","home"
"1611",22500778,"2026-02-11","regular",1610612738,"BOS","BOS","CHI",48,124,49,95,51.6,18,45,40,8,13,61.5,13,35,48,29,14,9,8,15,19,1,2026,"YES","home"
"1612",22500778,"2026-02-11","regular",1610612741,"CHI","BOS","CHI",48,105,41,89,46.1,12,36,33.3,11,13,84.6,9,25,34,25,13,9,5,18,-19,0,2026,"NO","away"
"1613",22500779,"2026-02-11","regular",1610612754,"IND","BKN","IND",48,115,45,92,48.9,15,42,35.7,10,14,71.4,9,33,42,29,12,11,5,18,5,1,2026,"YES","away"
"1614",22500779,"2026-02-11","regular",1610612751,"BKN","BKN","IND",48,110,38,85,44.7,14,33,42.4,20,26,76.9,12,35,47,25,17,8,5,18,-5,0,2026,"NO","home"
"1615",22500780,"2026-02-11","regular",1610612752,"NYK","PHI","NYK",48,138,48,91,52.7,20,44,45.5,22,27,81.5,12,39,51,41,15,13,6,16,49,1,2026,"YES","away"
"1616",22500780,"2026-02-11","regular",1610612755,"PHI","PHI","NYK",48,89,33,88,37.5,6,32,18.8,17,21,81,12,26,38,16,18,9,6,18,-49,0,2026,"NO","home"
"1617",22500781,"2026-02-11","regular",1610612765,"DET","TOR","DET",48,113,41,89,46.1,14,34,41.2,17,25,68,17,30,47,24,16,10,8,21,18,1,2026,"YES","away"
"1618",22500781,"2026-02-11","regular",1610612761,"TOR","TOR","DET",48,95,32,75,42.7,10,32,31.3,21,23,91.3,11,24,35,22,17,7,6,20,-18,0,2026,"NO","home"
"1619",22500782,"2026-02-11","regular",1610612746,"LAC","HOU","LAC",48,105,36,77,46.8,11,28,39.3,22,26,84.6,7,25,32,21,11,13,7,15,3,1,2026,"YES","away"
"1620",22500782,"2026-02-11","regular",1610612745,"HOU","HOU","LAC",48,102,38,82,46.3,12,36,33.3,14,18,77.8,13,32,45,25,21,3,9,17,-3,0,2026,"NO","home"
"1621",22500783,"2026-02-11","regular",1610612750,"MIN","MIN","POR",48,133,45,87,51.7,14,34,41.2,29,35,82.9,11,32,43,26,15,14,6,21,24,1,2026,"YES","home"
"1622",22500783,"2026-02-11","regular",1610612757,"POR","MIN","POR",48,109,40,94,42.6,16,45,35.6,13,16,81.3,18,32,50,23,26,4,4,22,-24,0,2026,"NO","away"
"1623",22500784,"2026-02-11","regular",1610612748,"MIA","NOP","MIA",48,123,42,102,41.2,14,47,29.8,25,33,75.8,18,38,56,25,8,8,9,15,12,1,2026,"YES","away"
"1624",22500784,"2026-02-11","regular",1610612740,"NOP","NOP","MIA",48,111,42,92,45.7,11,31,35.5,16,19,84.2,8,38,46,27,13,5,3,23,-12,0,2026,"NO","home"
"1625",22500785,"2026-02-11","regular",1610612760,"OKC","PHX","OKC",48,136,52,89,58.4,15,36,41.7,17,19,89.5,8,29,37,28,8,6,3,8,27,1,2026,"YES","away"
"1626",22500785,"2026-02-11","regular",1610612756,"PHX","PHX","OKC",48,109,43,92,46.7,15,42,35.7,8,13,61.5,15,28,43,26,12,4,5,12,-27,0,2026,"NO","home"
"1627",22500786,"2026-02-11","regular",1610612762,"UTA","UTA","SAC",48,121,47,86,54.7,15,37,40.5,12,13,92.3,9,43,52,34,18,9,3,21,28,1,2026,"YES","home"
"1628",22500786,"2026-02-11","regular",1610612758,"SAC","UTA","SAC",48,93,31,90,34.4,7,33,21.2,24,29,82.8,15,27,42,24,13,10,3,15,-28,0,2026,"NO","away"
"1629",22500787,"2026-02-11","regular",1610612743,"DEN","DEN","MEM",48,122,43,81,53.1,10,22,45.5,26,32,81.3,9,37,46,29,15,2,1,19,6,1,2026,"YES","home"
"1630",22500787,"2026-02-11","regular",1610612763,"MEM","DEN","MEM",48,116,42,91,46.2,15,39,38.5,17,21,81,8,21,29,28,6,12,5,32,-6,0,2026,"NO","away"
"1631",22500788,"2026-02-11","regular",1610612759,"SAS","GSW","SAS",48,126,46,93,49.5,10,39,25.6,24,28,85.7,14,30,44,35,10,6,5,18,13,1,2026,"YES","away"
"1632",22500788,"2026-02-11","regular",1610612744,"GSW","GSW","SAS",48,113,42,91,46.2,16,47,34,13,17,76.5,10,30,40,37,12,6,1,24,-13,0,2026,"NO","home"
"1633",22500789,"2026-02-12","regular",1610612749,"MIL","OKC","MIL",48,110,44,95,46.3,17,42,40.5,5,7,71.4,15,34,49,25,11,9,6,17,17,1,2026,"YES","away"
"1634",22500789,"2026-02-12","regular",1610612760,"OKC","OKC","MIL",48,93,31,83,37.3,15,45,33.3,16,20,80,14,33,47,22,16,3,6,8,-17,0,2026,"NO","home"
"1635",22500790,"2026-02-12","regular",1610612757,"POR","UTA","POR",48,135,46,90,51.1,18,46,39.1,25,33,75.8,19,33,52,26,21,7,7,23,16,1,2026,"YES","away"
"1636",22500790,"2026-02-12","regular",1610612762,"UTA","UTA","POR",48,119,42,87,48.3,14,38,36.8,21,29,72.4,12,26,38,28,19,15,3,27,-16,0,2026,"NO","home"
"1637",22500791,"2026-02-12","regular",1610612747,"LAL","LAL","DAL",48,124,48,86,55.8,10,31,32.3,18,21,85.7,10,34,44,35,13,8,3,20,20,1,2026,"YES","home"
"1638",22500791,"2026-02-12","regular",1610612742,"DAL","LAL","DAL",48,104,39,79,49.4,7,26,26.9,19,25,76,4,24,28,22,15,7,1,18,-20,0,2026,"NO","away"
"1639",22500792,"2026-02-19","regular",1610612745,"HOU","CHA","HOU",48,105,42,86,48.8,9,32,28.1,12,13,92.3,8,31,39,19,11,15,8,15,4,1,2026,"YES","away"
"1640",22500792,"2026-02-19","regular",1610612766,"CHA","CHA","HOU",48,101,36,84,42.9,14,42,33.3,15,18,83.3,12,34,46,25,16,7,3,12,-4,0,2026,"NO","home"
"1641",22500793,"2026-02-19","regular",1610612739,"CLE","CLE","BKN",48,112,44,86,51.2,12,35,34.3,12,20,60,8,48,56,27,14,7,7,13,28,1,2026,"YES","home"
"1642",22500793,"2026-02-19","regular",1610612751,"BKN","CLE","BKN",48,84,30,87,34.5,14,49,28.6,10,16,62.5,6,30,36,25,12,8,4,19,-28,0,2026,"NO","away"
"1643",22500794,"2026-02-19","regular",1610612737,"ATL","PHI","ATL",48,117,38,89,42.7,10,32,31.3,31,40,77.5,14,37,51,24,14,11,5,23,10,1,2026,"YES","away"
"1644",22500794,"2026-02-19","regular",1610612755,"PHI","PHI","ATL",48,107,33,86,38.4,11,33,33.3,30,37,81.1,12,34,46,17,16,9,13,27,-10,0,2026,"NO","home"
"1645",22500795,"2026-02-19","regular",1610612764,"WAS","WAS","IND",48,112,43,98,43.9,11,37,29.7,15,20,75,10,36,46,30,10,14,5,17,7,1,2026,"YES","home"
"1646",22500795,"2026-02-19","regular",1610612754,"IND","WAS","IND",48,105,34,83,41,15,42,35.7,22,27,81.5,8,42,50,22,23,7,4,22,-7,0,2026,"NO","away"
"1647",22500796,"2026-02-19","regular",1610612765,"DET","NYK","DET",48,126,48,93,51.6,13,30,43.3,17,20,85,11,33,44,30,15,9,8,20,15,1,2026,"YES","away"
"1648",22500796,"2026-02-19","regular",1610612752,"NYK","NYK","DET",48,111,41,87,47.1,8,35,22.9,21,28,75,11,27,38,24,12,9,7,22,-15,0,2026,"NO","home"
"1649",22500797,"2026-02-19","regular",1610612761,"TOR","CHI","TOR",48,110,38,90,42.2,7,23,30.4,27,31,87.1,11,35,46,23,14,14,3,20,9,1,2026,"YES","away"
"1650",22500797,"2026-02-19","regular",1610612741,"CHI","CHI","TOR",48,101,36,86,41.9,12,40,30,17,21,81,11,35,46,22,23,6,5,18,-9,0,2026,"NO","home"
"1651",22500798,"2026-02-19","regular",1610612759,"SAS","SAS","PHX",48,121,45,87,51.7,13,37,35.1,18,20,90,11,39,50,30,12,6,7,12,27,1,2026,"YES","home"
"1652",22500798,"2026-02-19","regular",1610612756,"PHX","SAS","PHX",48,94,39,105,37.1,12,42,28.6,4,6,66.7,19,27,46,22,13,7,5,16,-27,0,2026,"NO","away"
"1653",22500799,"2026-02-19","regular",1610612738,"BOS","GSW","BOS",48,121,49,95,51.6,17,40,42.5,6,7,85.7,13,41,54,36,13,7,6,6,11,1,2026,"YES","away"
"1654",22500799,"2026-02-19","regular",1610612744,"GSW","GSW","BOS",48,110,43,96,44.8,20,55,36.4,4,8,50,11,29,40,30,9,8,4,11,-11,0,2026,"NO","home"
"1655",22500800,"2026-02-19","regular",1610612753,"ORL","SAC","ORL",48,131,45,90,50,27,50,54,14,17,82.4,5,36,41,28,10,13,4,17,37,1,2026,"YES","away"
"1656",22500800,"2026-02-19","regular",1610612758,"SAC","SAC","ORL",48,94,35,86,40.7,8,27,29.6,16,20,80,11,37,48,22,19,9,3,16,-37,0,2026,"NO","home"
"1657",22500801,"2026-02-19","regular",1610612746,"LAC","LAC","DEN",48,115,41,87,47.1,8,33,24.2,25,30,83.3,7,38,45,27,14,9,4,23,1,1,2026,"YES","home"
"1658",22500801,"2026-02-19","regular",1610612743,"DEN","LAC","DEN",48,114,39,86,45.3,13,40,32.5,23,31,74.2,6,39,45,29,17,8,2,24,-1,0,2026,"NO","away"
"1659",22500802,"2026-02-20","regular",1610612739,"CLE","CHA","CLE",48,118,41,77,53.2,10,21,47.6,26,28,92.9,11,28,39,24,12,10,3,21,5,1,2026,"YES","away"
"1660",22500802,"2026-02-20","regular",1610612766,"CHA","CHA","CLE",48,113,36,92,39.1,20,56,35.7,21,22,95.5,23,22,45,26,14,5,4,23,-5,0,2026,"NO","home"
"1661",22500803,"2026-02-20","regular",1610612764,"WAS","WAS","IND",48,131,55,95,57.9,6,29,20.7,15,19,78.9,10,38,48,36,18,14,9,15,13,1,2026,"YES","home"
"1662",22500803,"2026-02-20","regular",1610612754,"IND","WAS","IND",48,118,43,90,47.8,18,49,36.7,14,21,66.7,9,31,40,32,21,12,0,16,-13,0,2026,"NO","away"
"1663",22500804,"2026-02-20","regular",1610612763,"MEM","MEM","UTA",48,123,45,92,48.9,12,33,36.4,21,33,63.6,11,34,45,29,17,15,6,16,9,1,2026,"YES","home"
"1664",22500804,"2026-02-20","regular",1610612762,"UTA","MEM","UTA",48,114,46,93,49.5,13,34,38.2,9,16,56.3,12,37,49,28,24,11,6,24,-9,0,2026,"NO","away"
"1665",22500805,"2026-02-20","regular",1610612748,"MIA","ATL","MIA",48,128,52,100,52,13,35,37.1,11,14,78.6,11,47,58,31,9,8,4,21,31,1,2026,"YES","away"
"1666",22500805,"2026-02-20","regular",1610612737,"ATL","ATL","MIA",48,97,36,95,37.9,16,38,42.1,9,15,60,12,34,46,26,13,4,3,16,-31,0,2026,"NO","home"
"1667",22500806,"2026-02-20","regular",1610612750,"MIN","MIN","DAL",48,122,47,99,47.5,16,42,38.1,12,19,63.2,17,37,54,28,19,7,8,22,11,1,2026,"YES","home"
"1668",22500806,"2026-02-20","regular",1610612742,"DAL","MIN","DAL",48,111,41,97,42.3,8,25,32,21,29,72.4,15,30,45,21,12,12,3,18,-11,0,2026,"NO","away"
"1669",22500807,"2026-02-20","regular",1610612749,"MIL","NOP","MIL",48,139,55,92,59.8,15,36,41.7,14,18,77.8,8,29,37,28,15,9,8,17,21,1,2026,"YES","away"
"1670",22500807,"2026-02-20","regular",1610612740,"NOP","NOP","MIL",48,118,47,87,54,4,25,16,20,28,71.4,9,28,37,22,14,10,5,17,-21,0,2026,"NO","home"
"1671",22500808,"2026-02-20","regular",1610612760,"OKC","OKC","BKN",48,105,35,83,42.2,13,35,37.1,22,25,88,13,34,47,22,19,11,4,19,19,1,2026,"YES","home"
"1672",22500808,"2026-02-20","regular",1610612751,"BKN","OKC","BKN",48,86,29,79,36.7,7,41,17.1,21,26,80.8,10,30,40,19,21,11,7,23,-19,0,2026,"NO","away"
"1673",22500809,"2026-02-20","regular",1610612747,"LAL","LAL","LAC",48,125,44,85,51.8,17,31,54.8,20,25,80,5,27,32,31,12,8,4,24,3,1,2026,"YES","home"
"1674",22500809,"2026-02-20","regular",1610612746,"LAC","LAL","LAC",48,122,45,82,54.9,8,21,38.1,24,29,82.8,10,32,42,25,16,7,5,20,-3,0,2026,"NO","away"
"1675",22500810,"2026-02-20","regular",1610612743,"DEN","POR","DEN",48,157,55,96,57.3,21,41,51.2,26,32,81.3,13,47,60,41,16,12,3,22,54,1,2026,"YES","away"
"1676",22500810,"2026-02-20","regular",1610612757,"POR","POR","DEN",48,103,35,86,40.7,15,47,31.9,18,29,62.1,8,28,36,25,18,8,5,20,-54,0,2026,"NO","home"
"1677",22500811,"2026-02-21","regular",1610612756,"PHX","PHX","ORL",58,113,40,117,34.2,16,55,29.1,17,24,70.8,22,43,65,20,9,11,4,20,3,1,2026,"YES","home"
"1678",22500811,"2026-02-21","regular",1610612753,"ORL","PHX","ORL",58,110,42,98,42.9,10,39,25.6,16,19,84.2,10,43,53,24,16,6,15,21,-3,0,2026,"NO","away"
"1679",22500812,"2026-02-21","regular",1610612740,"NOP","NOP","PHI",48,126,40,81,49.4,17,34,50,29,38,76.3,10,39,49,25,15,5,8,25,15,1,2026,"YES","home"
"1680",22500812,"2026-02-21","regular",1610612755,"PHI","NOP","PHI",48,111,36,94,38.3,12,46,26.1,27,33,81.8,12,35,47,19,11,10,5,25,-15,0,2026,"NO","away"
"1681",22500813,"2026-02-21","regular",1610612748,"MIA","MIA","MEM",48,136,49,95,51.6,13,36,36.1,25,33,75.8,17,40,57,36,18,8,5,21,16,1,2026,"YES","home"
"1682",22500813,"2026-02-21","regular",1610612763,"MEM","MIA","MEM",48,120,45,95,47.4,15,43,34.9,15,22,68.2,9,26,35,31,13,14,7,22,-16,0,2026,"NO","away"
"1683",22500814,"2026-02-21","regular",1610612765,"DET","CHI","DET",48,126,51,105,48.6,13,29,44.8,11,15,73.3,13,37,50,34,14,12,6,20,16,1,2026,"YES","away"
"1684",22500814,"2026-02-21","regular",1610612741,"CHI","CHI","DET",48,110,38,84,45.2,17,40,42.5,17,24,70.8,8,36,44,29,23,10,13,17,-16,0,2026,"NO","home"
"1685",22500815,"2026-02-21","regular",1610612759,"SAS","SAS","SAC",48,139,52,94,55.3,13,34,38.2,22,28,78.6,12,36,48,32,18,5,7,20,17,1,2026,"YES","home"
"1686",22500815,"2026-02-21","regular",1610612758,"SAC","SAS","SAC",48,122,45,96,46.9,9,32,28.1,23,25,92,10,25,35,33,12,11,7,20,-17,0,2026,"NO","away"
"1687",22500816,"2026-02-21","regular",1610612752,"NYK","NYK","HOU",48,108,42,85,49.4,10,26,38.5,14,16,87.5,8,21,29,26,12,11,0,19,2,1,2026,"YES","home"
"1688",22500816,"2026-02-21","regular",1610612745,"HOU","NYK","HOU",48,106,38,80,47.5,12,31,38.7,18,23,78.3,13,31,44,24,20,5,6,20,-2,0,2026,"NO","away"
"1689",22500817,"2026-02-22","regular",1610612760,"OKC","OKC","CLE",48,121,42,86,48.8,21,41,51.2,16,25,64,13,31,44,32,16,12,4,19,8,1,2026,"YES","home"
"1690",22500817,"2026-02-22","regular",1610612739,"CLE","OKC","CLE",48,113,43,89,48.3,13,39,33.3,14,19,73.7,12,32,44,28,17,9,3,22,-8,0,2026,"NO","away"
"1691",22500818,"2026-02-22","regular",1610612737,"ATL","ATL","BKN",48,115,42,87,48.3,13,33,39.4,18,21,85.7,15,37,52,28,17,10,4,16,11,1,2026,"YES","home"
"1692",22500818,"2026-02-22","regular",1610612751,"BKN","ATL","BKN",48,104,38,85,44.7,12,34,35.3,16,22,72.7,9,25,34,29,13,9,4,18,-11,0,2026,"NO","away"
"1693",22500819,"2026-02-22","regular",1610612761,"TOR","MIL","TOR",48,122,44,94,46.8,16,46,34.8,18,23,78.3,14,31,45,34,8,11,3,19,28,1,2026,"YES","away"
"1694",22500819,"2026-02-22","regular",1610612749,"MIL","MIL","TOR",48,94,35,85,41.2,9,32,28.1,15,19,78.9,13,33,46,18,19,4,4,16,-28,0,2026,"NO","home"
"1695",22500820,"2026-02-22","regular",1610612744,"GSW","GSW","DEN",48,128,48,94,51.1,21,52,40.4,11,12,91.7,9,35,44,42,18,14,2,24,11,1,2026,"YES","home"
"1696",22500820,"2026-02-22","regular",1610612743,"DEN","GSW","DEN",48,117,42,91,46.2,8,31,25.8,25,29,86.2,14,30,44,25,17,13,3,11,-11,0,2026,"NO","away"
"1697",22500821,"2026-02-22","regular",1610612742,"DAL","IND","DAL",48,134,51,94,54.3,11,28,39.3,21,32,65.6,10,35,45,29,11,9,2,13,4,1,2026,"YES","away"
"1698",22500821,"2026-02-22","regular",1610612754,"IND","IND","DAL",48,130,47,94,50,20,42,47.6,16,20,80,9,30,39,37,16,8,3,23,-4,0,2026,"NO","home"
"1699",22500822,"2026-02-22","regular",1610612766,"CHA","WAS","CHA",48,129,43,87,49.4,25,46,54.3,18,25,72,16,37,53,27,12,9,5,17,17,1,2026,"YES","away"
"1700",22500822,"2026-02-22","regular",1610612764,"WAS","WAS","CHA",48,112,41,84,48.8,18,42,42.9,12,17,70.6,9,28,37,24,11,6,5,17,-17,0,2026,"NO","home"
"1701",22500823,"2026-02-22","regular",1610612738,"BOS","LAL","BOS",48,111,40,83,48.2,14,36,38.9,17,21,81,9,41,50,29,14,6,5,19,22,1,2026,"YES","away"
"1702",22500823,"2026-02-22","regular",1610612747,"LAL","LAL","BOS",48,89,34,87,39.1,9,30,30,12,18,66.7,8,31,39,18,8,7,5,19,-22,0,2026,"NO","home"
"1703",22500824,"2026-02-22","regular",1610612755,"PHI","MIN","PHI",48,135,50,97,51.5,21,37,56.8,14,21,66.7,10,29,39,31,11,14,1,22,27,1,2026,"YES","away"
"1704",22500824,"2026-02-22","regular",1610612750,"MIN","MIN","PHI",48,108,34,71,47.9,10,33,30.3,30,36,83.3,6,33,39,22,21,7,8,15,-27,0,2026,"NO","home"
"1705",22500825,"2026-02-22","regular",1610612752,"NYK","CHI","NYK",48,105,38,84,45.2,15,42,35.7,14,21,66.7,10,40,50,27,13,9,4,17,6,1,2026,"YES","away"
"1706",22500825,"2026-02-22","regular",1610612741,"CHI","CHI","NYK",48,99,34,86,39.5,16,46,34.8,15,21,71.4,13,37,50,24,17,8,2,17,-6,0,2026,"NO","home"
"1707",22500826,"2026-02-22","regular",1610612757,"POR","PHX","POR",48,92,38,81,46.9,10,37,27,6,11,54.5,13,34,47,23,21,10,11,11,15,1,2026,"YES","away"
"1708",22500826,"2026-02-22","regular",1610612756,"PHX","PHX","POR",48,77,31,85,36.5,9,35,25.7,6,6,100,13,28,41,16,23,14,3,16,-15,0,2026,"NO","home"
"1709",22500827,"2026-02-22","regular",1610612753,"ORL","LAC","ORL",48,111,40,83,48.2,8,23,34.8,23,31,74.2,12,31,43,25,12,7,3,21,2,1,2026,"YES","away"
"1710",22500827,"2026-02-22","regular",1610612746,"LAC","LAC","ORL",48,109,40,83,48.2,5,23,21.7,24,28,85.7,9,34,43,18,10,9,9,18,-2,0,2026,"NO","home"
"1711",22500828,"2026-02-23","regular",1610612759,"SAS","DET","SAS",48,114,42,101,41.6,18,40,45,12,19,63.2,16,34,50,32,16,8,11,22,11,1,2026,"YES","away"
"1712",22500828,"2026-02-23","regular",1610612765,"DET","DET","SAS",48,103,40,106,37.7,7,36,19.4,16,19,84.2,20,35,55,21,16,7,8,19,-11,0,2026,"NO","home"
"1713",22500829,"2026-02-23","regular",1610612758,"SAC","MEM","SAC",48,123,47,94,50,10,29,34.5,19,25,76,13,32,45,30,15,12,7,15,9,1,2026,"YES","away"
"1714",22500829,"2026-02-23","regular",1610612763,"MEM","MEM","SAC",48,114,42,87,48.3,12,34,35.3,18,20,90,9,28,37,33,18,13,3,18,-9,0,2026,"NO","home"
"1715",22500830,"2026-02-23","regular",1610612745,"HOU","HOU","UTA",48,125,49,86,57,18,40,45,9,11,81.8,10,43,53,34,27,10,8,20,20,1,2026,"YES","home"
"1716",22500830,"2026-02-23","regular",1610612762,"UTA","HOU","UTA",48,105,36,98,36.7,8,44,18.2,25,30,83.3,13,23,36,23,12,17,3,10,-20,0,2026,"NO","away"
"1717",22500831,"2026-02-24","regular",1610612755,"PHI","IND","PHI",48,135,53,92,57.6,8,29,27.6,21,25,84,6,38,44,29,13,14,5,21,21,1,2026,"YES","away"
"1718",22500831,"2026-02-24","regular",1610612754,"IND","IND","PHI",48,114,41,95,43.2,13,43,30.2,19,22,86.4,12,29,41,27,18,8,4,19,-21,0,2026,"NO","home"
"1719",22500832,"2026-02-24","regular",1610612737,"ATL","ATL","WAS",48,119,42,107,39.3,12,50,24,23,26,88.5,19,42,61,33,11,14,2,18,21,1,2026,"YES","home"
"1720",22500832,"2026-02-24","regular",1610612764,"WAS","ATL","WAS",48,98,37,84,44,10,31,32.3,14,17,82.4,2,39,41,23,20,9,8,19,-21,0,2026,"NO","away"
"1721",22500833,"2026-02-24","regular",1610612742,"DAL","BKN","DAL",48,123,48,82,58.5,8,23,34.8,19,24,79.2,10,34,44,26,16,5,4,19,9,1,2026,"YES","away"
"1722",22500833,"2026-02-24","regular",1610612751,"BKN","BKN","DAL",48,114,41,80,51.3,13,32,40.6,19,27,70.4,5,23,28,29,11,11,2,21,-9,0,2026,"NO","home"
"1723",22500834,"2026-02-24","regular",1610612760,"OKC","TOR","OKC",48,116,45,95,47.4,16,40,40,10,12,83.3,12,37,49,26,19,10,5,19,9,1,2026,"YES","away"
"1724",22500834,"2026-02-24","regular",1610612761,"TOR","TOR","OKC",48,107,41,88,46.6,18,38,47.4,7,12,58.3,7,27,34,30,16,10,8,22,-9,0,2026,"NO","home"
"1725",22500835,"2026-02-24","regular",1610612739,"CLE","CLE","NYK",48,109,37,87,42.5,13,35,37.1,22,30,73.3,13,32,45,23,11,11,6,18,15,1,2026,"YES","home"
"1726",22500835,"2026-02-24","regular",1610612752,"NYK","CLE","NYK",48,94,35,86,40.7,10,37,27,14,21,66.7,11,33,44,23,17,7,8,22,-15,0,2026,"NO","away"
"1727",22500836,"2026-02-24","regular",1610612766,"CHA","CHI","CHA",48,131,49,95,51.6,25,57,43.9,8,9,88.9,14,32,46,31,17,13,8,14,32,1,2026,"YES","away"
"1728",22500836,"2026-02-24","regular",1610612741,"CHI","CHI","CHA",48,99,35,82,42.7,16,40,40,13,15,86.7,9,24,33,18,21,9,1,12,-32,0,2026,"NO","home"
"1729",22500837,"2026-02-24","regular",1610612749,"MIL","MIL","MIA",48,128,48,97,49.5,16,39,41,16,19,84.2,10,36,46,25,11,10,3,20,11,1,2026,"YES","home"
"1730",22500837,"2026-02-24","regular",1610612748,"MIA","MIL","MIA",48,117,40,94,42.6,16,48,33.3,21,27,77.8,14,37,51,32,16,8,5,18,-11,0,2026,"NO","away"
"1731",22500838,"2026-02-24","regular",1610612740,"NOP","NOP","GSW",48,113,43,101,42.6,10,40,25,17,23,73.9,21,32,53,20,17,12,9,19,4,1,2026,"YES","home"
"1732",22500838,"2026-02-24","regular",1610612744,"GSW","NOP","GSW",48,109,40,97,41.2,11,45,24.4,18,23,78.3,21,38,59,26,21,8,6,21,-4,0,2026,"NO","away"
"1733",22500839,"2026-02-24","regular",1610612738,"BOS","PHX","BOS",48,97,38,95,40,13,47,27.7,8,9,88.9,22,39,61,24,11,4,7,13,16,1,2026,"YES","away"
"1734",22500839,"2026-02-24","regular",1610612756,"PHX","PHX","BOS",48,81,29,79,36.7,12,36,33.3,11,13,84.6,9,25,34,18,8,4,5,16,-16,0,2026,"NO","home"
"1735",22500840,"2026-02-24","regular",1610612753,"ORL","LAL","ORL",48,110,43,94,45.7,7,29,24.1,17,23,73.9,12,35,47,26,11,7,5,20,1,1,2026,"YES","away"
"1736",22500840,"2026-02-24","regular",1610612747,"LAL","LAL","ORL",48,109,40,83,48.2,9,29,31,20,28,71.4,7,32,39,24,12,6,8,19,-1,0,2026,"NO","home"
"1737",22500841,"2026-02-24","regular",1610612750,"MIN","POR","MIN",48,124,47,88,53.4,17,35,48.6,13,19,68.4,13,28,41,26,16,14,8,25,3,1,2026,"YES","away"
"1738",22500841,"2026-02-24","regular",1610612757,"POR","POR","MIN",48,121,42,89,47.2,14,35,40,23,30,76.7,16,28,44,27,16,10,4,17,-3,0,2026,"NO","home"
"1739",22500842,"2026-02-25","regular",1610612765,"DET","DET","OKC",48,124,48,89,53.9,9,27,33.3,19,26,73.1,16,36,52,29,17,9,12,21,8,1,2026,"YES","home"
"1740",22500842,"2026-02-25","regular",1610612760,"OKC","DET","OKC",48,116,39,96,40.6,18,49,36.7,20,21,95.2,12,25,37,28,14,7,3,20,-8,0,2026,"NO","away"
"1741",22500843,"2026-02-25","regular",1610612759,"SAS","TOR","SAS",48,110,40,86,46.5,17,39,43.6,13,23,56.5,6,34,40,28,13,11,5,20,3,1,2026,"YES","away"
"1742",22500843,"2026-02-25","regular",1610612761,"TOR","TOR","SAS",48,107,38,90,42.2,8,23,34.8,23,27,85.2,12,38,50,17,13,6,4,20,-3,0,2026,"NO","home"
"1743",22500844,"2026-02-25","regular",1610612744,"GSW","MEM","GSW",48,133,49,92,53.3,19,46,41.3,16,19,84.2,14,34,48,37,16,12,6,21,21,1,2026,"YES","away"
"1744",22500844,"2026-02-25","regular",1610612763,"MEM","MEM","GSW",48,112,41,84,48.8,17,41,41.5,13,18,72.2,10,24,34,30,16,7,4,16,-21,0,2026,"NO","home"
"1745",22500845,"2026-02-25","regular",1610612745,"HOU","HOU","SAC",48,128,47,86,54.7,17,39,43.6,17,19,89.5,9,35,44,29,13,6,8,14,31,1,2026,"YES","home"
"1746",22500845,"2026-02-25","regular",1610612758,"SAC","HOU","SAC",48,97,37,93,39.8,7,32,21.9,16,20,80,16,27,43,22,12,9,2,15,-31,0,2026,"NO","away"
"1747",22500846,"2026-02-25","regular",1610612749,"MIL","MIL","CLE",48,118,48,88,54.5,19,45,42.2,3,5,60,8,28,36,28,13,7,2,20,2,1,2026,"YES","home"
"1748",22500846,"2026-02-25","regular",1610612739,"CLE","MIL","CLE",48,116,42,87,48.3,12,40,30,20,27,74.1,16,28,44,28,11,7,2,10,-2,0,2026,"NO","away"
"1749",22500847,"2026-02-25","regular",1610612743,"DEN","DEN","BOS",48,103,39,93,41.9,15,43,34.9,10,18,55.6,14,40,54,28,9,4,4,18,19,1,2026,"YES","home"
"1750",22500847,"2026-02-25","regular",1610612738,"BOS","DEN","BOS",48,84,29,83,34.9,12,43,27.9,14,18,77.8,9,39,48,18,14,4,8,20,-19,0,2026,"NO","away"
"1751",22500848,"2026-02-26","regular",1610612766,"CHA","IND","CHA",48,133,48,86,55.8,22,46,47.8,15,19,78.9,11,35,46,35,17,10,4,19,24,1,2026,"YES","away"
"1752",22500848,"2026-02-26","regular",1610612754,"IND","IND","CHA",48,109,41,87,47.1,11,35,31.4,16,20,80,12,25,37,28,12,7,3,15,-24,0,2026,"NO","home"
"1753",22500849,"2026-02-26","regular",1610612755,"PHI","PHI","MIA",48,124,45,94,47.9,17,43,39.5,17,18,94.4,11,38,49,26,14,11,3,22,7,1,2026,"YES","home"
"1754",22500849,"2026-02-26","regular",1610612748,"MIA","PHI","MIA",48,117,40,87,46,17,40,42.5,20,26,76.9,10,35,45,25,14,8,2,14,-7,0,2026,"NO","away"
"1755",22500850,"2026-02-26","regular",1610612737,"ATL","ATL","WAS",48,126,42,91,46.2,13,39,33.3,29,37,78.4,11,45,56,30,14,12,8,17,30,1,2026,"YES","home"
"1756",22500850,"2026-02-26","regular",1610612764,"WAS","ATL","WAS",48,96,36,94,38.3,9,33,27.3,15,16,93.8,11,33,44,17,14,7,3,22,-30,0,2026,"NO","away"
"1757",22500851,"2026-02-26","regular",1610612759,"SAS","BKN","SAS",48,126,43,87,49.4,17,42,40.5,23,27,85.2,10,29,39,36,9,13,5,19,16,1,2026,"YES","away"
"1758",22500851,"2026-02-26","regular",1610612751,"BKN","BKN","SAS",48,110,41,89,46.1,13,34,38.2,15,17,88.2,15,35,50,26,15,5,1,19,-16,0,2026,"NO","home"
"1759",22500852,"2026-02-26","regular",1610612745,"HOU","ORL","HOU",48,113,43,82,52.4,11,29,37.9,16,20,80,10,31,41,24,13,7,9,17,5,1,2026,"YES","away"
"1760",22500852,"2026-02-26","regular",1610612753,"ORL","ORL","HOU",48,108,40,88,45.5,15,37,40.5,13,21,61.9,15,25,40,25,12,11,4,16,-5,0,2026,"NO","home"
"1761",22500853,"2026-02-26","regular",1610612757,"POR","CHI","POR",48,121,42,95,44.2,10,46,21.7,27,31,87.1,15,30,45,27,12,10,8,19,9,1,2026,"YES","away"
"1762",22500853,"2026-02-26","regular",1610612741,"CHI","CHI","POR",48,112,40,80,50,9,30,30,23,30,76.7,6,35,41,29,22,8,4,24,-9,0,2026,"NO","home"
"1763",22500854,"2026-02-26","regular",1610612758,"SAC","DAL","SAC",48,130,51,101,50.5,8,26,30.8,20,25,80,16,30,46,29,5,11,4,22,9,1,2026,"YES","away"
"1764",22500854,"2026-02-26","regular",1610612742,"DAL","DAL","SAC",48,121,45,81,55.6,10,23,43.5,21,34,61.8,8,34,42,23,18,4,3,16,-9,0,2026,"NO","home"
"1765",22500855,"2026-02-26","regular",1610612756,"PHX","PHX","LAL",48,113,40,87,46,22,50,44,11,14,78.6,15,26,41,22,12,9,5,23,3,1,2026,"YES","home"
"1766",22500855,"2026-02-26","regular",1610612747,"LAL","PHX","LAL",48,110,38,75,50.7,11,29,37.9,23,26,88.5,10,29,39,20,13,8,2,15,-3,0,2026,"NO","away"
"1767",22500856,"2026-02-26","regular",1610612740,"NOP","UTA","NOP",48,129,46,88,52.3,13,34,38.2,24,27,88.9,13,27,40,37,18,13,8,22,11,1,2026,"YES","away"
"1768",22500856,"2026-02-26","regular",1610612762,"UTA","UTA","NOP",48,118,45,90,50,12,37,32.4,16,25,64,15,22,37,28,18,14,6,21,-11,0,2026,"NO","home"
"1769",22500857,"2026-02-26","regular",1610612750,"MIN","LAC","MIN",48,94,36,83,43.4,8,26,30.8,14,19,73.7,7,34,41,23,13,8,5,19,6,1,2026,"YES","away"
"1770",22500857,"2026-02-26","regular",1610612746,"LAC","LAC","MIN",48,88,30,74,40.5,5,22,22.7,23,29,79.3,6,34,40,21,19,8,2,17,-6,0,2026,"NO","home"
"1771",22500858,"2026-02-27","regular",1610612765,"DET","DET","CLE",53,122,46,100,46,6,27,22.2,24,33,72.7,21,35,56,26,16,14,6,27,3,1,2026,"YES","home"
"1772",22500858,"2026-02-27","regular",1610612739,"CLE","DET","CLE",53,119,43,94,45.7,13,35,37.1,20,27,74.1,11,30,41,32,18,10,9,24,-3,0,2026,"NO","away"
"1773",22500859,"2026-02-27","regular",1610612738,"BOS","BOS","BKN",48,148,52,78,66.7,22,34,64.7,22,27,81.5,7,32,39,38,12,9,7,17,37,1,2026,"YES","home"
"1774",22500859,"2026-02-27","regular",1610612751,"BKN","BOS","BKN",48,111,43,88,48.9,14,34,41.2,11,16,68.8,9,16,25,29,12,7,2,25,-37,0,2026,"NO","away"
"1775",22500860,"2026-02-27","regular",1610612752,"NYK","MIL","NYK",48,127,46,88,52.3,21,42,50,14,16,87.5,7,37,44,33,11,7,6,20,29,1,2026,"YES","away"
"1776",22500860,"2026-02-27","regular",1610612749,"MIL","MIL","NYK",48,98,33,77,42.9,16,42,38.1,16,22,72.7,4,30,34,24,16,5,3,16,-29,0,2026,"NO","home"
"1777",22500861,"2026-02-27","regular",1610612763,"MEM","DAL","MEM",48,124,47,93,50.5,12,32,37.5,18,21,85.7,10,33,43,29,11,13,7,26,19,1,2026,"YES","away"
"1778",22500861,"2026-02-27","regular",1610612742,"DAL","DAL","MEM",48,105,37,88,42,9,32,28.1,22,33,66.7,13,33,46,24,21,4,4,13,-19,0,2026,"NO","home"
"1779",22500862,"2026-02-27","regular",1610612760,"OKC","OKC","DEN",53,127,46,99,46.5,12,35,34.3,23,27,85.2,8,48,56,29,12,14,10,16,6,1,2026,"YES","home"
"1780",22500862,"2026-02-27","regular",1610612743,"DEN","OKC","DEN",53,121,43,103,41.7,18,48,37.5,17,22,77.3,11,40,51,27,18,10,6,22,-6,0,2026,"NO","away"
"1781",22500863,"2026-02-28","regular",1610612766,"CHA","CHA","POR",48,109,38,91,41.8,16,42,38.1,17,25,68,20,35,55,24,16,11,0,22,16,1,2026,"YES","home"
"1782",22500863,"2026-02-28","regular",1610612757,"POR","CHA","POR",48,93,35,86,40.7,11,47,23.4,12,19,63.2,11,28,39,22,17,8,7,19,-16,0,2026,"NO","away"
"1783",22500864,"2026-02-28","regular",1610612748,"MIA","MIA","HOU",48,115,45,90,50,11,31,35.5,14,20,70,14,33,47,22,14,3,4,18,10,1,2026,"YES","home"
"1784",22500864,"2026-02-28","regular",1610612745,"HOU","MIA","HOU",48,105,41,95,43.2,9,36,25,14,21,66.7,15,32,47,26,11,6,2,18,-10,0,2026,"NO","away"
"1785",22500865,"2026-02-28","regular",1610612761,"TOR","WAS","TOR",48,134,51,85,60,9,22,40.9,23,27,85.2,8,27,35,31,10,7,3,22,9,1,2026,"YES","away"
"1786",22500865,"2026-02-28","regular",1610612764,"WAS","WAS","TOR",48,125,47,88,53.4,16,34,47.1,15,21,71.4,12,23,35,23,14,3,8,20,-9,0,2026,"NO","home"
"1787",22500866,"2026-02-28","regular",1610612747,"LAL","GSW","LAL",48,129,48,90,53.3,19,41,46.3,14,20,70,10,37,47,29,10,7,5,11,28,1,2026,"YES","away"
"1788",22500866,"2026-02-28","regular",1610612744,"GSW","GSW","LAL",48,101,41,91,45.1,12,44,27.3,7,9,77.8,9,31,40,32,11,6,4,19,-28,0,2026,"NO","home"
"1789",22500867,"2026-02-28","regular",1610612740,"NOP","UTA","NOP",48,115,39,85,45.9,15,44,34.1,22,29,75.9,12,46,58,32,19,5,11,23,10,1,2026,"YES","away"
"1790",22500867,"2026-02-28","regular",1610612762,"UTA","UTA","NOP",48,105,33,96,34.4,12,43,27.9,27,33,81.8,13,27,40,24,7,10,5,20,-10,0,2026,"NO","home"
"1791",22500868,"2026-03-01","regular",1610612752,"NYK","NYK","SAS",48,114,43,97,44.3,17,48,35.4,11,19,57.9,18,36,54,27,14,13,3,19,25,1,2026,"YES","home"
"1792",22500868,"2026-03-01","regular",1610612759,"SAS","NYK","SAS",48,89,32,77,41.6,9,34,26.5,16,22,72.7,10,31,41,25,22,7,5,21,-25,0,2026,"NO","away"
"1793",22500869,"2026-03-01","regular",1610612739,"CLE","BKN","CLE",48,106,34,70,48.6,13,27,48.1,25,37,67.6,8,30,38,25,17,9,7,21,4,1,2026,"YES","away"
"1794",22500869,"2026-03-01","regular",1610612751,"BKN","BKN","CLE",48,102,38,75,50.7,11,32,34.4,15,20,75,3,29,32,27,17,10,4,28,-4,0,2026,"NO","home"
"1795",22500870,"2026-03-01","regular",1610612741,"CHI","CHI","MIL",48,120,43,84,51.2,18,49,36.7,16,23,69.6,7,43,50,34,18,14,8,14,23,1,2026,"YES","home"
"1796",22500870,"2026-03-01","regular",1610612749,"MIL","CHI","MIL",48,97,35,95,36.8,13,46,28.3,14,17,82.4,11,34,45,26,19,9,3,19,-23,0,2026,"NO","away"
"1797",22500871,"2026-03-01","regular",1610612750,"MIN","DEN","MIN",48,117,46,85,54.1,14,36,38.9,11,19,57.9,7,34,41,33,14,11,5,21,9,1,2026,"YES","away"
"1798",22500871,"2026-03-01","regular",1610612743,"DEN","DEN","MIN",48,108,41,85,48.2,6,22,27.3,20,27,74.1,11,33,44,21,14,2,4,14,-9,0,2026,"NO","home"
"1799",22500872,"2026-03-01","regular",1610612763,"MEM","IND","MEM",48,125,48,94,51.1,15,35,42.9,14,14,100,13,27,40,34,13,12,9,16,19,1,2026,"YES","away"
"1800",22500872,"2026-03-01","regular",1610612754,"IND","IND","MEM",48,106,39,80,48.8,15,39,38.5,13,19,68.4,7,24,31,29,19,5,9,13,-19,0,2026,"NO","home"
"1801",22500873,"2026-03-01","regular",1610612737,"ATL","ATL","POR",48,135,51,92,55.4,15,40,37.5,18,23,78.3,13,41,54,36,15,10,5,25,34,1,2026,"YES","home"
"1802",22500873,"2026-03-01","regular",1610612757,"POR","ATL","POR",48,101,35,87,40.2,13,37,35.1,18,26,69.2,9,29,38,23,17,5,6,15,-34,0,2026,"NO","away"
"1803",22500874,"2026-03-01","regular",1610612738,"BOS","BOS","PHI",48,114,40,91,44,16,49,32.7,18,21,85.7,19,40,59,27,15,4,7,19,16,1,2026,"YES","home"
"1804",22500874,"2026-03-01","regular",1610612755,"PHI","BOS","PHI",48,98,35,88,39.8,12,31,38.7,16,22,72.7,10,27,37,21,6,10,4,17,-16,0,2026,"NO","away"
"1805",22500875,"2026-03-01","regular",1610612765,"DET","ORL","DET",48,106,42,93,45.2,4,30,13.3,18,24,75,14,42,56,24,14,14,6,21,14,1,2026,"YES","away"
"1806",22500875,"2026-03-01","regular",1610612753,"ORL","ORL","DET",48,92,29,77,37.7,10,36,27.8,24,30,80,9,32,41,20,19,8,4,17,-14,0,2026,"NO","home"
"1807",22500876,"2026-03-01","regular",1610612760,"OKC","DAL","OKC",48,100,41,92,44.6,8,39,20.5,10,15,66.7,7,39,46,22,9,9,8,17,13,1,2026,"YES","away"
"1808",22500876,"2026-03-01","regular",1610612742,"DAL","DAL","OKC",48,87,33,85,38.8,9,31,29,12,16,75,9,40,49,20,17,6,1,18,-13,0,2026,"NO","home"
"1809",22500877,"2026-03-01","regular",1610612746,"LAC","LAC","NOP",48,137,48,89,53.9,17,36,47.2,24,29,82.8,10,28,38,29,9,11,3,22,20,1,2026,"YES","home"
"1810",22500877,"2026-03-01","regular",1610612740,"NOP","LAC","NOP",48,117,40,89,44.9,12,33,36.4,25,30,83.3,14,27,41,22,17,6,4,21,-20,0,2026,"NO","away"
"1811",22500878,"2026-03-01","regular",1610612747,"LAL","LAL","SAC",48,128,47,94,50,18,39,46.2,16,22,72.7,9,28,37,34,10,14,9,12,24,1,2026,"YES","home"
"1812",22500878,"2026-03-01","regular",1610612758,"SAC","LAL","SAC",48,104,42,90,46.7,6,26,23.1,14,15,93.3,16,36,52,30,20,4,8,16,-24,0,2026,"NO","away"
"1813",22500879,"2026-03-02","regular",1610612745,"HOU","WAS","HOU",48,123,45,92,48.9,9,25,36,24,28,85.7,21,38,59,21,21,10,5,17,5,1,2026,"YES","away"
"1814",22500879,"2026-03-02","regular",1610612764,"WAS","WAS","HOU",48,118,44,91,48.4,19,35,54.3,11,14,78.6,7,20,27,20,13,15,4,24,-5,0,2026,"NO","home"
"1815",22500880,"2026-03-02","regular",1610612738,"BOS","MIL","BOS",48,108,41,95,43.2,20,50,40,6,9,66.7,19,35,54,31,11,7,6,16,27,1,2026,"YES","away"
"1816",22500880,"2026-03-02","regular",1610612749,"MIL","MIL","BOS",48,81,27,74,36.5,13,36,36.1,14,19,73.7,9,32,41,18,16,7,3,13,-27,0,2026,"NO","home"
"1817",22500881,"2026-03-02","regular",1610612743,"DEN","UTA","DEN",48,128,40,74,54.1,16,39,41,32,35,91.4,8,30,38,25,15,4,2,20,3,1,2026,"YES","away"
"1818",22500881,"2026-03-02","regular",1610612762,"UTA","UTA","DEN",48,125,44,86,51.2,15,39,38.5,22,26,84.6,8,25,33,24,9,11,3,28,-3,0,2026,"NO","home"
"1819",22500882,"2026-03-02","regular",1610612746,"LAC","GSW","LAC",48,114,42,85,49.4,9,31,29,21,23,91.3,15,37,52,18,14,9,7,17,13,1,2026,"YES","away"
"1820",22500882,"2026-03-02","regular",1610612744,"GSW","GSW","LAC",48,101,36,93,38.7,17,48,35.4,12,17,70.6,15,25,40,26,14,7,2,17,-13,0,2026,"NO","home"
"1821",22500883,"2026-03-03","regular",1610612766,"CHA","CHA","DAL",48,117,42,88,47.7,20,51,39.2,13,19,68.4,13,36,49,32,15,11,7,31,27,1,2026,"YES","home"
"1822",22500883,"2026-03-03","regular",1610612742,"DAL","CHA","DAL",48,90,28,74,37.8,3,22,13.6,31,42,73.8,7,35,42,19,15,7,4,19,-27,0,2026,"NO","away"
"1823",22500884,"2026-03-03","regular",1610612739,"CLE","CLE","DET",48,113,38,86,44.2,17,46,37,20,26,76.9,11,27,38,27,10,7,4,20,4,1,2026,"YES","home"
"1824",22500884,"2026-03-03","regular",1610612765,"DET","CLE","DET",48,109,39,77,50.6,9,24,37.5,22,29,75.9,10,34,44,29,14,9,7,23,-4,0,2026,"NO","away"
"1825",22500885,"2026-03-03","regular",1610612753,"ORL","ORL","WAS",48,126,42,76,55.3,10,25,40,32,37,86.5,3,35,38,33,9,3,6,22,17,1,2026,"YES","home"
"1826",22500885,"2026-03-03","regular",1610612764,"WAS","ORL","WAS",48,109,43,92,46.7,7,32,21.9,16,25,64,13,29,42,23,14,4,6,24,-17,0,2026,"NO","away"
"1827",22500886,"2026-03-03","regular",1610612748,"MIA","MIA","BKN",48,124,45,91,49.5,13,36,36.1,21,24,87.5,14,32,46,28,12,13,8,19,26,1,2026,"YES","home"
"1828",22500886,"2026-03-03","regular",1610612751,"BKN","MIA","BKN",48,98,33,86,38.4,6,32,18.8,26,30,86.7,10,28,38,24,19,6,5,19,-26,0,2026,"NO","away"
"1829",22500887,"2026-03-03","regular",1610612752,"NYK","TOR","NYK",48,111,46,81,56.8,10,29,34.5,9,12,75,6,37,43,32,18,10,4,17,16,1,2026,"YES","away"
"1830",22500887,"2026-03-03","regular",1610612761,"TOR","TOR","NYK",48,95,35,77,45.5,8,28,28.6,17,19,89.5,5,23,28,24,15,8,3,15,-16,0,2026,"NO","home"
"1831",22500888,"2026-03-03","regular",1610612759,"SAS","PHI","SAS",48,131,49,89,55.1,18,45,40,15,18,83.3,6,50,56,36,17,10,10,20,40,1,2026,"YES","away"
"1832",22500888,"2026-03-03","regular",1610612755,"PHI","PHI","SAS",48,91,33,95,34.7,10,42,23.8,15,19,78.9,9,31,40,20,14,8,5,16,-40,0,2026,"NO","home"
"1833",22500889,"2026-03-03","regular",1610612760,"OKC","CHI","OKC",48,116,43,99,43.4,10,42,23.8,20,24,83.3,12,39,51,23,9,10,3,13,8,1,2026,"YES","away"
"1834",22500889,"2026-03-03","regular",1610612741,"CHI","CHI","OKC",48,108,39,90,43.3,17,49,34.7,13,19,68.4,10,43,53,27,19,3,3,22,-8,0,2026,"NO","home"
"1835",22500890,"2026-03-03","regular",1610612750,"MIN","MIN","MEM",48,117,40,84,47.6,10,34,29.4,27,34,79.4,13,39,52,19,18,8,2,24,7,1,2026,"YES","home"
"1836",22500890,"2026-03-03","regular",1610612763,"MEM","MIN","MEM",48,110,36,79,45.6,15,38,39.5,23,29,79.3,5,28,33,27,17,9,4,26,-7,0,2026,"NO","away"
"1837",22500891,"2026-03-03","regular",1610612747,"LAL","LAL","NOP",48,110,39,83,47,11,37,29.7,21,26,80.8,11,37,48,29,22,7,12,17,9,1,2026,"YES","home"
"1838",22500891,"2026-03-03","regular",1610612740,"NOP","LAL","NOP",48,101,38,90,42.2,8,29,27.6,17,19,89.5,10,31,41,29,19,12,3,24,-9,0,2026,"NO","away"
"1839",22500892,"2026-03-03","regular",1610612756,"PHX","SAC","PHX",48,114,42,92,45.7,19,49,38.8,11,17,64.7,18,35,53,31,19,11,3,13,11,1,2026,"YES","away"
"1840",22500892,"2026-03-03","regular",1610612758,"SAC","SAC","PHX",48,103,41,90,45.6,7,27,25.9,14,18,77.8,13,27,40,25,14,11,2,14,-11,0,2026,"NO","home"
"1841",22500893,"2026-03-04","regular",1610612760,"OKC","NYK","OKC",48,103,33,73,45.2,16,42,38.1,21,25,84,3,35,38,21,16,8,0,22,3,1,2026,"YES","away"
"1842",22500893,"2026-03-04","regular",1610612752,"NYK","NYK","OKC",48,100,37,88,42,10,35,28.6,16,22,72.7,12,36,48,23,14,5,3,24,-3,0,2026,"NO","home"
"1843",22500894,"2026-03-04","regular",1610612766,"CHA","BOS","CHA",48,118,41,89,46.1,19,49,38.8,17,21,81,11,32,43,26,5,10,4,19,29,1,2026,"YES","away"
"1844",22500894,"2026-03-04","regular",1610612738,"BOS","BOS","CHA",48,89,30,79,38,10,36,27.8,19,20,95,9,36,45,18,16,1,3,14,-29,0,2026,"NO","home"
"1845",22500895,"2026-03-04","regular",1610612755,"PHI","PHI","UTA",48,106,40,88,45.5,9,35,25.7,17,21,81,12,31,43,24,15,6,7,17,4,1,2026,"YES","home"
"1846",22500895,"2026-03-04","regular",1610612762,"UTA","PHI","UTA",48,102,36,88,40.9,12,39,30.8,18,19,94.7,13,29,42,22,15,7,6,24,-4,0,2026,"NO","away"
"1847",22500896,"2026-03-04","regular",1610612757,"POR","MEM","POR",48,122,48,95,50.5,15,43,34.9,11,18,61.1,20,33,53,29,17,10,11,22,8,1,2026,"YES","away"
"1848",22500896,"2026-03-04","regular",1610612763,"MEM","MEM","POR",48,114,39,87,44.8,14,32,43.8,22,33,66.7,13,25,38,25,17,12,6,23,-8,0,2026,"NO","home"
"1849",22500897,"2026-03-04","regular",1610612737,"ATL","MIL","ATL",48,131,50,92,54.3,20,45,44.4,11,16,68.8,11,29,40,33,11,9,7,17,18,1,2026,"YES","away"
"1850",22500897,"2026-03-04","regular",1610612749,"MIL","MIL","ATL",48,113,43,86,50,13,39,33.3,14,20,70,12,29,41,27,15,8,2,15,-18,0,2026,"NO","home"
"1851",22500898,"2026-03-04","regular",1610612746,"LAC","LAC","IND",48,130,49,89,55.1,12,32,37.5,20,25,80,6,41,47,28,11,8,7,23,23,1,2026,"YES","home"
"1852",22500898,"2026-03-04","regular",1610612754,"IND","LAC","IND",48,107,36,84,42.9,10,36,27.8,25,31,80.6,5,33,38,26,13,2,3,21,-23,0,2026,"NO","away"
"1853",22500899,"2026-03-05","regular",1610612753,"ORL","ORL","DAL",48,115,44,97,45.4,13,39,33.3,14,16,87.5,14,33,47,31,12,10,2,21,1,1,2026,"YES","home"
"1854",22500899,"2026-03-05","regular",1610612742,"DAL","ORL","DAL",48,114,39,86,45.3,14,32,43.8,22,28,78.6,11,33,44,28,13,6,9,17,-1,0,2026,"NO","away"
"1855",22500900,"2026-03-05","regular",1610612762,"UTA","WAS","UTA",48,122,47,92,51.1,15,35,42.9,13,18,72.2,17,28,45,31,12,12,4,22,10,1,2026,"YES","away"
"1856",22500900,"2026-03-05","regular",1610612764,"WAS","WAS","UTA",48,112,36,77,46.8,18,42,42.9,22,32,68.8,15,28,43,22,19,8,1,20,-10,0,2026,"NO","home"
"1857",22500901,"2026-03-05","regular",1610612748,"MIA","MIA","BKN",48,126,48,91,52.7,9,27,33.3,21,24,87.5,12,33,45,29,14,13,8,20,16,1,2026,"YES","home"
"1858",22500901,"2026-03-05","regular",1610612751,"BKN","MIA","BKN",48,110,41,95,43.2,16,41,39,12,18,66.7,21,28,49,30,20,9,2,19,-16,0,2026,"NO","away"
"1859",22500902,"2026-03-05","regular",1610612744,"GSW","HOU","GSW",53,115,45,94,47.9,14,38,36.8,11,15,73.3,18,29,47,29,19,10,5,23,2,1,2026,"YES","away"
"1860",22500902,"2026-03-05","regular",1610612745,"HOU","HOU","GSW",53,113,44,96,45.8,14,34,41.2,11,15,73.3,17,32,49,26,18,11,2,17,-2,0,2026,"NO","home"
"1861",22500903,"2026-03-05","regular",1610612750,"MIN","MIN","TOR",48,115,42,81,51.9,13,31,41.9,18,23,78.3,6,35,41,24,13,10,5,22,8,1,2026,"YES","home"
"1862",22500903,"2026-03-05","regular",1610612761,"TOR","MIN","TOR",48,107,41,83,49.4,9,21,42.9,16,24,66.7,11,29,40,22,14,6,5,19,-8,0,2026,"NO","away"
"1863",22500904,"2026-03-05","regular",1610612759,"SAS","SAS","DET",48,121,42,84,50,13,37,35.1,24,30,80,8,38,46,24,9,5,11,20,15,1,2026,"YES","home"
"1864",22500904,"2026-03-05","regular",1610612765,"DET","SAS","DET",48,106,35,87,40.2,12,28,42.9,24,30,80,14,30,44,20,10,4,4,23,-15,0,2026,"NO","away"
"1865",22500905,"2026-03-05","regular",1610612741,"CHI","PHX","CHI",48,105,41,86,47.7,7,28,25,16,25,64,9,37,46,23,13,8,3,22,2,1,2026,"YES","away"
"1866",22500905,"2026-03-05","regular",1610612756,"PHX","PHX","CHI",48,103,36,92,39.1,13,46,28.3,18,27,66.7,14,34,48,24,15,7,3,19,-2,0,2026,"NO","home"
"1867",22500906,"2026-03-05","regular",1610612743,"DEN","DEN","LAL",48,120,39,75,52,14,31,45.2,28,31,90.3,7,34,41,27,18,3,1,16,7,1,2026,"YES","home"
"1868",22500906,"2026-03-05","regular",1610612747,"LAL","DEN","LAL",48,113,45,87,51.7,13,31,41.9,10,15,66.7,6,26,32,30,10,12,1,21,-7,0,2026,"NO","away"
"1869",22500907,"2026-03-05","regular",1610612740,"NOP","SAC","NOP",48,133,49,98,50,12,34,35.3,23,27,85.2,14,38,52,27,12,7,11,18,10,1,2026,"YES","away"
"1870",22500907,"2026-03-05","regular",1610612758,"SAC","SAC","NOP",48,123,50,99,50.5,8,31,25.8,15,23,65.2,10,32,42,29,7,5,3,19,-10,0,2026,"NO","home"
"1871",22500908,"2026-03-06","regular",1610612738,"BOS","BOS","DAL",48,120,47,99,47.5,16,48,33.3,10,15,66.7,14,44,58,29,10,6,10,10,20,1,2026,"YES","home"
"1872",22500908,"2026-03-06","regular",1610612742,"DAL","BOS","DAL",48,100,38,93,40.9,14,35,40,10,12,83.3,8,37,45,23,10,2,5,16,-20,0,2026,"NO","away"
"1873",22500909,"2026-03-06","regular",1610612748,"MIA","CHA","MIA",48,128,45,97,46.4,18,38,47.4,20,25,80,11,33,44,31,6,7,5,14,8,1,2026,"YES","away"
"1874",22500909,"2026-03-06","regular",1610612766,"CHA","CHA","MIA",48,120,41,96,42.7,19,52,36.5,19,20,95,12,36,48,24,13,5,9,18,-8,0,2026,"NO","home"
"1875",22500910,"2026-03-06","regular",1610612745,"HOU","HOU","POR",48,106,41,76,53.9,5,19,26.3,19,26,73.1,8,36,44,23,22,9,9,25,7,1,2026,"YES","home"
"1876",22500910,"2026-03-06","regular",1610612757,"POR","HOU","POR",48,99,33,83,39.8,12,39,30.8,21,37,56.8,16,27,43,20,16,17,2,20,-7,0,2026,"NO","away"
"1877",22500911,"2026-03-06","regular",1610612752,"NYK","DEN","NYK",48,142,55,95,57.9,16,34,47.1,16,21,76.2,14,36,50,44,11,11,4,24,39,1,2026,"YES","away"
"1878",22500911,"2026-03-06","regular",1610612743,"DEN","DEN","NYK",48,103,37,83,44.6,8,40,20,21,30,70,8,23,31,30,15,6,1,19,-39,0,2026,"NO","home"
"1879",22500912,"2026-03-06","regular",1610612756,"PHX","PHX","NOP",48,118,40,90,44.4,20,58,34.5,18,26,69.2,15,26,41,27,15,9,6,23,2,1,2026,"YES","home"
"1880",22500912,"2026-03-06","regular",1610612740,"NOP","PHX","NOP",48,116,37,83,44.6,10,28,35.7,32,37,86.5,16,26,42,18,15,8,3,24,-2,0,2026,"NO","away"
"1881",22500913,"2026-03-06","regular",1610612759,"SAS","SAS","LAC",48,116,46,95,48.4,17,41,41.5,7,14,50,15,37,52,29,13,6,7,17,4,1,2026,"YES","home"
"1882",22500913,"2026-03-06","regular",1610612746,"LAC","SAS","LAC",48,112,42,86,48.8,12,33,36.4,16,20,80,7,34,41,22,10,12,3,15,-4,0,2026,"NO","away"
"1883",22500914,"2026-03-06","regular",1610612747,"LAL","LAL","IND",48,128,45,85,52.9,17,37,45.9,21,23,91.3,6,37,43,25,13,5,2,22,11,1,2026,"YES","home"
"1884",22500914,"2026-03-06","regular",1610612754,"IND","LAL","IND",48,117,46,98,46.9,8,35,22.9,17,24,70.8,12,28,40,33,7,10,4,19,-11,0,2026,"NO","away"
"1885",22500915,"2026-03-07","regular",1610612753,"ORL","MIN","ORL",48,119,42,91,46.2,9,34,26.5,26,31,83.9,15,43,58,28,15,8,4,24,27,1,2026,"YES","away"
"1886",22500915,"2026-03-07","regular",1610612750,"MIN","MIN","ORL",48,92,30,84,35.7,9,40,22.5,23,31,74.2,8,29,37,17,12,10,5,21,-27,0,2026,"NO","home"
"1887",22500916,"2026-03-07","regular",1610612751,"BKN","DET","BKN",48,107,35,80,43.8,10,30,33.3,27,28,96.4,12,33,45,20,20,7,10,24,2,1,2026,"YES","away"
"1888",22500916,"2026-03-07","regular",1610612765,"DET","DET","BKN",48,105,36,85,42.4,10,26,38.5,23,31,74.2,11,26,37,21,14,14,6,22,-2,0,2026,"NO","home"
"1889",22500917,"2026-03-07","regular",1610612737,"ATL","ATL","PHI",48,125,46,83,55.4,13,32,40.6,20,25,80,12,27,39,32,21,11,2,18,9,1,2026,"YES","home"
"1890",22500917,"2026-03-07","regular",1610612755,"PHI","ATL","PHI",48,116,47,86,54.7,10,26,38.5,12,18,66.7,10,26,36,27,21,10,4,20,-9,0,2026,"NO","away"
"1891",22500918,"2026-03-07","regular",1610612746,"LAC","MEM","LAC",48,123,41,82,50,4,17,23.5,37,45,82.2,16,28,44,15,16,10,2,20,3,1,2026,"YES","away"
"1892",22500918,"2026-03-07","regular",1610612763,"MEM","MEM","LAC",48,120,42,87,48.3,16,43,37.2,20,24,83.3,11,23,34,29,15,8,6,29,-3,0,2026,"NO","home"
"1893",22500919,"2026-03-07","regular",1610612749,"MIL","MIL","UTA",48,113,41,85,48.2,15,44,34.1,16,28,57.1,7,41,48,33,11,7,5,20,14,1,2026,"YES","home"
"1894",22500919,"2026-03-07","regular",1610612762,"UTA","MIL","UTA",48,99,31,90,34.4,12,49,24.5,25,29,86.2,13,40,53,23,12,7,3,19,-14,0,2026,"NO","away"
"1895",22500920,"2026-03-07","regular",1610612760,"OKC","OKC","GSW",48,104,33,78,42.3,15,42,35.7,23,24,95.8,7,35,42,24,14,7,1,18,7,1,2026,"YES","home"
"1896",22500920,"2026-03-07","regular",1610612744,"GSW","OKC","GSW",48,97,36,88,40.9,14,45,31.1,11,18,61.1,15,32,47,28,13,8,3,18,-7,0,2026,"NO","away"
"1897",22500921,"2026-03-08","regular",1610612738,"BOS","CLE","BOS",48,109,37,84,44,15,38,39.5,20,22,90.9,10,39,49,25,12,2,0,20,11,1,2026,"YES","away"
"1898",22500921,"2026-03-08","regular",1610612739,"CLE","CLE","BOS",48,98,35,86,40.7,13,45,28.9,15,21,71.4,10,32,42,23,9,4,6,19,-11,0,2026,"NO","home"
"1899",22500922,"2026-03-08","regular",1610612747,"LAL","LAL","NYK",48,110,35,81,43.2,15,44,34.1,25,30,83.3,12,30,42,20,14,10,5,20,13,1,2026,"YES","home"
"1900",22500922,"2026-03-08","regular",1610612752,"NYK","LAL","NYK",48,97,35,82,42.7,8,34,23.5,19,21,90.5,10,37,47,23,19,7,2,23,-13,0,2026,"NO","away"
"1901",22500923,"2026-03-08","regular",1610612748,"MIA","MIA","DET",48,121,43,93,46.2,12,33,36.4,23,25,92,13,36,49,31,12,9,5,23,11,1,2026,"YES","home"
"1902",22500923,"2026-03-08","regular",1610612765,"DET","MIA","DET",48,110,40,90,44.4,11,37,29.7,19,24,79.2,13,26,39,26,12,5,12,23,-11,0,2026,"NO","away"
"1903",22500924,"2026-03-08","regular",1610612761,"TOR","TOR","DAL",48,122,48,95,50.5,10,36,27.8,16,22,72.7,8,34,42,39,8,11,4,19,30,1,2026,"YES","home"
"1904",22500924,"2026-03-08","regular",1610612742,"DAL","TOR","DAL",48,92,35,88,39.8,5,30,16.7,17,20,85,13,34,47,22,19,5,7,20,-30,0,2026,"NO","away"
"1905",22500925,"2026-03-08","regular",1610612740,"NOP","NOP","WAS",48,138,47,89,52.8,7,23,30.4,37,47,78.7,12,32,44,25,8,11,6,20,20,1,2026,"YES","home"
"1906",22500925,"2026-03-08","regular",1610612764,"WAS","NOP","WAS",48,118,41,91,45.1,14,42,33.3,22,27,81.5,13,28,41,27,17,2,3,31,-20,0,2026,"NO","away"
"1907",22500926,"2026-03-08","regular",1610612753,"ORL","MIL","ORL",48,130,45,80,56.3,14,33,42.4,26,35,74.3,10,39,49,31,15,11,2,19,39,1,2026,"YES","away"
"1908",22500926,"2026-03-08","regular",1610612749,"MIL","MIL","ORL",48,91,36,84,42.9,13,44,29.5,6,13,46.2,9,27,36,22,17,10,3,23,-39,0,2026,"NO","home"
"1909",22500927,"2026-03-08","regular",1610612759,"SAS","SAS","HOU",48,145,51,88,58,21,40,52.5,22,27,81.5,6,26,32,38,8,4,6,26,25,1,2026,"YES","home"
"1910",22500927,"2026-03-08","regular",1610612745,"HOU","SAS","HOU",48,120,42,87,48.3,8,28,28.6,28,32,87.5,8,29,37,25,12,5,5,23,-25,0,2026,"NO","away"
"1911",22500928,"2026-03-08","regular",1610612756,"PHX","PHX","CHA",48,111,36,79,45.6,16,41,39,23,26,88.5,10,30,40,24,8,5,5,17,12,1,2026,"YES","home"
"1912",22500928,"2026-03-08","regular",1610612766,"CHA","PHX","CHA",48,99,37,88,42,15,45,33.3,10,15,66.7,13,28,41,24,13,1,6,21,-12,0,2026,"NO","away"
"1913",22500929,"2026-03-08","regular",1610612757,"POR","POR","IND",48,131,47,93,50.5,15,41,36.6,22,27,81.5,13,40,53,29,14,5,8,19,20,1,2026,"YES","home"
"1914",22500929,"2026-03-08","regular",1610612754,"IND","POR","IND",48,111,41,95,43.2,14,42,33.3,15,24,62.5,12,26,38,27,12,9,6,22,-20,0,2026,"NO","away"
"1915",22500930,"2026-03-08","regular",1610612758,"SAC","SAC","CHI",48,126,47,105,44.8,11,29,37.9,21,23,91.3,13,42,55,33,4,5,6,21,16,1,2026,"YES","home"
"1916",22500930,"2026-03-08","regular",1610612741,"CHI","SAC","CHI",48,110,35,84,41.7,17,45,37.8,23,34,67.6,9,40,49,27,14,2,6,19,-16,0,2026,"NO","away"
"1917",22500931,"2026-03-09","regular",1610612739,"CLE","CLE","PHI",48,115,38,84,45.2,16,44,36.4,23,25,92,9,32,41,28,10,4,8,16,14,1,2026,"YES","home"
"1918",22500931,"2026-03-09","regular",1610612755,"PHI","CLE","PHI",48,101,39,85,45.9,11,38,28.9,12,18,66.7,11,31,42,20,17,7,4,21,-14,0,2026,"NO","away"
"1919",22500932,"2026-03-09","regular",1610612751,"BKN","BKN","MEM",48,126,47,85,55.3,17,33,51.5,15,19,78.9,10,33,43,35,20,10,9,21,11,1,2026,"YES","home"
"1920",22500932,"2026-03-09","regular",1610612763,"MEM","BKN","MEM",48,115,40,92,43.5,14,35,40,21,25,84,13,23,36,25,15,9,8,15,-11,0,2026,"NO","away"
"1921",22500933,"2026-03-09","regular",1610612760,"OKC","OKC","DEN",48,129,47,93,50.5,19,47,40.4,16,21,76.2,3,34,37,27,3,3,9,20,3,1,2026,"YES","home"
"1922",22500933,"2026-03-09","regular",1610612743,"DEN","OKC","DEN",48,126,45,98,45.9,15,37,40.5,21,29,72.4,16,40,56,29,8,3,3,20,-3,0,2026,"NO","away"
"1923",22500934,"2026-03-09","regular",1610612762,"UTA","UTA","GSW",48,119,40,83,48.2,12,34,35.3,27,29,93.1,13,37,50,29,17,8,4,17,3,1,2026,"YES","home"
"1924",22500934,"2026-03-09","regular",1610612744,"GSW","UTA","GSW",48,116,43,99,43.4,16,52,30.8,14,21,66.7,19,27,46,33,10,11,2,20,-3,0,2026,"NO","away"
"1925",22500935,"2026-03-09","regular",1610612746,"LAC","LAC","NYK",48,126,43,93,46.2,18,39,46.2,22,26,84.6,9,27,36,25,8,12,4,19,8,1,2026,"YES","home"
"1926",22500935,"2026-03-09","regular",1610612752,"NYK","LAC","NYK",48,118,46,90,51.1,14,40,35,12,16,75,14,37,51,32,20,5,1,23,-8,0,2026,"NO","away"
"1927",22500936,"2026-03-10","regular",1610612755,"PHI","PHI","MEM",48,139,45,86,52.3,11,31,35.5,38,46,82.6,12,28,40,27,11,13,5,25,10,1,2026,"YES","home"
"1928",22500936,"2026-03-10","regular",1610612763,"MEM","PHI","MEM",48,129,48,97,49.5,17,43,39.5,16,21,76.2,19,25,44,26,20,5,3,31,-10,0,2026,"NO","away"
"1929",22500937,"2026-03-10","regular",1610612765,"DET","BKN","DET",48,138,48,85,56.5,16,31,51.6,26,34,76.5,10,30,40,36,9,12,3,24,38,1,2026,"YES","away"
"1930",22500937,"2026-03-10","regular",1610612751,"BKN","BKN","DET",48,100,29,69,42,13,38,34.2,29,34,85.3,7,24,31,23,19,3,3,29,-38,0,2026,"NO","home"
"1931",22500938,"2026-03-10","regular",1610612748,"MIA","MIA","WAS",48,150,45,90,50,13,43,30.2,47,59,79.7,15,33,48,31,17,16,5,22,21,1,2026,"YES","home"
"1932",22500938,"2026-03-10","regular",1610612764,"WAS","MIA","WAS",48,129,46,89,51.7,15,36,41.7,22,29,75.9,4,31,35,25,24,6,3,34,-21,0,2026,"NO","away"
"1933",22500939,"2026-03-10","regular",1610612737,"ATL","ATL","DAL",48,124,49,95,51.6,14,36,38.9,12,18,66.7,13,32,45,29,10,8,8,18,12,1,2026,"YES","home"
"1934",22500939,"2026-03-10","regular",1610612742,"DAL","ATL","DAL",48,112,41,86,47.7,13,32,40.6,17,22,77.3,12,31,43,28,14,6,0,16,-12,0,2026,"NO","away"
"1935",22500940,"2026-03-10","regular",1610612745,"HOU","HOU","TOR",48,113,41,82,50,10,24,41.7,21,27,77.8,15,37,52,21,18,8,4,19,14,1,2026,"YES","home"
"1936",22500940,"2026-03-10","regular",1610612761,"TOR","HOU","TOR",48,99,34,78,43.6,9,36,25,22,28,78.6,7,23,30,21,13,10,4,23,-14,0,2026,"NO","away"
"1937",22500941,"2026-03-10","regular",1610612756,"PHX","MIL","PHX",48,129,48,89,53.9,24,51,47.1,9,11,81.8,8,31,39,33,12,9,0,19,15,1,2026,"YES","away"
"1938",22500941,"2026-03-10","regular",1610612749,"MIL","MIL","PHX",48,114,42,82,51.2,16,38,42.1,14,20,70,8,31,39,26,17,6,1,13,-15,0,2026,"NO","home"
"1939",22500942,"2026-03-10","regular",1610612759,"SAS","SAS","BOS",48,125,44,85,51.8,20,47,42.6,17,25,68,9,35,44,27,12,3,2,19,9,1,2026,"YES","home"
"1940",22500942,"2026-03-10","regular",1610612738,"BOS","SAS","BOS",48,116,42,89,47.2,19,51,37.3,13,17,76.5,5,32,37,27,8,6,4,18,-9,0,2026,"NO","away"
"1941",22500943,"2026-03-10","regular",1610612741,"CHI","GSW","CHI",53,130,50,112,44.6,15,47,31.9,15,18,83.3,20,44,64,34,14,6,6,18,6,1,2026,"YES","away"
"1942",22500943,"2026-03-10","regular",1610612744,"GSW","GSW","CHI",53,124,44,105,41.9,20,54,37,16,18,88.9,12,37,49,30,12,9,12,18,-6,0,2026,"NO","home"
"1943",22500944,"2026-03-10","regular",1610612766,"CHA","POR","CHA",48,103,34,88,38.6,14,38,36.8,21,25,84,16,36,52,21,17,12,4,20,2,1,2026,"YES","away"
"1944",22500944,"2026-03-10","regular",1610612757,"POR","POR","CHA",48,101,35,83,42.2,16,42,38.1,15,18,83.3,10,32,42,23,18,6,8,24,-2,0,2026,"NO","home"
"1945",22500945,"2026-03-10","regular",1610612758,"SAC","SAC","IND",48,114,41,90,45.6,7,20,35,25,30,83.3,8,44,52,22,11,10,7,18,5,1,2026,"YES","home"
"1946",22500945,"2026-03-10","regular",1610612754,"IND","SAC","IND",48,109,38,93,40.9,13,43,30.2,20,22,90.9,8,40,48,29,15,7,2,23,-5,0,2026,"NO","away"
"1947",22500946,"2026-03-10","regular",1610612747,"LAL","LAL","MIN",48,120,45,93,48.4,11,38,28.9,19,26,73.1,14,33,47,31,7,7,2,20,14,1,2026,"YES","home"
"1948",22500946,"2026-03-10","regular",1610612750,"MIN","LAL","MIN",48,106,37,80,46.3,10,40,25,22,28,78.6,8,35,43,22,11,4,5,24,-14,0,2026,"NO","away"
"1949",22500947,"2026-03-11","regular",1610612753,"ORL","ORL","CLE",48,128,44,85,51.8,12,35,34.3,28,37,75.7,8,34,42,29,6,6,4,23,6,1,2026,"YES","home"
"1950",22500947,"2026-03-11","regular",1610612739,"CLE","ORL","CLE",48,122,44,89,49.4,17,44,38.6,17,26,65.4,12,30,42,24,10,3,5,22,-6,0,2026,"NO","away"
"1951",22500948,"2026-03-11","regular",1610612740,"NOP","NOP","TOR",48,122,45,88,51.1,14,29,48.3,18,24,75,10,39,49,27,16,10,5,16,11,1,2026,"YES","home"
"1952",22500948,"2026-03-11","regular",1610612761,"TOR","NOP","TOR",48,111,39,94,41.5,14,44,31.8,19,25,76,14,29,43,20,11,13,5,17,-11,0,2026,"NO","away"
"1953",22500949,"2026-03-11","regular",1610612752,"NYK","UTA","NYK",48,134,48,92,52.2,17,40,42.5,21,22,95.5,15,30,45,37,12,10,3,16,17,1,2026,"YES","away"
"1954",22500949,"2026-03-11","regular",1610612762,"UTA","UTA","NYK",48,117,42,87,48.3,18,36,50,15,19,78.9,14,24,38,30,15,7,4,20,-17,0,2026,"NO","home"
"1955",22500950,"2026-03-11","regular",1610612743,"DEN","DEN","HOU",48,129,48,87,55.2,17,32,53.1,16,22,72.7,8,34,42,36,10,12,4,15,36,1,2026,"YES","home"
"1956",22500950,"2026-03-11","regular",1610612745,"HOU","DEN","HOU",48,93,42,97,43.3,4,33,12.1,5,14,35.7,16,28,44,25,16,7,6,18,-36,0,2026,"NO","away"
"1957",22500951,"2026-03-11","regular",1610612766,"CHA","SAC","CHA",48,117,41,90,45.6,19,40,47.5,16,17,94.1,13,28,41,29,16,8,1,12,8,1,2026,"YES","away"
"1958",22500951,"2026-03-11","regular",1610612758,"SAC","SAC","CHA",48,109,45,83,54.2,8,25,32,11,14,78.6,8,27,35,24,14,6,6,18,-8,0,2026,"NO","home"
"1959",22500952,"2026-03-11","regular",1610612746,"LAC","LAC","MIN",48,153,52,82,63.4,19,37,51.4,30,36,83.3,7,22,29,36,10,16,4,24,25,1,2026,"YES","home"
"1960",22500952,"2026-03-11","regular",1610612750,"MIN","LAC","MIN",48,128,46,77,59.7,11,25,44,25,29,86.2,7,21,28,32,21,5,1,24,-25,0,2026,"NO","away"
"1961",22500953,"2026-03-12","regular",1610612765,"DET","DET","PHI",48,131,48,89,53.9,14,35,40,21,22,95.5,10,30,40,37,17,10,7,20,22,1,2026,"YES","home"
"1962",22500953,"2026-03-12","regular",1610612755,"PHI","DET","PHI",48,109,42,90,46.7,8,35,22.9,17,24,70.8,11,24,35,20,16,10,8,17,-22,0,2026,"NO","away"
"1963",22500954,"2026-03-12","regular",1610612756,"PHX","IND","PHX",48,123,46,88,52.3,13,32,40.6,18,22,81.8,12,28,40,21,14,9,7,21,15,1,2026,"YES","away"
"1964",22500954,"2026-03-12","regular",1610612754,"IND","IND","PHX",48,108,37,82,45.1,12,40,30,22,25,88,12,24,36,24,16,7,4,19,-15,0,2026,"NO","home"
"1965",22500955,"2026-03-12","regular",1610612753,"ORL","ORL","WAS",53,136,47,100,47,15,34,44.1,27,34,79.4,11,41,52,30,13,12,5,22,5,1,2026,"YES","home"
"1966",22500955,"2026-03-12","regular",1610612764,"WAS","ORL","WAS",53,131,48,105,45.7,14,46,30.4,21,24,87.5,14,35,49,26,15,7,10,27,-5,0,2026,"NO","away"
"1967",22500956,"2026-03-12","regular",1610612737,"ATL","ATL","BKN",48,108,35,89,39.3,12,40,30,26,35,74.3,17,34,51,22,12,12,6,14,11,1,2026,"YES","home"
"1968",22500956,"2026-03-12","regular",1610612751,"BKN","ATL","BKN",48,97,34,72,47.2,12,35,34.3,17,22,77.3,4,35,39,19,20,5,6,29,-11,0,2026,"NO","away"
"1969",22500957,"2026-03-12","regular",1610612748,"MIA","MIA","MIL",48,112,38,92,41.3,14,41,34.1,22,27,81.5,15,38,53,26,12,4,2,14,7,1,2026,"YES","home"
"1970",22500957,"2026-03-12","regular",1610612749,"MIL","MIA","MIL",48,105,41,83,49.4,9,26,34.6,14,19,73.7,3,33,36,26,14,10,2,30,-7,0,2026,"NO","away"
"1971",22500958,"2026-03-12","regular",1610612743,"DEN","SAS","DEN",48,136,44,88,50,12,36,33.3,36,38,94.7,7,40,47,27,10,8,4,20,5,1,2026,"YES","away"
"1972",22500958,"2026-03-12","regular",1610612759,"SAS","SAS","DEN",48,131,43,95,45.3,19,47,40.4,26,32,81.3,12,37,49,34,10,8,4,25,-5,0,2026,"NO","home"
"1973",22500959,"2026-03-12","regular",1610612760,"OKC","OKC","BOS",48,104,40,84,47.6,11,44,25,13,17,76.5,11,28,39,22,12,7,4,18,2,1,2026,"YES","home"
"1974",22500959,"2026-03-12","regular",1610612738,"BOS","OKC","BOS",48,102,35,87,40.2,13,42,31,19,20,95,12,32,44,20,13,8,4,18,-2,0,2026,"NO","away"
"1975",22500960,"2026-03-12","regular",1610612747,"LAL","LAL","CHI",48,142,55,99,55.6,17,36,47.2,15,21,71.4,14,27,41,31,10,9,4,15,12,1,2026,"YES","home"
"1976",22500960,"2026-03-12","regular",1610612741,"CHI","LAL","CHI",48,130,51,95,53.7,15,36,41.7,13,16,81.3,12,29,41,34,16,7,3,18,-12,0,2026,"NO","away"
"1977",22501111,"2026-03-12","regular",1610612742,"DAL","MEM","DAL",48,120,45,93,48.4,11,32,34.4,19,24,79.2,21,39,60,25,20,8,9,17,8,1,2026,"YES","away"
"1978",22501111,"2026-03-12","regular",1610612763,"MEM","MEM","DAL",48,112,41,98,41.8,14,48,29.2,16,22,72.7,14,24,38,26,10,10,5,18,-8,0,2026,"NO","home"
"1979",22500961,"2026-03-13","regular",1610612765,"DET","DET","MEM",48,126,50,92,54.3,12,35,34.3,14,18,77.8,19,33,52,36,19,12,6,19,16,1,2026,"YES","home"
"1980",22500961,"2026-03-13","regular",1610612763,"MEM","DET","MEM",48,110,38,89,42.7,15,41,36.6,19,24,79.2,13,20,33,20,17,11,2,20,-16,0,2026,"NO","away"
"1981",22500962,"2026-03-13","regular",1610612752,"NYK","IND","NYK",48,101,37,88,42,8,28,28.6,19,25,76,11,42,53,20,12,4,4,22,9,1,2026,"YES","away"
"1982",22500962,"2026-03-13","regular",1610612754,"IND","IND","NYK",48,92,35,89,39.3,10,38,26.3,12,15,80,7,39,46,21,11,6,3,21,-9,0,2026,"NO","home"
"1983",22500963,"2026-03-13","regular",1610612761,"TOR","TOR","PHX",48,122,46,86,53.5,14,27,51.9,16,20,80,8,36,44,25,12,6,3,27,7,1,2026,"YES","home"
"1984",22500963,"2026-03-13","regular",1610612756,"PHX","TOR","PHX",48,115,38,80,47.5,18,42,42.9,21,30,70,6,28,34,20,12,5,6,21,-7,0,2026,"NO","away"
"1985",22500964,"2026-03-13","regular",1610612745,"HOU","HOU","NOP",48,107,40,94,42.6,14,41,34.1,13,17,76.5,18,34,52,25,12,8,8,21,2,1,2026,"YES","home"
"1986",22500964,"2026-03-13","regular",1610612740,"NOP","HOU","NOP",48,105,37,84,44,13,32,40.6,18,26,69.2,15,33,48,19,13,7,6,19,-2,0,2026,"NO","away"
"1987",22500965,"2026-03-13","regular",1610612739,"CLE","DAL","CLE",48,138,56,91,61.5,18,38,47.4,8,13,61.5,9,36,45,32,14,12,4,22,33,1,2026,"YES","away"
"1988",22500965,"2026-03-13","regular",1610612742,"DAL","DAL","CLE",48,105,38,87,43.7,9,33,27.3,20,24,83.3,12,28,40,27,19,4,3,14,-33,0,2026,"NO","home"
"1989",22500966,"2026-03-13","regular",1610612750,"MIN","GSW","MIN",48,127,46,82,56.1,12,30,40,23,26,88.5,11,34,45,25,17,6,5,19,10,1,2026,"YES","away"
"1990",22500966,"2026-03-13","regular",1610612744,"GSW","GSW","MIN",48,117,39,97,40.2,15,48,31.3,24,25,96,14,24,38,23,9,8,1,20,-10,0,2026,"NO","home"
"1991",22500967,"2026-03-13","regular",1610612757,"POR","POR","UTA",48,124,46,89,51.7,17,46,37,15,16,93.8,14,35,49,34,24,16,12,19,10,1,2026,"YES","home"
"1992",22500967,"2026-03-13","regular",1610612762,"UTA","POR","UTA",48,114,42,92,45.7,13,30,43.3,17,22,77.3,10,26,36,28,18,16,3,17,-10,0,2026,"NO","away"
"1993",22500968,"2026-03-13","regular",1610612746,"LAC","LAC","CHI",48,119,46,96,47.9,9,32,28.1,18,24,75,10,36,46,28,6,8,12,13,11,1,2026,"YES","home"
"1994",22500968,"2026-03-13","regular",1610612741,"CHI","LAC","CHI",48,108,42,95,44.2,12,41,29.3,12,13,92.3,12,36,48,23,15,5,7,19,-11,0,2026,"NO","away"
"1995",22500969,"2026-03-14","regular",1610612755,"PHI","PHI","BKN",48,104,38,82,46.3,3,25,12,25,31,80.6,8,39,47,22,14,12,10,16,7,1,2026,"YES","home"
"1996",22500969,"2026-03-14","regular",1610612751,"BKN","PHI","BKN",48,97,32,89,36,15,43,34.9,18,21,85.7,12,30,42,20,17,10,5,22,-7,0,2026,"NO","away"
"1997",22500970,"2026-03-14","regular",1610612737,"ATL","ATL","MIL",48,122,47,95,49.5,14,38,36.8,14,18,77.8,15,32,47,29,13,10,1,19,23,1,2026,"YES","home"
"1998",22500970,"2026-03-14","regular",1610612749,"MIL","ATL","MIL",48,99,37,76,48.7,12,37,32.4,13,18,72.2,5,32,37,24,23,5,4,18,-23,0,2026,"NO","away"
"1999",22500971,"2026-03-14","regular",1610612738,"BOS","BOS","WAS",48,111,41,93,44.1,12,46,26.1,17,19,89.5,19,36,55,29,15,8,4,20,11,1,2026,"YES","home"
"2000",22500971,"2026-03-14","regular",1610612764,"WAS","BOS","WAS",48,100,37,84,44,15,39,38.5,11,17,64.7,9,29,38,28,15,9,4,18,-11,0,2026,"NO","away"
"2001",22500972,"2026-03-14","regular",1610612753,"ORL","MIA","ORL",48,121,44,89,49.4,10,32,31.3,23,25,92,11,38,49,26,20,6,2,23,4,1,2026,"YES","away"
"2002",22500972,"2026-03-14","regular",1610612748,"MIA","MIA","ORL",48,117,41,88,46.6,12,38,31.6,23,28,82.1,7,25,32,25,11,13,5,21,-4,0,2026,"NO","home"
"2003",22500973,"2026-03-14","regular",1610612759,"SAS","SAS","CHA",48,115,43,92,46.7,11,33,33.3,18,21,85.7,15,39,54,29,13,7,6,20,13,1,2026,"YES","home"
"2004",22500973,"2026-03-14","regular",1610612766,"CHA","SAS","CHA",48,102,35,93,37.6,18,54,33.3,14,17,82.4,11,28,39,18,12,7,10,21,-13,0,2026,"NO","away"
"2005",22500974,"2026-03-14","regular",1610612747,"LAL","LAL","DEN",53,127,48,93,51.6,14,42,33.3,17,26,65.4,7,39,46,31,17,10,6,20,2,1,2026,"YES","home"
"2006",22500974,"2026-03-14","regular",1610612743,"DEN","LAL","DEN",53,125,44,95,46.3,19,49,38.8,18,22,81.8,7,34,41,33,16,13,5,22,-2,0,2026,"NO","away"
"2007",22500975,"2026-03-14","regular",1610612758,"SAC","LAC","SAC",48,118,48,82,58.5,12,27,44.4,10,16,62.5,9,39,48,29,21,9,4,25,9,1,2026,"YES","away"
"2008",22500975,"2026-03-14","regular",1610612746,"LAC","LAC","SAC",48,109,39,84,46.4,9,27,33.3,22,29,75.9,9,26,35,19,13,13,8,13,-9,0,2026,"NO","home"
"2009",22500976,"2026-03-15","regular",1610612760,"OKC","OKC","MIN",48,116,42,101,41.6,15,40,37.5,17,19,89.5,15,29,44,28,7,16,6,16,13,1,2026,"YES","home"
"2010",22500976,"2026-03-15","regular",1610612750,"MIN","OKC","MIN",48,103,36,77,46.8,15,33,45.5,16,22,72.7,8,38,46,18,25,5,5,19,-13,0,2026,"NO","away"
"2011",22500977,"2026-03-15","regular",1610612742,"DAL","CLE","DAL",48,130,46,87,52.9,15,30,50,23,27,85.2,9,35,44,35,13,13,5,21,10,1,2026,"YES","away"
"2012",22500977,"2026-03-15","regular",1610612739,"CLE","CLE","DAL",48,120,45,88,51.1,16,41,39,14,21,66.7,10,28,38,32,16,5,5,21,-10,0,2026,"NO","home"
"2013",22500978,"2026-03-15","regular",1610612761,"TOR","TOR","DET",48,119,44,91,48.4,8,28,28.6,23,30,76.7,20,28,48,25,13,9,5,20,11,1,2026,"YES","home"
"2014",22500978,"2026-03-15","regular",1610612765,"DET","TOR","DET",48,108,41,85,48.2,10,26,38.5,16,24,66.7,13,26,39,23,13,6,5,26,-11,0,2026,"NO","away"
"2015",22500979,"2026-03-15","regular",1610612749,"MIL","MIL","IND",48,134,49,90,54.4,23,44,52.3,13,19,68.4,13,27,40,31,9,10,2,17,11,1,2026,"YES","home"
"2016",22500979,"2026-03-15","regular",1610612754,"IND","MIL","IND",48,123,42,81,51.9,21,42,50,18,23,78.3,10,30,40,34,19,5,6,15,-11,0,2026,"NO","away"
"2017",22500980,"2026-03-15","regular",1610612755,"PHI","PHI","POR",48,109,44,97,45.4,7,25,28,14,15,93.3,14,37,51,17,14,13,4,19,6,1,2026,"YES","home"
"2018",22500980,"2026-03-15","regular",1610612757,"POR","PHI","POR",48,103,36,92,39.1,17,53,32.1,14,21,66.7,15,34,49,26,19,6,9,14,-6,0,2026,"NO","away"
"2019",22500981,"2026-03-15","regular",1610612752,"NYK","NYK","GSW",48,110,39,84,46.4,10,32,31.3,22,23,95.7,16,28,44,23,15,9,6,15,3,1,2026,"YES","home"
"2020",22500981,"2026-03-15","regular",1610612744,"GSW","NYK","GSW",48,107,40,82,48.8,14,38,36.8,13,15,86.7,11,24,35,27,18,9,6,20,-3,0,2026,"NO","away"
"2021",22500982,"2026-03-15","regular",1610612758,"SAC","SAC","UTA",48,116,41,85,48.2,11,36,30.6,23,28,82.1,12,38,50,28,18,9,3,19,5,1,2026,"YES","home"
"2022",22500982,"2026-03-15","regular",1610612762,"UTA","SAC","UTA",48,111,41,86,47.7,12,36,33.3,17,25,68,10,30,40,22,15,12,5,16,-5,0,2026,"NO","away"
"2023",22500983,"2026-03-16","regular",1610612737,"ATL","ATL","ORL",48,124,43,93,46.2,16,40,40,22,29,75.9,15,39,54,33,14,5,3,20,12,1,2026,"YES","home"
"2024",22500983,"2026-03-16","regular",1610612753,"ORL","ATL","ORL",48,112,40,95,42.1,14,43,32.6,18,23,78.3,8,32,40,20,11,9,3,19,-12,0,2026,"NO","away"
"2025",22500984,"2026-03-16","regular",1610612744,"GSW","WAS","GSW",48,125,46,91,50.5,9,32,28.1,24,28,85.7,14,27,41,32,17,13,4,21,8,1,2026,"YES","away"
"2026",22500984,"2026-03-16","regular",1610612764,"WAS","WAS","GSW",48,117,40,78,51.3,13,34,38.2,24,29,82.8,9,27,36,24,21,7,2,25,-8,0,2026,"NO","home"
"2027",22500985,"2026-03-16","regular",1610612757,"POR","BKN","POR",48,114,41,80,51.3,11,26,42.3,21,29,72.4,11,33,44,30,19,7,3,25,19,1,2026,"YES","away"
"2028",22500985,"2026-03-16","regular",1610612751,"BKN","BKN","POR",48,95,33,86,38.4,9,34,26.5,20,29,69,17,27,44,19,17,11,7,24,-19,0,2026,"NO","home"
"2029",22500986,"2026-03-16","regular",1610612738,"BOS","BOS","PHX",48,120,39,80,48.8,17,40,42.5,25,27,92.6,7,31,38,31,14,7,3,21,8,1,2026,"YES","home"
"2030",22500986,"2026-03-16","regular",1610612756,"PHX","BOS","PHX",48,112,37,83,44.6,13,40,32.5,25,29,86.2,8,27,35,26,10,7,6,20,-8,0,2026,"NO","away"
"2031",22500987,"2026-03-16","regular",1610612741,"CHI","CHI","MEM",48,132,48,93,51.6,18,48,37.5,18,21,85.7,13,34,47,30,17,9,6,16,25,1,2026,"YES","home"
"2032",22500987,"2026-03-16","regular",1610612763,"MEM","CHI","MEM",48,107,39,86,45.3,14,39,35.9,15,19,78.9,10,27,37,30,18,10,5,18,-25,0,2026,"NO","away"
"2033",22500988,"2026-03-16","regular",1610612740,"NOP","NOP","DAL",48,129,48,95,50.5,11,35,31.4,22,34,64.7,12,45,57,31,14,7,12,16,18,1,2026,"YES","home"
"2034",22500988,"2026-03-16","regular",1610612742,"DAL","NOP","DAL",48,111,44,104,42.3,14,39,35.9,9,14,64.3,13,38,51,27,12,10,3,22,-18,0,2026,"NO","away"
"2035",22500989,"2026-03-16","regular",1610612747,"LAL","HOU","LAL",48,100,37,84,44,8,34,23.5,18,22,81.8,12,20,32,17,12,14,2,18,8,1,2026,"YES","away"
"2036",22500989,"2026-03-16","regular",1610612745,"HOU","HOU","LAL",48,92,38,79,48.1,5,26,19.2,11,15,73.3,15,29,44,21,24,9,3,18,-8,0,2026,"NO","home"
"2037",22500990,"2026-03-16","regular",1610612759,"SAS","LAC","SAS",48,119,43,93,46.2,10,36,27.8,23,29,79.3,22,30,52,25,15,5,7,23,4,1,2026,"YES","away"
"2038",22500990,"2026-03-16","regular",1610612746,"LAC","LAC","SAS",48,115,43,89,48.3,11,29,37.9,18,24,75,12,25,37,25,14,11,5,23,-4,0,2026,"NO","home"
"2039",22500991,"2026-03-17","regular",1610612766,"CHA","CHA","MIA",48,136,51,96,53.1,17,42,40.5,17,21,81,10,38,48,32,14,11,3,25,30,1,2026,"YES","home"
"2040",22500991,"2026-03-17","regular",1610612748,"MIA","CHA","MIA",48,106,36,89,40.4,7,36,19.4,27,34,79.4,12,31,43,26,15,4,3,22,-30,0,2026,"NO","away"
"2041",22500992,"2026-03-17","regular",1610612760,"OKC","ORL","OKC",48,113,40,90,44.4,9,29,31,24,27,88.9,11,42,53,19,12,8,3,16,5,1,2026,"YES","away"
"2042",22500992,"2026-03-17","regular",1610612753,"ORL","ORL","OKC",48,108,37,93,39.8,17,50,34,17,20,85,10,31,41,21,12,8,2,19,-5,0,2026,"NO","home"
"2043",22500993,"2026-03-17","regular",1610612765,"DET","WAS","DET",48,130,46,90,51.1,11,27,40.7,27,32,84.4,16,34,50,31,13,8,4,23,13,1,2026,"YES","away"
"2044",22500993,"2026-03-17","regular",1610612764,"WAS","WAS","DET",48,117,43,87,49.4,16,37,43.2,15,19,78.9,7,28,35,20,14,7,5,23,-13,0,2026,"NO","home"
"2045",22500994,"2026-03-17","regular",1610612752,"NYK","NYK","IND",48,136,54,100,54,18,41,43.9,10,13,76.9,19,30,49,38,9,13,3,12,26,1,2026,"YES","home"
"2046",22500994,"2026-03-17","regular",1610612754,"IND","NYK","IND",48,110,44,85,51.8,17,38,44.7,5,7,71.4,8,28,36,31,18,7,7,15,-26,0,2026,"NO","away"
"2047",22500995,"2026-03-17","regular",1610612739,"CLE","MIL","CLE",48,123,42,86,48.8,12,36,33.3,27,34,79.4,10,36,46,27,7,3,4,20,7,1,2026,"YES","away"
"2048",22500995,"2026-03-17","regular",1610612749,"MIL","MIL","CLE",48,116,42,88,47.7,20,45,44.4,12,17,70.6,7,32,39,24,8,3,6,22,-7,0,2026,"NO","home"
"2049",22500996,"2026-03-17","regular",1610612750,"MIN","MIN","PHX",48,116,43,84,51.2,9,28,32.1,21,29,72.4,15,34,49,28,18,8,11,20,12,1,2026,"YES","home"
"2050",22500996,"2026-03-17","regular",1610612756,"PHX","MIN","PHX",48,104,37,97,38.1,13,37,35.1,17,23,73.9,17,23,40,25,14,13,2,23,-12,0,2026,"NO","away"
"2051",22500997,"2026-03-17","regular",1610612743,"DEN","DEN","PHI",48,124,43,86,50,16,33,48.5,22,31,71,9,44,53,35,14,5,2,16,28,1,2026,"YES","home"
"2052",22500997,"2026-03-17","regular",1610612755,"PHI","DEN","PHI",48,96,37,94,39.4,9,41,22,13,15,86.7,9,33,42,30,13,6,10,26,-28,0,2026,"NO","away"
"2053",22500998,"2026-03-17","regular",1610612759,"SAS","SAC","SAS",48,132,48,93,51.6,25,49,51,11,13,84.6,5,45,50,41,6,5,5,11,28,1,2026,"YES","away"
"2054",22500998,"2026-03-17","regular",1610612758,"SAC","SAC","SAS",48,104,41,93,44.1,14,36,38.9,8,13,61.5,6,35,41,32,8,4,2,14,-28,0,2026,"NO","home"
"2055",22500651,"2026-03-18","regular",1610612763,"MEM","MEM","DEN",48,125,42,98,42.9,16,49,32.7,25,32,78.1,12,36,48,22,10,12,9,17,7,1,2026,"YES","home"
"2056",22500651,"2026-03-18","regular",1610612743,"DEN","MEM","DEN",48,118,44,90,48.9,13,36,36.1,17,22,77.3,7,39,46,34,19,6,5,24,-7,0,2026,"NO","away"
"2057",22500999,"2026-03-18","regular",1610612738,"BOS","BOS","GSW",48,120,44,92,47.8,14,39,35.9,18,19,94.7,15,34,49,22,16,12,1,20,21,1,2026,"YES","home"
"2058",22500999,"2026-03-18","regular",1610612744,"GSW","BOS","GSW",48,99,36,90,40,10,43,23.3,17,24,70.8,14,25,39,26,14,12,3,17,-21,0,2026,"NO","away"
"2059",22501000,"2026-03-18","regular",1610612760,"OKC","BKN","OKC",48,121,45,85,52.9,14,35,40,17,22,77.3,9,36,45,26,19,16,5,20,29,1,2026,"YES","away"
"2060",22501000,"2026-03-18","regular",1610612751,"BKN","BKN","OKC",48,92,29,79,36.7,11,35,31.4,23,31,74.2,11,30,41,17,23,8,4,21,-29,0,2026,"NO","home"
"2061",22501001,"2026-03-18","regular",1610612757,"POR","IND","POR",48,127,45,101,44.6,16,46,34.8,21,26,80.8,22,30,52,32,13,5,7,16,8,1,2026,"YES","away"
"2062",22501001,"2026-03-18","regular",1610612754,"IND","IND","POR",48,119,46,91,50.5,12,27,44.4,15,17,88.2,10,29,39,32,12,9,7,24,-8,0,2026,"NO","home"
"2063",22501002,"2026-03-18","regular",1610612761,"TOR","CHI","TOR",48,139,48,84,57.1,14,33,42.4,29,33,87.9,6,37,43,33,18,6,3,23,30,1,2026,"YES","away"
"2064",22501002,"2026-03-18","regular",1610612741,"CHI","CHI","TOR",48,109,40,85,47.1,9,31,29,20,28,71.4,9,27,36,24,19,13,2,24,-30,0,2026,"NO","home"
"2065",22501004,"2026-03-18","regular",1610612750,"MIN","MIN","UTA",48,147,52,96,54.2,18,39,46.2,25,30,83.3,12,34,46,39,17,15,5,23,36,1,2026,"YES","home"
"2066",22501004,"2026-03-18","regular",1610612762,"UTA","MIN","UTA",48,111,40,93,43,13,39,33.3,18,26,69.2,17,29,46,26,24,10,5,23,-36,0,2026,"NO","away"
"2067",22501005,"2026-03-18","regular",1610612740,"NOP","NOP","LAC",48,124,44,83,53,16,37,43.2,20,21,95.2,13,27,40,32,19,12,6,14,15,1,2026,"YES","home"
"2068",22501005,"2026-03-18","regular",1610612746,"LAC","NOP","LAC",48,109,45,88,51.1,9,31,29,10,13,76.9,14,22,36,24,16,10,2,17,-15,0,2026,"NO","away"
"2069",22501006,"2026-03-18","regular",1610612737,"ATL","DAL","ATL",48,135,55,102,53.9,14,35,40,11,14,78.6,12,30,42,36,11,10,3,21,15,1,2026,"YES","away"
"2070",22501006,"2026-03-18","regular",1610612742,"DAL","DAL","ATL",48,120,42,86,48.8,11,28,39.3,25,29,86.2,11,32,43,26,19,8,6,12,-15,0,2026,"NO","home"
"2071",22501007,"2026-03-18","regular",1610612747,"LAL","HOU","LAL",48,124,46,76,60.5,15,32,46.9,17,27,63,5,29,34,30,14,6,8,20,8,1,2026,"YES","away"
"2072",22501007,"2026-03-18","regular",1610612745,"HOU","HOU","LAL",48,116,45,91,49.5,11,32,34.4,15,17,88.2,12,26,38,26,12,10,1,21,-8,0,2026,"NO","home"
"2073",22501008,"2026-03-19","regular",1610612766,"CHA","CHA","ORL",48,130,42,80,52.5,22,46,47.8,24,27,88.9,10,31,41,28,22,9,2,24,19,1,2026,"YES","home"
"2074",22501008,"2026-03-19","regular",1610612753,"ORL","CHA","ORL",48,111,39,93,41.9,14,42,33.3,19,21,90.5,12,19,31,24,14,11,4,23,-19,0,2026,"NO","away"
"2075",22501009,"2026-03-19","regular",1610612765,"DET","WAS","DET",48,117,44,97,45.4,9,30,30,20,26,76.9,17,39,56,32,10,11,8,14,22,1,2026,"YES","away"
"2076",22501009,"2026-03-19","regular",1610612764,"WAS","WAS","DET",48,95,36,82,43.9,15,38,39.5,8,12,66.7,6,29,35,20,19,3,10,21,-22,0,2026,"NO","home"
"2077",22501010,"2026-03-19","regular",1610612747,"LAL","MIA","LAL",48,134,43,81,53.1,14,32,43.8,34,45,75.6,13,34,47,23,13,8,3,20,8,1,2026,"YES","away"
"2078",22501010,"2026-03-19","regular",1610612748,"MIA","MIA","LAL",48,126,48,94,51.1,12,38,31.6,18,22,81.8,12,29,41,31,11,4,2,26,-8,0,2026,"NO","home"
"2079",22501011,"2026-03-19","regular",1610612739,"CLE","CHI","CLE",48,115,40,91,44,14,41,34.1,21,31,67.7,16,38,54,26,16,11,5,17,5,1,2026,"YES","away"
"2080",22501011,"2026-03-19","regular",1610612741,"CHI","CHI","CLE",48,110,42,94,44.7,15,44,34.1,11,17,64.7,12,35,47,27,16,11,7,24,-5,0,2026,"NO","home"
"2081",22501012,"2026-03-19","regular",1610612740,"NOP","NOP","LAC",48,105,37,78,47.4,13,34,38.2,18,22,81.8,8,32,40,21,16,11,2,19,6,1,2026,"YES","home"
"2082",22501012,"2026-03-19","regular",1610612746,"LAC","NOP","LAC",48,99,35,76,46.1,10,32,31.3,19,32,59.4,9,30,39,20,16,11,2,21,-6,0,2026,"NO","away"
"2083",22501013,"2026-03-19","regular",1610612759,"SAS","SAS","PHX",48,101,35,83,42.2,10,34,29.4,21,23,91.3,9,33,42,23,14,6,5,19,1,1,2026,"YES","home"
"2084",22501013,"2026-03-19","regular",1610612756,"PHX","SAS","PHX",48,100,38,91,41.8,11,36,30.6,13,17,76.5,10,37,47,27,11,9,3,21,-1,0,2026,"NO","away"
"2085",22501014,"2026-03-19","regular",1610612762,"UTA","UTA","MIL",48,128,48,89,53.9,18,48,37.5,14,20,70,12,35,47,34,17,10,2,18,32,1,2026,"YES","home"
"2086",22501014,"2026-03-19","regular",1610612749,"MIL","UTA","MIL",48,96,32,78,41,15,44,34.1,17,23,73.9,8,27,35,20,20,9,2,18,-32,0,2026,"NO","away"
"2087",22501015,"2026-03-19","regular",1610612755,"PHI","SAC","PHI",48,139,51,102,50,17,36,47.2,20,24,83.3,17,32,49,32,9,8,7,22,21,1,2026,"YES","away"
"2088",22501015,"2026-03-19","regular",1610612758,"SAC","SAC","PHI",48,118,43,89,48.3,12,32,37.5,20,29,69,14,27,41,26,14,3,6,18,-21,0,2026,"NO","home"
"2089",22501016,"2026-03-20","regular",1610612752,"NYK","BKN","NYK",48,93,31,76,40.8,8,29,27.6,23,32,71.9,13,39,52,22,22,10,5,15,1,1,2026,"YES","away"
"2090",22501016,"2026-03-20","regular",1610612751,"BKN","BKN","NYK",48,92,34,86,39.5,14,38,36.8,10,10,100,8,32,40,28,15,8,6,28,-1,0,2026,"NO","home"
"2091",22501017,"2026-03-20","regular",1610612765,"DET","DET","GSW",48,115,45,86,52.3,5,21,23.8,20,29,69,9,26,35,29,15,16,4,20,14,1,2026,"YES","home"
"2092",22501017,"2026-03-20","regular",1610612744,"GSW","DET","GSW",48,101,35,76,46.1,12,33,36.4,19,26,73.1,10,28,38,23,26,6,6,17,-14,0,2026,"NO","away"
"2093",22501018,"2026-03-20","regular",1610612745,"HOU","HOU","ATL",48,117,42,83,50.6,14,30,46.7,19,28,67.9,12,39,51,33,20,11,5,13,22,1,2026,"YES","home"
"2094",22501018,"2026-03-20","regular",1610612737,"ATL","HOU","ATL",48,95,36,85,42.4,9,35,25.7,14,17,82.4,9,28,37,22,18,13,9,21,-22,0,2026,"NO","away"
"2095",22501019,"2026-03-20","regular",1610612738,"BOS","MEM","BOS",48,117,40,89,44.9,11,42,26.2,26,30,86.7,18,39,57,19,13,4,2,20,5,1,2026,"YES","away"
"2096",22501019,"2026-03-20","regular",1610612763,"MEM","MEM","BOS",48,112,42,90,46.7,14,43,32.6,14,17,82.4,7,28,35,24,9,7,3,23,-5,0,2026,"NO","home"
"2097",22501020,"2026-03-20","regular",1610612757,"POR","MIN","POR",48,108,39,92,42.4,9,37,24.3,21,24,87.5,18,33,51,25,17,8,6,22,4,1,2026,"YES","away"
"2098",22501020,"2026-03-20","regular",1610612750,"MIN","MIN","POR",48,104,36,91,39.6,9,28,32.1,23,29,79.3,14,29,43,21,13,11,5,19,-4,0,2026,"NO","home"
"2099",22501021,"2026-03-20","regular",1610612743,"DEN","DEN","TOR",48,121,44,81,54.3,14,30,46.7,19,25,76,9,29,38,26,10,5,2,20,6,1,2026,"YES","home"
"2100",22501021,"2026-03-20","regular",1610612761,"TOR","DEN","TOR",48,115,44,86,51.2,10,31,32.3,17,23,73.9,11,29,40,32,10,8,4,24,-6,0,2026,"NO","away"
"2101",22501022,"2026-03-21","regular",1610612760,"OKC","WAS","OKC",48,132,50,93,53.8,11,30,36.7,21,30,70,17,38,55,31,13,6,6,16,21,1,2026,"YES","away"
"2102",22501022,"2026-03-21","regular",1610612764,"WAS","WAS","OKC",48,111,41,91,45.1,16,39,41,13,18,72.2,9,25,34,28,15,8,3,26,-21,0,2026,"NO","home"
"2103",22501023,"2026-03-21","regular",1610612766,"CHA","CHA","MEM",48,124,45,85,52.9,18,43,41.9,16,24,66.7,13,36,49,25,18,7,4,17,23,1,2026,"YES","home"
"2104",22501023,"2026-03-21","regular",1610612763,"MEM","CHA","MEM",48,101,35,86,40.7,16,46,34.8,15,19,78.9,9,25,34,20,13,10,1,20,-23,0,2026,"NO","away"
"2105",22501024,"2026-03-21","regular",1610612747,"LAL","ORL","LAL",48,105,39,87,44.8,8,32,25,19,29,65.5,14,29,43,19,12,11,6,20,1,1,2026,"YES","away"
"2106",22501024,"2026-03-21","regular",1610612753,"ORL","ORL","LAL",48,104,36,83,43.4,11,37,29.7,21,23,91.3,12,30,42,27,18,9,2,27,-1,0,2026,"NO","home"
"2107",22501025,"2026-03-21","regular",1610612739,"CLE","NOP","CLE",48,111,42,88,47.7,12,39,30.8,15,22,68.2,14,41,55,26,14,6,4,17,5,1,2026,"YES","away"
"2108",22501025,"2026-03-21","regular",1610612740,"NOP","NOP","CLE",48,106,39,90,43.3,12,40,30,16,20,80,10,30,40,30,9,10,7,19,-5,0,2026,"NO","home"
"2109",22501026,"2026-03-21","regular",1610612737,"ATL","ATL","GSW",48,126,48,89,53.9,13,40,32.5,17,20,85,9,32,41,28,18,10,4,17,16,1,2026,"YES","home"
"2110",22501026,"2026-03-21","regular",1610612744,"GSW","ATL","GSW",48,110,41,82,50,15,42,35.7,13,17,76.5,8,21,29,23,21,9,2,21,-16,0,2026,"NO","away"
"2111",22501027,"2026-03-21","regular",1610612745,"HOU","HOU","MIA",48,123,45,86,52.3,16,35,45.7,17,21,81,13,31,44,33,13,5,3,16,1,1,2026,"YES","home"
"2112",22501027,"2026-03-21","regular",1610612748,"MIA","HOU","MIA",48,122,47,92,51.1,16,41,39,12,16,75,11,30,41,31,9,6,1,19,-1,0,2026,"NO","away"
"2113",22501028,"2026-03-21","regular",1610612759,"SAS","SAS","IND",48,134,53,97,54.6,13,34,38.2,15,17,88.2,13,36,49,33,12,5,6,19,15,1,2026,"YES","home"
"2114",22501028,"2026-03-21","regular",1610612754,"IND","SAS","IND",48,119,44,85,51.8,16,35,45.7,15,19,78.9,4,22,26,38,10,5,2,14,-15,0,2026,"NO","away"
"2115",22501029,"2026-03-21","regular",1610612746,"LAC","DAL","LAC",53,138,51,90,56.7,21,42,50,15,18,83.3,6,34,40,33,12,8,10,22,7,1,2026,"YES","away"
"2116",22501029,"2026-03-21","regular",1610612742,"DAL","DAL","LAC",53,131,48,102,47.1,13,34,38.2,22,29,75.9,17,30,47,25,11,5,6,16,-7,0,2026,"NO","home"
"2117",22501030,"2026-03-21","regular",1610612755,"PHI","UTA","PHI",48,126,46,92,50,6,27,22.2,28,32,87.5,16,40,56,27,16,4,8,26,10,1,2026,"YES","away"
"2118",22501030,"2026-03-21","regular",1610612762,"UTA","UTA","PHI",48,116,39,96,40.6,9,40,22.5,29,31,93.5,11,28,39,29,8,8,8,25,-10,0,2026,"NO","home"
"2119",22501031,"2026-03-21","regular",1610612749,"MIL","PHX","MIL",48,108,39,78,50,16,39,41,14,21,66.7,8,34,42,20,17,6,4,17,3,1,2026,"YES","away"
"2120",22501031,"2026-03-21","regular",1610612756,"PHX","PHX","MIL",48,105,40,89,44.9,15,39,38.5,10,18,55.6,12,26,38,27,10,7,4,21,-3,0,2026,"NO","home"
"2121",22501032,"2026-03-22","regular",1610612743,"DEN","DEN","POR",48,128,49,90,54.4,18,46,39.1,12,13,92.3,5,37,42,37,11,6,3,19,16,1,2026,"YES","home"
"2122",22501032,"2026-03-22","regular",1610612757,"POR","DEN","POR",48,112,42,97,43.3,16,50,32,12,16,75,14,31,45,31,11,5,0,16,-16,0,2026,"NO","away"
"2123",22501033,"2026-03-22","regular",1610612758,"SAC","SAC","BKN",48,126,43,82,52.4,14,27,51.9,26,34,76.5,17,34,51,30,17,4,5,18,4,1,2026,"YES","home"
"2124",22501033,"2026-03-22","regular",1610612751,"BKN","SAC","BKN",48,122,46,88,52.3,14,33,42.4,16,20,80,7,18,25,30,7,7,4,26,-4,0,2026,"NO","away"
"2125",22501034,"2026-03-22","regular",1610612752,"NYK","NYK","WAS",48,145,55,94,58.5,17,32,53.1,18,19,94.7,13,35,48,32,14,6,2,12,32,1,2026,"YES","home"
"2126",22501034,"2026-03-22","regular",1610612764,"WAS","NYK","WAS",48,113,43,89,48.3,18,47,38.3,9,13,69.2,8,20,28,25,15,12,4,20,-32,0,2026,"NO","away"
"2127",22501035,"2026-03-22","regular",1610612750,"MIN","BOS","MIN",48,102,39,91,42.9,12,33,36.4,12,15,80,12,44,56,24,14,7,7,16,10,1,2026,"YES","away"
"2128",22501035,"2026-03-22","regular",1610612738,"BOS","BOS","MIN",48,92,34,95,35.8,9,33,27.3,15,18,83.3,13,40,53,17,11,9,2,13,-10,0,2026,"NO","home"
"2129",22501036,"2026-03-22","regular",1610612756,"PHX","PHX","TOR",48,120,46,89,51.7,18,40,45,10,10,100,14,29,43,24,19,12,6,20,22,1,2026,"YES","home"
"2130",22501036,"2026-03-22","regular",1610612761,"TOR","PHX","TOR",48,98,37,75,49.3,9,28,32.1,15,22,68.2,7,23,30,28,20,9,9,18,-22,0,2026,"NO","away"
"2131",22501037,"2026-03-23","regular",1610612737,"ATL","ATL","MEM",48,146,49,92,53.3,25,54,46.3,23,25,92,12,32,44,37,11,12,6,19,39,1,2026,"YES","home"
"2132",22501037,"2026-03-23","regular",1610612763,"MEM","ATL","MEM",48,107,35,83,42.2,14,43,32.6,23,26,88.5,6,28,34,20,23,9,4,20,-39,0,2026,"NO","away"
"2133",22501038,"2026-03-23","regular",1610612765,"DET","DET","LAL",48,113,40,88,45.5,11,26,42.3,22,24,91.7,11,26,37,31,11,6,4,23,3,1,2026,"YES","home"
"2134",22501038,"2026-03-23","regular",1610612747,"LAL","DET","LAL",48,110,38,79,48.1,8,29,27.6,26,31,83.9,9,30,39,27,13,6,6,18,-3,0,2026,"NO","away"
"2135",22501039,"2026-03-23","regular",1610612754,"IND","ORL","IND",48,128,45,82,54.9,16,35,45.7,22,24,91.7,6,29,35,32,9,5,4,21,2,1,2026,"YES","away"
"2136",22501039,"2026-03-23","regular",1610612753,"ORL","ORL","IND",48,126,48,94,51.1,12,34,35.3,18,24,75,9,27,36,29,11,5,1,18,-2,0,2026,"NO","home"
"2137",22501040,"2026-03-23","regular",1610612760,"OKC","PHI","OKC",48,123,48,90,53.3,18,41,43.9,9,10,90,11,37,48,33,15,6,10,15,20,1,2026,"YES","away"
"2138",22501040,"2026-03-23","regular",1610612755,"PHI","PHI","OKC",48,103,41,94,43.6,17,46,37,4,9,44.4,12,32,44,29,18,10,3,12,-20,0,2026,"NO","home"
"2139",22501041,"2026-03-23","regular",1610612759,"SAS","MIA","SAS",48,136,48,101,47.5,15,43,34.9,25,28,89.3,17,45,62,33,15,7,9,18,25,1,2026,"YES","away"
"2140",22501041,"2026-03-23","regular",1610612748,"MIA","MIA","SAS",48,111,38,95,40,16,52,30.8,19,20,95,7,31,38,29,12,11,8,19,-25,0,2026,"NO","home"
"2141",22501042,"2026-03-23","regular",1610612741,"CHI","CHI","HOU",48,132,45,90,50,19,38,50,23,28,82.1,7,38,45,30,16,8,4,21,8,1,2026,"YES","home"
"2142",22501042,"2026-03-23","regular",1610612745,"HOU","CHI","HOU",48,124,49,92,53.3,11,41,26.8,15,24,62.5,8,33,41,27,17,8,7,18,-8,0,2026,"NO","away"
"2143",22501043,"2026-03-23","regular",1610612761,"TOR","UTA","TOR",48,143,54,88,61.4,20,37,54.1,15,28,53.6,6,29,35,49,17,12,10,30,16,1,2026,"YES","away"
"2144",22501043,"2026-03-23","regular",1610612762,"UTA","UTA","TOR",48,127,39,83,47,13,36,36.1,36,43,83.7,9,30,39,25,18,9,6,19,-16,0,2026,"NO","home"
"2145",22501044,"2026-03-23","regular",1610612744,"GSW","DAL","GSW",53,137,51,101,50.5,17,47,36.2,18,24,75,17,32,49,39,24,16,4,25,6,1,2026,"YES","away"
"2146",22501044,"2026-03-23","regular",1610612742,"DAL","DAL","GSW",53,131,51,87,58.6,16,36,44.4,13,20,65,5,21,26,37,23,13,3,23,-6,0,2026,"NO","home"
"2147",22501045,"2026-03-23","regular",1610612757,"POR","POR","BKN",48,134,44,80,55,18,38,47.4,28,40,70,8,37,45,28,24,10,8,24,35,1,2026,"YES","home"
"2148",22501045,"2026-03-23","regular",1610612751,"BKN","POR","BKN",48,99,33,80,41.3,8,29,27.6,25,29,86.2,6,26,32,22,22,11,3,33,-35,0,2026,"NO","away"
"2149",22501046,"2026-03-23","regular",1610612746,"LAC","LAC","MIL",48,129,47,81,58,17,38,44.7,18,18,100,4,30,34,30,12,13,6,18,33,1,2026,"YES","home"
"2150",22501046,"2026-03-23","regular",1610612749,"MIL","LAC","MIL",48,96,37,84,44,16,41,39,6,9,66.7,11,27,38,29,23,6,2,17,-33,0,2026,"NO","away"
"2151",22501047,"2026-03-24","regular",1610612766,"CHA","CHA","SAC",48,134,48,94,51.1,26,55,47.3,12,16,75,12,45,57,32,15,7,5,16,44,1,2026,"YES","home"
"2152",22501047,"2026-03-24","regular",1610612758,"SAC","CHA","SAC",48,90,37,91,40.7,9,28,32.1,7,11,63.6,10,25,35,27,12,4,3,15,-44,0,2026,"NO","away"
"2153",22501048,"2026-03-24","regular",1610612752,"NYK","NYK","NOP",48,121,44,85,51.8,13,33,39.4,20,22,90.9,9,32,41,29,11,5,4,18,5,1,2026,"YES","home"
"2154",22501048,"2026-03-24","regular",1610612740,"NOP","NYK","NOP",48,116,45,88,51.1,15,34,44.1,11,13,84.6,6,28,34,33,7,5,3,19,-5,0,2026,"NO","away"
"2155",22501049,"2026-03-24","regular",1610612739,"CLE","CLE","ORL",48,136,49,81,60.5,12,30,40,26,29,89.7,6,27,33,24,8,7,4,22,5,1,2026,"YES","home"
"2156",22501049,"2026-03-24","regular",1610612753,"ORL","CLE","ORL",48,131,41,84,48.8,14,39,35.9,35,38,92.1,13,26,39,27,10,6,2,23,-5,0,2026,"NO","away"
"2157",22501050,"2026-03-24","regular",1610612743,"DEN","PHX","DEN",48,125,45,88,51.1,13,32,40.6,22,30,73.3,14,36,50,35,10,2,2,27,2,1,2026,"YES","away"
"2158",22501050,"2026-03-24","regular",1610612756,"PHX","PHX","DEN",48,123,39,89,43.8,17,47,36.2,28,37,75.7,10,31,41,24,3,6,5,20,-2,0,2026,"NO","home"
"2159",22501051,"2026-03-25","regular",1610612737,"ATL","DET","ATL",53,130,50,105,47.6,18,52,34.6,12,17,70.6,18,32,50,31,20,8,1,19,1,1,2026,"YES","away"
"2160",22501051,"2026-03-25","regular",1610612765,"DET","DET","ATL",53,129,52,102,51,9,33,27.3,16,19,84.2,14,29,43,33,14,12,5,20,-1,0,2026,"NO","home"
"2161",22501052,"2026-03-25","regular",1610612747,"LAL","IND","LAL",48,137,50,89,56.2,9,23,39.1,28,34,82.4,7,32,39,30,14,15,4,22,7,1,2026,"YES","away"
"2162",22501052,"2026-03-25","regular",1610612754,"IND","IND","LAL",48,130,48,86,55.8,16,39,41,18,23,78.3,5,29,34,35,18,7,2,25,-7,0,2026,"NO","home"
"2163",22501053,"2026-03-25","regular",1610612755,"PHI","PHI","CHI",48,157,57,103,55.3,22,47,46.8,21,28,75,9,36,45,34,8,9,10,24,20,1,2026,"YES","home"
"2164",22501053,"2026-03-25","regular",1610612741,"CHI","PHI","CHI",48,137,48,98,49,15,47,31.9,26,31,83.9,10,38,48,30,14,3,3,21,-20,0,2026,"NO","away"
"2165",22501054,"2026-03-25","regular",1610612738,"BOS","BOS","OKC",48,119,38,81,46.9,18,41,43.9,25,29,86.2,7,36,43,25,13,5,4,21,10,1,2026,"YES","home"
"2166",22501054,"2026-03-25","regular",1610612760,"OKC","BOS","OKC",48,109,38,80,47.5,12,37,32.4,21,26,80.8,4,31,35,17,7,7,3,22,-10,0,2026,"NO","away"
"2167",22501055,"2026-03-25","regular",1610612748,"MIA","CLE","MIA",48,120,42,81,51.9,18,45,40,18,22,81.8,5,35,40,31,14,11,3,17,17,1,2026,"YES","away"
"2168",22501055,"2026-03-25","regular",1610612739,"CLE","CLE","MIA",48,103,35,81,43.2,12,37,32.4,21,24,87.5,8,32,40,26,14,4,1,21,-17,0,2026,"NO","home"
"2169",22501056,"2026-03-25","regular",1610612759,"SAS","MEM","SAS",48,123,46,89,51.7,16,46,34.8,15,22,68.2,13,46,59,36,15,7,9,17,25,1,2026,"YES","away"
"2170",22501056,"2026-03-25","regular",1610612763,"MEM","MEM","SAS",48,98,34,86,39.5,16,50,32,14,20,70,3,30,33,26,12,8,3,18,-25,0,2026,"NO","home"
"2171",22501057,"2026-03-25","regular",1610612764,"WAS","UTA","WAS",48,133,52,94,55.3,13,32,40.6,16,24,66.7,13,43,56,27,19,12,4,26,23,1,2026,"YES","away"
"2172",22501057,"2026-03-25","regular",1610612762,"UTA","UTA","WAS",48,110,45,96,46.9,7,29,24.1,13,25,52,11,29,40,34,15,11,8,17,-23,0,2026,"NO","home"
"2173",22501058,"2026-03-25","regular",1610612750,"MIN","MIN","HOU",53,110,45,108,41.7,13,37,35.1,7,10,70,16,33,49,27,17,11,12,23,2,1,2026,"YES","home"
"2174",22501058,"2026-03-25","regular",1610612745,"HOU","MIN","HOU",53,108,38,93,40.9,9,29,31,23,25,92,17,37,54,26,21,6,10,15,-2,0,2026,"NO","away"
"2175",22501059,"2026-03-25","regular",1610612743,"DEN","DEN","DAL",48,142,50,89,56.2,19,38,50,23,29,79.3,5,40,45,36,9,1,1,27,7,1,2026,"YES","home"
"2176",22501059,"2026-03-25","regular",1610612742,"DAL","DEN","DAL",48,135,48,97,49.5,12,35,34.3,27,34,79.4,10,32,42,31,4,3,3,22,-7,0,2026,"NO","away"
"2177",22501060,"2026-03-25","regular",1610612744,"GSW","GSW","BKN",48,109,36,68,52.9,9,27,33.3,28,36,77.8,8,35,43,21,26,11,3,22,3,1,2026,"YES","home"
"2178",22501060,"2026-03-25","regular",1610612751,"BKN","GSW","BKN",48,106,39,81,48.1,12,33,36.4,16,21,76.2,5,22,27,24,17,17,2,30,-3,0,2026,"NO","away"
"2179",22501061,"2026-03-25","regular",1610612757,"POR","POR","MIL",48,130,42,80,52.5,19,41,46.3,27,33,81.8,15,39,54,30,21,11,11,13,31,1,2026,"YES","home"
"2180",22501061,"2026-03-25","regular",1610612749,"MIL","POR","MIL",48,99,36,89,40.4,14,45,31.1,13,20,65,13,21,34,22,17,12,3,25,-31,0,2026,"NO","away"
"2181",22501062,"2026-03-25","regular",1610612746,"LAC","LAC","TOR",48,119,42,82,51.2,16,35,45.7,19,24,79.2,10,39,49,24,11,7,12,14,25,1,2026,"YES","home"
"2182",22501062,"2026-03-25","regular",1610612761,"TOR","LAC","TOR",48,94,40,96,41.7,10,29,34.5,4,11,36.4,15,31,46,28,11,8,4,20,-25,0,2026,"NO","away"
"2183",22501063,"2026-03-26","regular",1610612766,"CHA","CHA","NYK",48,114,41,78,52.6,16,41,39,16,20,80,12,31,43,28,18,5,4,19,11,1,2026,"YES","home"
"2184",22501063,"2026-03-26","regular",1610612752,"NYK","CHA","NYK",48,103,42,82,51.2,11,29,37.9,8,9,88.9,5,19,24,26,10,8,2,21,-11,0,2026,"NO","away"
"2185",22501064,"2026-03-26","regular",1610612765,"DET","DET","NOP",48,129,48,85,56.5,15,28,53.6,18,23,78.3,8,37,45,34,19,9,6,18,21,1,2026,"YES","home"
"2186",22501064,"2026-03-26","regular",1610612740,"NOP","DET","NOP",48,108,44,95,46.3,9,25,36,11,24,45.8,16,26,42,26,15,12,7,20,-21,0,2026,"NO","away"
"2187",22501065,"2026-03-26","regular",1610612753,"ORL","ORL","SAC",48,121,40,74,54.1,13,27,48.1,28,32,87.5,7,29,36,22,12,2,2,14,4,1,2026,"YES","home"
"2188",22501065,"2026-03-26","regular",1610612758,"SAC","ORL","SAC",48,117,45,88,51.1,14,33,42.4,13,16,81.3,9,26,35,30,11,7,3,24,-4,0,2026,"NO","away"
"2189",22501066,"2026-03-27","regular",1610612746,"LAC","IND","LAC",48,114,41,96,42.7,13,34,38.2,19,27,70.4,16,30,46,20,12,12,4,19,1,1,2026,"YES","away"
"2190",22501066,"2026-03-27","regular",1610612754,"IND","IND","LAC",48,113,43,87,49.4,16,36,44.4,11,15,73.3,10,35,45,34,20,6,4,24,-1,0,2026,"NO","home"
"2191",22501067,"2026-03-27","regular",1610612738,"BOS","BOS","ATL",48,109,38,81,46.9,14,35,40,19,23,82.6,13,39,52,26,16,0,4,20,7,1,2026,"YES","home"
"2192",22501067,"2026-03-27","regular",1610612737,"ATL","BOS","ATL",48,102,34,87,39.1,15,42,35.7,19,24,79.2,10,25,35,23,4,6,4,21,-7,0,2026,"NO","away"
"2193",22501068,"2026-03-27","regular",1610612739,"CLE","CLE","MIA",48,149,52,97,53.6,19,41,46.3,26,31,83.9,7,39,46,38,10,9,1,26,21,1,2026,"YES","home"
"2194",22501068,"2026-03-27","regular",1610612748,"MIA","CLE","MIA",48,128,40,91,44,15,46,32.6,33,38,86.8,11,34,45,25,13,5,4,22,-21,0,2026,"NO","away"
"2195",22501069,"2026-03-27","regular",1610612745,"HOU","MEM","HOU",48,119,44,93,47.3,12,33,36.4,19,26,73.1,21,36,57,30,14,9,7,14,10,1,2026,"YES","away"
"2196",22501069,"2026-03-27","regular",1610612763,"MEM","MEM","HOU",48,109,40,91,44,13,37,35.1,16,18,88.9,14,25,39,28,11,11,3,20,-10,0,2026,"NO","home"
"2197",22501070,"2026-03-27","regular",1610612760,"OKC","OKC","CHI",48,131,47,101,46.5,14,45,31.1,23,31,74.2,15,43,58,29,10,9,9,19,18,1,2026,"YES","home"
"2198",22501070,"2026-03-27","regular",1610612741,"CHI","OKC","CHI",48,113,41,98,41.8,15,47,31.9,16,21,76.2,10,37,47,25,12,4,5,21,-18,0,2026,"NO","away"
"2199",22501071,"2026-03-27","regular",1610612761,"TOR","TOR","NOP",48,119,48,93,51.6,10,28,35.7,13,18,72.2,13,33,46,36,14,8,8,24,13,1,2026,"YES","home"
"2200",22501071,"2026-03-27","regular",1610612740,"NOP","TOR","NOP",48,106,39,93,41.9,7,28,25,21,25,84,15,28,43,21,14,7,8,18,-13,0,2026,"NO","away"
"2201",22501072,"2026-03-27","regular",1610612743,"DEN","DEN","UTA",48,135,45,95,47.4,19,48,39.6,26,32,81.3,15,35,50,34,15,5,4,17,6,1,2026,"YES","home"
"2202",22501072,"2026-03-27","regular",1610612762,"UTA","DEN","UTA",48,129,53,95,55.8,9,33,27.3,14,19,73.7,9,34,43,34,10,10,4,24,-6,0,2026,"NO","away"
"2203",22501073,"2026-03-27","regular",1610612744,"GSW","GSW","WAS",48,131,44,85,51.8,19,44,43.2,24,31,77.4,9,34,43,32,12,5,3,14,5,1,2026,"YES","home"
"2204",22501073,"2026-03-27","regular",1610612764,"WAS","GSW","WAS",48,126,50,95,52.6,18,42,42.9,8,10,80,5,33,38,29,11,5,3,23,-5,0,2026,"NO","away"
"2205",22501074,"2026-03-27","regular",1610612742,"DAL","POR","DAL",48,100,36,81,44.4,7,24,29.2,21,30,70,7,30,37,24,17,12,5,22,7,1,2026,"YES","away"
"2206",22501074,"2026-03-27","regular",1610612757,"POR","POR","DAL",48,93,31,79,39.2,8,30,26.7,23,33,69.7,14,34,48,16,25,8,7,23,-7,0,2026,"NO","home"
"2207",22501075,"2026-03-27","regular",1610612747,"LAL","LAL","BKN",48,116,38,70,54.3,11,25,44,29,42,69,6,42,48,18,15,9,9,16,17,1,2026,"YES","home"
"2208",22501075,"2026-03-27","regular",1610612751,"BKN","LAL","BKN",48,99,40,96,41.7,10,39,25.6,9,15,60,12,27,39,24,14,11,2,28,-17,0,2026,"NO","away"
"2209",22501076,"2026-03-28","regular",1610612759,"SAS","MIL","SAS",48,127,49,89,55.1,14,35,40,15,20,75,9,32,41,35,11,13,2,6,32,1,2026,"YES","away"
"2210",22501076,"2026-03-28","regular",1610612749,"MIL","MIL","SAS",48,95,38,87,43.7,14,46,30.4,5,6,83.3,9,28,37,22,19,9,5,18,-32,0,2026,"NO","home"
"2211",22501077,"2026-03-28","regular",1610612755,"PHI","CHA","PHI",48,118,40,82,48.8,16,34,47.1,22,29,75.9,7,34,41,19,9,7,5,25,4,1,2026,"YES","away"
"2212",22501077,"2026-03-28","regular",1610612766,"CHA","CHA","PHI",48,114,36,96,37.5,17,55,30.9,25,32,78.1,21,32,53,18,9,4,1,22,-4,0,2026,"NO","home"
"2213",22501078,"2026-03-28","regular",1610612737,"ATL","ATL","SAC",48,123,45,89,50.6,16,41,39,17,22,77.3,13,27,40,34,13,10,3,12,10,1,2026,"YES","home"
"2214",22501078,"2026-03-28","regular",1610612758,"SAC","ATL","SAC",48,113,45,93,48.4,12,32,37.5,11,13,84.6,16,26,42,27,15,7,1,18,-10,0,2026,"NO","away"
"2215",22501079,"2026-03-28","regular",1610612763,"MEM","MEM","CHI",48,125,50,107,46.7,12,38,31.6,13,17,76.5,10,27,37,31,14,17,3,32,1,1,2026,"YES","home"
"2216",22501079,"2026-03-28","regular",1610612741,"CHI","MEM","CHI",48,124,41,82,50,10,33,30.3,32,43,74.4,10,43,53,26,23,8,11,20,-1,0,2026,"NO","away"
"2217",22501080,"2026-03-28","regular",1610612765,"DET","MIN","DET",48,109,43,82,52.4,10,26,38.5,13,17,76.5,10,42,52,28,20,11,9,24,22,1,2026,"YES","away"
"2218",22501080,"2026-03-28","regular",1610612750,"MIN","MIN","DET",48,87,27,85,31.8,9,43,20.9,24,33,72.7,13,25,38,18,15,8,4,13,-22,0,2026,"NO","home"
"2219",22501081,"2026-03-28","regular",1610612756,"PHX","PHX","UTA",48,134,52,104,50,17,53,32.1,13,21,61.9,21,39,60,29,13,8,6,17,25,1,2026,"YES","home"
"2220",22501081,"2026-03-28","regular",1610612762,"UTA","PHX","UTA",48,109,43,92,46.7,10,23,43.5,13,19,68.4,11,31,42,30,14,8,4,18,-25,0,2026,"NO","away"
"2221",22501082,"2026-03-29","regular",1610612746,"LAC","MIL","LAC",48,127,45,77,58.4,13,30,43.3,24,28,85.7,7,32,39,27,16,14,4,19,14,1,2026,"YES","away"
"2222",22501082,"2026-03-29","regular",1610612749,"MIL","MIL","LAC",48,113,40,77,51.9,20,44,45.5,13,15,86.7,4,23,27,23,22,13,1,30,-14,0,2026,"NO","home"
"2223",22501083,"2026-03-29","regular",1610612754,"IND","IND","MIA",48,135,53,92,57.6,18,39,46.2,11,13,84.6,3,39,42,36,12,3,5,17,17,1,2026,"YES","home"
"2224",22501083,"2026-03-29","regular",1610612748,"MIA","IND","MIA",48,118,46,99,46.5,13,37,35.1,13,18,72.2,10,32,42,29,7,5,4,17,-17,0,2026,"NO","away"
"2225",22501084,"2026-03-29","regular",1610612751,"BKN","BKN","SAC",48,116,42,85,49.4,17,41,41.5,15,20,75,12,28,40,30,15,10,4,21,17,1,2026,"YES","home"
"2226",22501084,"2026-03-29","regular",1610612758,"SAC","BKN","SAC",48,99,36,84,42.9,10,32,31.3,17,25,68,12,31,43,21,15,7,3,23,-17,0,2026,"NO","away"
"2227",22501085,"2026-03-29","regular",1610612738,"BOS","CHA","BOS",48,114,42,83,50.6,14,34,41.2,16,22,72.7,8,31,39,23,7,6,3,18,15,1,2026,"YES","away"
"2228",22501085,"2026-03-29","regular",1610612766,"CHA","CHA","BOS",48,99,36,83,43.4,12,43,27.9,15,19,78.9,10,27,37,19,12,2,1,17,-15,0,2026,"NO","home"
"2229",22501086,"2026-03-29","regular",1610612761,"TOR","TOR","ORL",48,139,54,94,57.4,13,29,44.8,18,22,81.8,7,37,44,41,11,20,3,18,52,1,2026,"YES","home"
"2230",22501086,"2026-03-29","regular",1610612753,"ORL","TOR","ORL",48,87,31,82,37.8,9,38,23.7,16,19,84.2,9,27,36,20,28,4,1,20,-52,0,2026,"NO","away"
"2231",22501087,"2026-03-29","regular",1610612757,"POR","POR","WAS",48,123,44,86,51.2,12,36,33.3,23,32,71.9,11,38,49,24,14,8,10,24,35,1,2026,"YES","home"
"2232",22501087,"2026-03-29","regular",1610612764,"WAS","POR","WAS",48,88,32,87,36.8,5,22,22.7,19,22,86.4,9,30,39,16,16,7,2,28,-35,0,2026,"NO","away"
"2233",22501088,"2026-03-29","regular",1610612745,"HOU","NOP","HOU",48,134,49,105,46.7,18,44,40.9,18,21,85.7,22,37,59,33,8,9,8,17,32,1,2026,"YES","away"
"2234",22501088,"2026-03-29","regular",1610612740,"NOP","NOP","HOU",48,102,37,86,43,9,29,31,19,28,67.9,8,28,36,19,11,4,9,18,-32,0,2026,"NO","home"
"2235",22501089,"2026-03-29","regular",1610612760,"OKC","OKC","NYK",48,111,35,75,46.7,10,28,35.7,31,38,81.6,12,27,39,21,15,10,0,22,11,1,2026,"YES","home"
"2236",22501089,"2026-03-29","regular",1610612752,"NYK","OKC","NYK",48,100,36,82,43.9,15,35,42.9,13,17,76.5,15,26,41,19,19,8,3,25,-11,0,2026,"NO","away"
"2237",22501090,"2026-03-29","regular",1610612743,"DEN","DEN","GSW",48,116,43,86,50,19,40,47.5,11,12,91.7,6,34,40,31,12,11,4,18,23,1,2026,"YES","home"
"2238",22501090,"2026-03-29","regular",1610612744,"GSW","DEN","GSW",48,93,35,83,42.2,14,42,33.3,9,11,81.8,9,32,41,29,15,9,2,18,-23,0,2026,"NO","away"
"2239",22501091,"2026-03-30","regular",1610612748,"MIA","MIA","PHI",48,119,43,93,46.2,11,40,27.5,22,29,75.9,16,41,57,24,11,6,4,14,10,1,2026,"YES","home"
"2240",22501091,"2026-03-30","regular",1610612755,"PHI","MIA","PHI",48,109,40,96,41.7,12,38,31.6,17,19,89.5,9,33,42,26,10,3,5,22,-10,0,2026,"NO","away"
"2241",22501092,"2026-03-30","regular",1610612737,"ATL","ATL","BOS",48,112,43,92,46.7,15,38,39.5,11,15,73.3,9,36,45,28,11,7,6,21,10,1,2026,"YES","home"
"2242",22501092,"2026-03-30","regular",1610612738,"BOS","ATL","BOS",48,102,35,85,41.2,14,37,37.8,18,26,69.2,10,38,48,18,15,6,7,18,-10,0,2026,"NO","away"
"2243",22501093,"2026-03-30","regular",1610612756,"PHX","MEM","PHX",48,131,55,109,50.5,17,45,37.8,4,8,50,20,27,47,39,11,13,5,15,26,1,2026,"YES","away"
"2244",22501093,"2026-03-30","regular",1610612763,"MEM","MEM","PHX",48,105,38,75,50.7,11,30,36.7,18,20,90,6,27,33,26,23,5,5,13,-26,0,2026,"NO","home"
"2245",22501094,"2026-03-30","regular",1610612759,"SAS","SAS","CHI",48,129,49,96,51,14,34,41.2,17,24,70.8,16,39,55,31,12,8,4,14,15,1,2026,"YES","home"
"2246",22501094,"2026-03-30","regular",1610612741,"CHI","SAS","CHI",48,114,43,93,46.2,13,44,29.5,15,21,71.4,7,28,35,26,11,7,7,20,-15,0,2026,"NO","away"
"2247",22501095,"2026-03-30","regular",1610612750,"MIN","DAL","MIN",48,124,51,96,53.1,14,31,45.2,8,12,66.7,6,45,51,33,11,8,6,27,30,1,2026,"YES","away"
"2248",22501095,"2026-03-30","regular",1610612742,"DAL","DAL","MIN",48,94,31,89,34.8,7,29,24.1,25,34,73.5,14,39,53,21,15,6,3,14,-30,0,2026,"NO","home"
"2249",22501096,"2026-03-30","regular",1610612739,"CLE","UTA","CLE",48,122,47,90,52.2,6,32,18.8,22,27,81.5,11,38,49,33,12,9,7,17,9,1,2026,"YES","away"
"2250",22501096,"2026-03-30","regular",1610612762,"UTA","UTA","CLE",48,113,42,88,47.7,15,29,51.7,14,20,70,11,29,40,32,15,9,3,23,-9,0,2026,"NO","home"
"2251",22501097,"2026-03-30","regular",1610612760,"OKC","OKC","DET",53,114,38,81,46.9,10,34,29.4,28,32,87.5,6,36,42,17,18,9,6,24,4,1,2026,"YES","home"
"2252",22501097,"2026-03-30","regular",1610612765,"DET","OKC","DET",53,110,41,97,42.3,16,43,37.2,12,23,52.2,15,31,46,30,16,12,8,28,-4,0,2026,"NO","away"
"2253",22501098,"2026-03-30","regular",1610612747,"LAL","LAL","WAS",48,120,44,79,55.7,7,24,29.2,25,32,78.1,9,39,48,29,15,7,7,15,19,1,2026,"YES","home"
"2254",22501098,"2026-03-30","regular",1610612764,"WAS","LAL","WAS",48,101,41,93,44.1,7,35,20,12,16,75,5,28,33,25,9,11,2,22,-19,0,2026,"NO","away"
"2255",22500652,"2026-03-31","regular",1610612749,"MIL","MIL","DAL",48,123,41,92,44.6,20,54,37,21,26,80.8,12,47,59,28,18,7,9,19,24,1,2026,"YES","home"
"2256",22500652,"2026-03-31","regular",1610612742,"DAL","MIL","DAL",48,99,34,96,35.4,10,36,27.8,21,28,75,14,36,50,18,14,12,4,19,-24,0,2026,"NO","away"
"2257",22501099,"2026-03-31","regular",1610612753,"ORL","ORL","PHX",48,115,35,79,44.3,10,29,34.5,35,41,85.4,9,37,46,24,25,13,1,29,4,1,2026,"YES","home"
"2258",22501099,"2026-03-31","regular",1610612756,"PHX","ORL","PHX",48,111,35,88,39.8,14,46,30.4,27,35,77.1,11,30,41,24,20,9,4,32,-4,0,2026,"NO","away"
"2259",22501100,"2026-03-31","regular",1610612766,"CHA","BKN","CHA",48,117,41,87,47.1,12,39,30.8,23,25,92,13,34,47,28,13,7,4,22,31,1,2026,"YES","away"
"2260",22501100,"2026-03-31","regular",1610612751,"BKN","BKN","CHA",48,86,28,73,38.4,7,35,20,23,27,85.2,5,25,30,14,16,7,5,19,-31,0,2026,"NO","home"
"2261",22501101,"2026-03-31","regular",1610612765,"DET","DET","TOR",48,127,44,73,60.3,13,23,56.5,26,30,86.7,7,27,34,33,21,7,5,22,11,1,2026,"YES","home"
"2262",22501101,"2026-03-31","regular",1610612761,"TOR","DET","TOR",48,116,43,89,48.3,10,29,34.5,20,31,64.5,14,21,35,33,14,13,3,22,-11,0,2026,"NO","away"
"2263",22501102,"2026-03-31","regular",1610612745,"HOU","HOU","NYK",48,111,42,78,53.8,15,35,42.9,12,16,75,6,32,38,35,10,6,6,17,17,1,2026,"YES","home"
"2264",22501102,"2026-03-31","regular",1610612752,"NYK","HOU","NYK",48,94,36,85,42.4,10,34,29.4,12,16,75,12,29,41,22,11,5,2,16,-17,0,2026,"NO","away"
"2265",22501103,"2026-03-31","regular",1610612747,"LAL","LAL","CLE",48,127,45,83,54.2,13,31,41.9,24,26,92.3,8,29,37,26,12,9,4,19,14,1,2026,"YES","home"
"2266",22501103,"2026-03-31","regular",1610612739,"CLE","LAL","CLE",48,113,43,87,49.4,13,39,33.3,14,19,73.7,11,24,35,26,14,5,2,19,-14,0,2026,"NO","away"
"2267",22501104,"2026-03-31","regular",1610612757,"POR","LAC","POR",48,114,41,91,45.1,15,45,33.3,17,18,94.4,18,30,48,22,17,8,4,17,10,1,2026,"YES","away"
"2268",22501104,"2026-03-31","regular",1610612746,"LAC","LAC","POR",48,104,38,76,50,10,30,33.3,18,23,78.3,8,22,30,19,14,8,9,15,-10,0,2026,"NO","home"
"2269",22501003,"2026-04-01","regular",1610612752,"NYK","MEM","NYK",48,130,48,87,55.2,13,32,40.6,21,24,87.5,20,29,49,36,19,7,6,19,11,1,2026,"YES","away"
"2270",22501003,"2026-04-01","regular",1610612763,"MEM","MEM","NYK",48,119,39,76,51.3,16,36,44.4,25,30,83.3,6,14,20,27,14,10,4,22,-11,0,2026,"NO","home"
"2271",22501105,"2026-04-01","regular",1610612755,"PHI","WAS","PHI",48,153,61,99,61.6,17,35,48.6,14,16,87.5,10,31,41,37,11,9,2,18,22,1,2026,"YES","away"
"2272",22501105,"2026-04-01","regular",1610612764,"WAS","WAS","PHI",48,131,50,96,52.1,16,40,40,15,17,88.2,7,25,32,32,12,4,3,14,-22,0,2026,"NO","home"
"2273",22501106,"2026-04-01","regular",1610612738,"BOS","MIA","BOS",48,147,56,96,58.3,21,44,47.7,14,20,70,11,37,48,34,9,5,8,17,18,1,2026,"YES","away"
"2274",22501106,"2026-04-01","regular",1610612748,"MIA","MIA","BOS",48,129,44,95,46.3,24,47,51.1,17,23,73.9,12,25,37,27,9,5,4,16,-18,0,2026,"NO","home"
"2275",22501107,"2026-04-01","regular",1610612737,"ATL","ORL","ATL",48,130,47,92,51.1,15,37,40.5,21,27,77.8,11,40,51,27,17,15,6,29,29,1,2026,"YES","away"
"2276",22501107,"2026-04-01","regular",1610612753,"ORL","ORL","ATL",48,101,35,88,39.8,6,32,18.8,25,31,80.6,8,29,37,29,19,7,5,24,-29,0,2026,"NO","home"
"2277",22501108,"2026-04-01","regular",1610612758,"SAC","TOR","SAC",48,123,42,92,45.7,12,33,36.4,27,29,93.1,19,29,48,24,14,7,3,22,8,1,2026,"YES","away"
"2278",22501108,"2026-04-01","regular",1610612761,"TOR","TOR","SAC",48,115,42,77,54.5,9,23,39.1,22,32,68.8,5,27,32,33,11,9,5,21,-8,0,2026,"NO","home"
"2279",22501109,"2026-04-01","regular",1610612754,"IND","CHI","IND",48,145,58,102,56.9,20,48,41.7,9,10,90,9,32,41,49,14,14,5,22,19,1,2026,"YES","away"
"2280",22501109,"2026-04-01","regular",1610612741,"CHI","CHI","IND",48,126,47,97,48.5,13,39,33.3,19,26,73.1,14,32,46,22,20,6,4,14,-19,0,2026,"NO","home"
"2281",22501110,"2026-04-01","regular",1610612745,"HOU","HOU","MIL",48,119,41,87,47.1,18,42,42.9,19,22,86.4,12,30,42,30,8,7,4,13,6,1,2026,"YES","home"
"2282",22501110,"2026-04-01","regular",1610612749,"MIL","HOU","MIL",48,113,42,89,47.2,17,40,42.5,12,16,75,15,30,45,21,15,3,1,16,-6,0,2026,"NO","away"
"2283",22501112,"2026-04-01","regular",1610612743,"DEN","UTA","DEN",48,130,44,91,48.4,16,39,41,26,31,83.9,12,41,53,30,14,9,4,18,13,1,2026,"YES","away"
"2284",22501112,"2026-04-01","regular",1610612762,"UTA","UTA","DEN",48,117,44,95,46.3,12,37,32.4,17,25,68,12,32,44,32,12,7,4,22,-13,0,2026,"NO","home"
"2285",22501113,"2026-04-01","regular",1610612759,"SAS","GSW","SAS",48,127,44,93,47.3,15,47,31.9,24,30,80,13,35,48,34,15,8,6,20,14,1,2026,"YES","away"
"2286",22501113,"2026-04-01","regular",1610612744,"GSW","GSW","SAS",48,113,42,86,48.8,14,35,40,15,18,83.3,7,32,39,29,15,6,3,26,-14,0,2026,"NO","home"
"2287",22501114,"2026-04-02","regular",1610612766,"CHA","CHA","PHX",48,127,48,93,51.6,18,49,36.7,13,15,86.7,11,36,47,27,13,7,4,19,20,1,2026,"YES","home"
"2288",22501114,"2026-04-02","regular",1610612756,"PHX","CHA","PHX",48,107,42,91,46.2,16,39,41,7,10,70,9,22,31,22,12,4,5,21,-20,0,2026,"NO","away"
"2289",22501115,"2026-04-02","regular",1610612765,"DET","DET","MIN",48,113,41,86,47.7,10,23,43.5,21,29,72.4,9,39,48,29,15,7,7,19,5,1,2026,"YES","home"
"2290",22501115,"2026-04-02","regular",1610612750,"MIN","DET","MIN",48,108,38,86,44.2,13,42,31,19,25,76,5,35,40,22,14,8,8,20,-5,0,2026,"NO","away"
"2291",22501116,"2026-04-02","regular",1610612760,"OKC","OKC","LAL",48,139,55,102,53.9,19,42,45.2,10,13,76.9,13,37,50,32,10,12,5,18,43,1,2026,"YES","home"
"2292",22501116,"2026-04-02","regular",1610612747,"LAL","OKC","LAL",48,96,34,79,43,7,30,23.3,21,27,77.8,8,30,38,20,18,8,5,10,-43,0,2026,"NO","away"
"2293",22501117,"2026-04-02","regular",1610612739,"CLE","GSW","CLE",48,118,42,82,51.2,16,36,44.4,18,26,69.2,10,36,46,28,15,7,1,14,7,1,2026,"YES","away"
"2294",22501117,"2026-04-02","regular",1610612744,"GSW","GSW","CLE",48,111,41,94,43.6,12,44,27.3,17,20,85,12,34,46,25,12,11,5,20,-7,0,2026,"NO","home"
"2295",22501118,"2026-04-02","regular",1610612757,"POR","POR","NOP",48,118,42,92,45.7,20,51,39.2,14,18,77.8,14,31,45,27,16,11,7,17,12,1,2026,"YES","home"
"2296",22501118,"2026-04-02","regular",1610612740,"NOP","POR","NOP",48,106,38,84,45.2,9,23,39.1,21,26,80.8,12,32,44,25,19,9,5,21,-12,0,2026,"NO","away"
"2297",22501119,"2026-04-02","regular",1610612759,"SAS","LAC","SAS",48,118,47,88,53.4,12,31,38.7,12,14,85.7,10,38,48,30,16,7,2,21,19,1,2026,"YES","away"
"2298",22501119,"2026-04-02","regular",1610612746,"LAC","LAC","SAS",48,99,40,93,43,5,27,18.5,14,18,77.8,10,28,38,20,10,8,3,18,-19,0,2026,"NO","home"
"2299",22501120,"2026-04-03","regular",1610612766,"CHA","CHA","IND",48,129,46,96,47.9,24,49,49,13,15,86.7,12,36,48,31,10,8,7,18,21,1,2026,"YES","home"
"2300",22501120,"2026-04-03","regular",1610612754,"IND","CHA","IND",48,108,43,93,46.2,15,36,41.7,7,10,70,11,34,45,29,12,5,1,18,-21,0,2026,"NO","away"
"2301",22501121,"2026-04-03","regular",1610612755,"PHI","PHI","MIN",48,115,41,82,50,9,26,34.6,24,28,85.7,9,44,53,27,16,7,12,16,12,1,2026,"YES","home"
"2302",22501121,"2026-04-03","regular",1610612750,"MIN","PHI","MIN",48,103,38,101,37.6,14,43,32.6,13,20,65,13,30,43,21,12,8,4,21,-12,0,2026,"NO","away"
"2303",22501122,"2026-04-03","regular",1610612737,"ATL","BKN","ATL",48,141,51,90,56.7,20,39,51.3,19,24,79.2,8,33,41,36,13,11,9,18,34,1,2026,"YES","away"
"2304",22501122,"2026-04-03","regular",1610612751,"BKN","BKN","ATL",48,107,39,79,49.4,12,28,42.9,17,20,85,3,30,33,24,20,10,4,21,-34,0,2026,"NO","home"
"2305",22501123,"2026-04-03","regular",1610612752,"NYK","NYK","CHI",48,136,48,91,52.7,15,39,38.5,25,28,89.3,13,41,54,30,9,11,3,21,40,1,2026,"YES","home"
"2306",22501123,"2026-04-03","regular",1610612741,"CHI","NYK","CHI",48,96,35,81,43.2,11,35,31.4,15,26,57.7,9,27,36,24,16,4,2,23,-40,0,2026,"NO","away"
"2307",22501124,"2026-04-03","regular",1610612745,"HOU","HOU","UTA",48,140,51,92,55.4,15,32,46.9,23,30,76.7,10,36,46,30,11,8,5,18,34,1,2026,"YES","home"
"2308",22501124,"2026-04-03","regular",1610612762,"UTA","HOU","UTA",48,106,43,96,44.8,5,27,18.5,15,22,68.2,17,28,45,22,13,7,4,21,-34,0,2026,"NO","away"
"2309",22501125,"2026-04-03","regular",1610612761,"TOR","MEM","TOR",48,128,44,84,52.4,9,24,37.5,31,41,75.6,17,34,51,31,16,10,6,21,32,1,2026,"YES","away"
"2310",22501125,"2026-04-03","regular",1610612763,"MEM","MEM","TOR",48,96,34,85,40,11,42,26.2,17,26,65.4,13,25,38,14,20,6,3,31,-32,0,2026,"NO","home"
"2311",22501126,"2026-04-03","regular",1610612738,"BOS","MIL","BOS",48,133,50,89,56.2,17,37,45.9,16,19,84.2,10,38,48,33,9,7,4,13,32,1,2026,"YES","away"
"2312",22501126,"2026-04-03","regular",1610612749,"MIL","MIL","BOS",48,101,35,83,42.2,21,47,44.7,10,13,76.9,8,22,30,24,13,5,4,21,-32,0,2026,"NO","home"
"2313",22501127,"2026-04-03","regular",1610612753,"ORL","DAL","ORL",48,138,47,84,56,14,26,53.8,30,37,81.1,7,36,43,35,17,10,1,25,11,1,2026,"YES","away"
"2314",22501127,"2026-04-03","regular",1610612742,"DAL","DAL","ORL",48,127,44,95,46.3,14,42,33.3,25,31,80.6,11,30,41,25,13,9,5,24,-11,0,2026,"NO","home"
"2315",22501128,"2026-04-03","regular",1610612758,"SAC","SAC","NOP",48,117,46,90,51.1,10,33,30.3,15,20,75,12,34,46,29,15,7,6,16,4,1,2026,"YES","home"
"2316",22501128,"2026-04-03","regular",1610612740,"NOP","SAC","NOP",48,113,40,84,47.6,14,34,41.2,19,21,90.5,7,29,36,24,13,12,3,18,-4,0,2026,"NO","away"
"2317",22501129,"2026-04-04","regular",1610612748,"MIA","MIA","WAS",48,152,54,93,58.1,17,39,43.6,27,34,79.4,10,39,49,42,15,6,11,17,16,1,2026,"YES","home"
"2318",22501129,"2026-04-04","regular",1610612764,"WAS","MIA","WAS",48,136,50,106,47.2,17,40,42.5,19,24,79.2,17,27,44,28,9,12,5,25,-16,0,2026,"NO","away"
"2319",22501130,"2026-04-04","regular",1610612743,"DEN","DEN","SAS",53,136,49,101,48.5,19,46,41.3,19,22,86.4,8,36,44,34,6,5,6,22,2,1,2026,"YES","home"
"2320",22501130,"2026-04-04","regular",1610612759,"SAS","DEN","SAS",53,134,47,101,46.5,15,45,33.3,25,27,92.6,12,38,50,29,11,5,6,22,-2,0,2026,"NO","away"
"2321",22501131,"2026-04-04","regular",1610612765,"DET","PHI","DET",48,116,43,87,49.4,11,28,39.3,19,24,79.2,16,29,45,33,12,12,4,15,23,1,2026,"YES","away"
"2322",22501131,"2026-04-04","regular",1610612755,"PHI","PHI","DET",48,93,35,79,44.3,8,29,27.6,15,19,78.9,10,23,33,17,15,8,2,17,-23,0,2026,"NO","home"
"2323",22501132,"2026-04-05","regular",1610612738,"BOS","BOS","TOR",48,115,47,88,53.4,8,28,28.6,13,16,81.3,12,32,44,25,18,10,3,19,14,1,2026,"YES","home"
"2324",22501132,"2026-04-05","regular",1610612761,"TOR","BOS","TOR",48,101,40,84,47.6,8,20,40,13,18,72.2,6,25,31,31,15,6,4,16,-14,0,2026,"NO","away"
"2325",22501133,"2026-04-05","regular",1610612751,"BKN","BKN","WAS",48,121,43,88,48.9,15,40,37.5,20,23,87,10,25,35,29,11,11,9,19,6,1,2026,"YES","home"
"2326",22501133,"2026-04-05","regular",1610612764,"WAS","BKN","WAS",48,115,44,79,55.7,9,25,36,18,28,64.3,11,30,41,20,23,9,3,18,-6,0,2026,"NO","away"
"2327",22501134,"2026-04-05","regular",1610612756,"PHX","CHI","PHX",48,120,45,89,50.6,13,32,40.6,17,22,77.3,11,30,41,22,16,10,6,22,10,1,2026,"YES","away"
"2328",22501134,"2026-04-05","regular",1610612741,"CHI","CHI","PHX",48,110,41,91,45.1,10,39,25.6,18,23,78.3,14,32,46,26,19,10,2,23,-10,0,2026,"NO","home"
"2329",22501135,"2026-04-05","regular",1610612749,"MIL","MIL","MEM",48,131,50,83,60.2,16,32,50,15,24,62.5,11,33,44,30,20,11,5,19,16,1,2026,"YES","home"
"2330",22501135,"2026-04-05","regular",1610612763,"MEM","MIL","MEM",48,115,38,92,41.3,17,46,37,22,28,78.6,15,23,38,25,14,13,1,21,-16,0,2026,"NO","away"
"2331",22501136,"2026-04-05","regular",1610612739,"CLE","CLE","IND",48,117,43,92,46.7,16,47,34,15,19,78.9,9,37,46,26,10,8,6,20,9,1,2026,"YES","home"
"2332",22501136,"2026-04-05","regular",1610612754,"IND","CLE","IND",48,108,33,86,38.4,17,44,38.6,25,29,86.2,12,31,43,28,10,7,1,15,-9,0,2026,"NO","away"
"2333",22501137,"2026-04-05","regular",1610612766,"CHA","MIN","CHA",48,122,45,92,48.9,19,45,42.2,13,15,86.7,16,30,46,31,15,8,2,20,14,1,2026,"YES","away"
"2334",22501137,"2026-04-05","regular",1610612750,"MIN","MIN","CHA",48,108,38,83,45.8,14,38,36.8,18,23,78.3,13,26,39,24,18,8,4,18,-14,0,2026,"NO","home"
"2335",22501138,"2026-04-05","regular",1610612753,"ORL","NOP","ORL",48,112,40,93,43,7,33,21.2,25,36,69.4,16,41,57,27,13,6,5,23,4,1,2026,"YES","away"
"2336",22501138,"2026-04-05","regular",1610612740,"NOP","NOP","ORL",48,108,35,84,41.7,10,31,32.3,28,36,77.8,9,38,47,18,15,7,8,27,-4,0,2026,"NO","home"
"2337",22501139,"2026-04-05","regular",1610612760,"OKC","OKC","UTA",48,146,54,92,58.7,24,45,53.3,14,16,87.5,8,38,46,40,16,8,8,13,35,1,2026,"YES","home"
"2338",22501139,"2026-04-05","regular",1610612762,"UTA","OKC","UTA",48,111,43,100,43,14,39,35.9,11,15,73.3,14,29,43,29,16,11,3,13,-35,0,2026,"NO","away"
"2339",22501140,"2026-04-05","regular",1610612742,"DAL","DAL","LAL",48,134,46,88,52.3,14,32,43.8,28,36,77.8,8,30,38,27,7,11,5,22,6,1,2026,"YES","home"
"2340",22501140,"2026-04-05","regular",1610612747,"LAL","DAL","LAL",48,128,47,91,51.6,8,27,29.6,26,33,78.8,11,38,49,36,12,6,1,23,-6,0,2026,"NO","away"
"2341",22501141,"2026-04-05","regular",1610612746,"LAC","SAC","LAC",48,138,49,92,53.3,20,41,48.8,20,21,95.2,10,27,37,30,15,15,1,20,29,1,2026,"YES","away"
"2342",22501141,"2026-04-05","regular",1610612758,"SAC","SAC","LAC",48,109,45,85,52.9,9,32,28.1,10,20,50,12,30,42,25,20,9,8,19,-29,0,2026,"NO","home"
"2343",22501142,"2026-04-05","regular",1610612745,"HOU","GSW","HOU",48,117,44,80,55,13,29,44.8,16,19,84.2,8,30,38,30,14,4,7,16,1,1,2026,"YES","away"
"2344",22501142,"2026-04-05","regular",1610612744,"GSW","GSW","HOU",48,116,42,84,50,14,40,35,18,20,90,6,25,31,34,10,7,3,19,-1,0,2026,"NO","home"
"2345",22501143,"2026-04-06","regular",1610612752,"NYK","ATL","NYK",48,108,42,84,50,11,33,33.3,13,17,76.5,12,35,47,29,17,9,7,14,3,1,2026,"YES","away"
"2346",22501143,"2026-04-06","regular",1610612737,"ATL","ATL","NYK",48,105,38,95,40,16,42,38.1,13,17,76.5,19,29,48,23,15,7,4,18,-3,0,2026,"NO","home"
"2347",22501144,"2026-04-06","regular",1610612753,"ORL","ORL","DET",48,123,41,81,50.6,11,26,42.3,30,40,75,6,29,35,28,15,16,9,19,16,1,2026,"YES","home"
"2348",22501144,"2026-04-06","regular",1610612765,"DET","ORL","DET",48,107,42,85,49.4,10,30,33.3,13,19,68.4,8,27,35,32,21,10,7,24,-16,0,2026,"NO","away"
"2349",22501145,"2026-04-06","regular",1610612739,"CLE","MEM","CLE",48,142,52,89,58.4,12,32,37.5,26,37,70.3,13,35,48,36,13,12,5,11,16,1,2026,"YES","away"
"2350",22501145,"2026-04-06","regular",1610612763,"MEM","MEM","CLE",48,126,45,94,47.9,29,59,49.2,7,10,70,8,23,31,32,13,7,4,27,-16,0,2026,"NO","home"
"2351",22501146,"2026-04-06","regular",1610612759,"SAS","SAS","PHI",48,115,44,89,49.4,11,32,34.4,16,22,72.7,9,38,47,31,11,8,5,23,13,1,2026,"YES","home"
"2352",22501146,"2026-04-06","regular",1610612755,"PHI","SAS","PHI",48,102,34,88,38.6,10,31,32.3,24,29,82.8,17,31,48,17,12,7,5,21,-13,0,2026,"NO","away"
"2353",22501147,"2026-04-06","regular",1610612743,"DEN","DEN","POR",53,137,52,101,51.5,12,38,31.6,21,24,87.5,17,28,45,37,12,10,5,26,5,1,2026,"YES","home"
"2354",22501147,"2026-04-06","regular",1610612757,"POR","DEN","POR",53,132,42,89,47.2,25,52,48.1,23,28,82.1,11,28,39,29,18,8,5,24,-5,0,2026,"NO","away"
"2355",22501148,"2026-04-07","regular",1610612741,"CHI","WAS","CHI",48,129,46,94,48.9,15,45,33.3,22,27,81.5,9,43,52,35,13,14,7,22,31,1,2026,"YES","away"
"2356",22501148,"2026-04-07","regular",1610612764,"WAS","WAS","CHI",48,98,37,86,43,11,38,28.9,13,21,61.9,8,38,46,22,22,8,7,19,-31,0,2026,"NO","home"
"2357",22501149,"2026-04-07","regular",1610612738,"BOS","BOS","CHA",48,113,43,87,49.4,17,42,40.5,10,12,83.3,13,32,45,22,14,6,2,13,11,1,2026,"YES","home"
"2358",22501149,"2026-04-07","regular",1610612766,"CHA","BOS","CHA",48,102,38,88,43.2,16,49,32.7,10,13,76.9,14,26,40,24,13,5,3,16,-11,0,2026,"NO","away"
"2359",22501150,"2026-04-07","regular",1610612751,"BKN","BKN","MIL",48,96,33,75,44,9,26,34.6,21,23,91.3,3,29,32,18,14,11,4,13,6,1,2026,"YES","home"
"2360",22501150,"2026-04-07","regular",1610612749,"MIL","BKN","MIL",48,90,35,81,43.2,15,45,33.3,5,8,62.5,9,35,44,25,20,6,7,20,-6,0,2026,"NO","away"
"2361",22501151,"2026-04-07","regular",1610612761,"TOR","TOR","MIA",48,121,49,99,49.5,12,28,42.9,11,16,68.8,15,41,56,34,12,9,5,19,26,1,2026,"YES","home"
"2362",22501151,"2026-04-07","regular",1610612748,"MIA","TOR","MIA",48,95,33,91,36.3,12,44,27.3,17,19,89.5,10,34,44,26,15,3,3,15,-26,0,2026,"NO","away"
"2363",22501152,"2026-04-07","regular",1610612750,"MIN","IND","MIN",48,124,46,89,51.7,17,41,41.5,15,16,93.8,10,29,39,27,20,16,4,22,20,1,2026,"YES","away"
"2364",22501152,"2026-04-07","regular",1610612754,"IND","IND","MIN",48,104,35,73,47.9,9,26,34.6,25,31,80.6,5,29,34,24,23,11,1,16,-20,0,2026,"NO","home"
"2365",22501153,"2026-04-07","regular",1610612740,"NOP","NOP","UTA",48,156,61,106,57.5,14,34,41.2,20,23,87,10,38,48,32,17,15,5,18,19,1,2026,"YES","home"
"2366",22501153,"2026-04-07","regular",1610612762,"UTA","NOP","UTA",48,137,53,104,51,10,32,31.3,21,24,87.5,10,31,41,38,16,12,1,18,-19,0,2026,"NO","away"
"2367",22501154,"2026-04-07","regular",1610612744,"GSW","GSW","SAC",48,110,37,82,45.1,17,38,44.7,19,24,79.2,13,26,39,27,17,10,5,15,5,1,2026,"YES","home"
"2368",22501154,"2026-04-07","regular",1610612758,"SAC","GSW","SAC",48,105,41,87,47.1,11,31,35.5,12,17,70.6,13,28,41,22,15,9,6,21,-5,0,2026,"NO","away"
"2369",22501155,"2026-04-07","regular",1610612760,"OKC","LAL","OKC",48,123,45,89,50.6,21,41,51.2,12,14,85.7,10,36,46,29,12,15,2,21,36,1,2026,"YES","away"
"2370",22501155,"2026-04-07","regular",1610612747,"LAL","LAL","OKC",48,87,32,73,43.8,9,26,34.6,14,31,45.2,8,30,38,26,17,7,3,12,-36,0,2026,"NO","home"
"2371",22501156,"2026-04-07","regular",1610612746,"LAC","LAC","DAL",48,116,41,92,44.6,14,37,37.8,20,28,71.4,12,44,56,23,15,6,9,18,13,1,2026,"YES","home"
"2372",22501156,"2026-04-07","regular",1610612742,"DAL","LAC","DAL",48,103,35,100,35,6,33,18.2,27,28,96.4,15,39,54,18,9,9,7,20,-13,0,2026,"NO","away"
"2373",22501157,"2026-04-07","regular",1610612745,"HOU","PHX","HOU",48,119,45,100,45,14,38,36.8,15,16,93.8,24,31,55,26,19,8,3,30,14,1,2026,"YES","away"
"2374",22501157,"2026-04-07","regular",1610612756,"PHX","PHX","HOU",48,105,32,75,42.7,7,31,22.6,34,39,87.2,10,24,34,15,19,10,7,20,-14,0,2026,"NO","home"
"2375",22501158,"2026-04-08","regular",1610612739,"CLE","CLE","ATL",48,122,41,88,46.6,12,33,36.4,28,35,80,10,37,47,22,11,6,6,14,6,1,2026,"YES","home"
"2376",22501158,"2026-04-08","regular",1610612737,"ATL","CLE","ATL",48,116,47,98,48,12,34,35.3,10,15,66.7,10,33,43,23,13,8,6,25,-6,0,2026,"NO","away"
"2377",22501159,"2026-04-08","regular",1610612753,"ORL","ORL","MIN",48,132,51,95,53.7,12,29,41.4,18,23,78.3,19,29,48,33,17,5,5,18,12,1,2026,"YES","home"
"2378",22501159,"2026-04-08","regular",1610612750,"MIN","ORL","MIN",48,120,45,90,50,18,44,40.9,12,14,85.7,9,24,33,22,16,10,7,20,-12,0,2026,"NO","away"
"2379",22501160,"2026-04-08","regular",1610612765,"DET","DET","MIL",48,137,48,84,57.1,14,30,46.7,27,30,90,15,31,46,38,12,9,10,21,26,1,2026,"YES","home"
"2380",22501160,"2026-04-08","regular",1610612749,"MIL","DET","MIL",48,111,36,86,41.9,17,50,34,22,28,78.6,13,19,32,26,16,5,4,24,-26,0,2026,"NO","away"
"2381",22501161,"2026-04-08","regular",1610612759,"SAS","SAS","POR",48,112,43,88,48.9,11,29,37.9,15,19,78.9,11,34,45,28,17,13,6,14,11,1,2026,"YES","home"
"2382",22501161,"2026-04-08","regular",1610612757,"POR","SAS","POR",48,101,42,93,45.2,12,37,32.4,5,10,50,11,32,43,26,16,9,5,15,-11,0,2026,"NO","away"
"2383",22501162,"2026-04-08","regular",1610612743,"DEN","DEN","MEM",48,136,53,90,58.9,14,36,38.9,16,21,76.2,9,43,52,31,12,6,5,20,17,1,2026,"YES","home"
"2384",22501162,"2026-04-08","regular",1610612763,"MEM","DEN","MEM",48,119,42,92,45.7,19,50,38,16,23,69.6,10,28,38,24,6,5,1,20,-17,0,2026,"NO","away"
"2385",22501163,"2026-04-08","regular",1610612760,"OKC","LAC","OKC",48,128,48,83,57.8,13,34,38.2,19,24,79.2,6,38,44,30,13,9,7,23,18,1,2026,"YES","away"
"2386",22501163,"2026-04-08","regular",1610612746,"LAC","LAC","OKC",48,110,40,86,46.5,14,32,43.8,16,24,66.7,10,26,36,27,13,9,3,18,-18,0,2026,"NO","home"
"2387",22501164,"2026-04-08","regular",1610612756,"PHX","PHX","DAL",48,112,42,91,46.2,14,35,40,14,17,82.4,12,34,46,20,10,5,8,16,5,1,2026,"YES","home"
"2388",22501164,"2026-04-08","regular",1610612742,"DAL","PHX","DAL",48,107,37,89,41.6,13,36,36.1,20,22,90.9,10,33,43,27,12,4,5,14,-5,0,2026,"NO","away"
"2389",22501165,"2026-04-09","regular",1610612761,"TOR","TOR","MIA",48,128,44,86,51.2,13,30,43.3,27,34,79.4,10,30,40,24,6,9,2,15,14,1,2026,"YES","home"
"2390",22501165,"2026-04-09","regular",1610612748,"MIA","TOR","MIA",48,114,46,82,56.1,14,35,40,8,14,57.1,6,28,34,35,15,1,3,25,-14,0,2026,"NO","away"
"2391",22501166,"2026-04-09","regular",1610612741,"CHI","WAS","CHI",48,119,43,93,46.2,9,30,30,24,25,96,13,38,51,26,16,12,4,21,11,1,2026,"YES","away"
"2392",22501166,"2026-04-09","regular",1610612764,"WAS","WAS","CHI",48,108,38,96,39.6,10,38,26.3,22,27,81.5,20,32,52,24,19,12,8,18,-11,0,2026,"NO","home"
"2393",22501167,"2026-04-09","regular",1610612754,"IND","BKN","IND",48,123,51,98,52,8,31,25.8,13,18,72.2,13,53,66,43,12,4,5,16,29,1,2026,"YES","away"
"2394",22501167,"2026-04-09","regular",1610612751,"BKN","BKN","IND",48,94,37,96,38.5,8,38,21.1,12,19,63.2,7,36,43,20,10,2,5,21,-29,0,2026,"NO","home"
"2395",22501168,"2026-04-09","regular",1610612752,"NYK","NYK","BOS",48,112,43,80,53.8,15,35,42.9,11,15,73.3,5,25,30,29,7,9,2,17,6,1,2026,"YES","home"
"2396",22501168,"2026-04-09","regular",1610612738,"BOS","NYK","BOS",48,106,38,84,45.2,16,43,37.2,14,16,87.5,13,29,42,23,11,4,1,16,-6,0,2026,"NO","away"
"2397",22501169,"2026-04-09","regular",1610612745,"HOU","HOU","PHI",48,113,42,93,45.2,11,32,34.4,18,26,69.2,16,37,53,21,15,12,1,18,11,1,2026,"YES","home"
"2398",22501169,"2026-04-09","regular",1610612755,"PHI","HOU","PHI",48,102,38,85,44.7,11,32,34.4,15,23,65.2,11,36,47,21,16,10,6,24,-11,0,2026,"NO","away"
"2399",22501170,"2026-04-09","regular",1610612747,"LAL","GSW","LAL",48,119,49,80,61.3,16,29,55.2,5,8,62.5,8,25,33,37,19,14,3,13,16,1,2026,"YES","away"
"2400",22501170,"2026-04-09","regular",1610612744,"GSW","GSW","LAL",48,103,41,81,50.6,9,30,30,12,12,100,15,23,38,24,19,8,2,6,-16,0,2026,"NO","home"
"2401",22501171,"2026-04-10","regular",1610612765,"DET","CHA","DET",48,118,45,89,50.6,9,27,33.3,19,26,73.1,16,33,49,29,15,13,8,20,18,1,2026,"YES","away"
"2402",22501171,"2026-04-10","regular",1610612766,"CHA","CHA","DET",48,100,34,88,38.6,13,47,27.7,19,23,82.6,14,27,41,16,16,10,8,17,-18,0,2026,"NO","home"
"2403",22501172,"2026-04-10","regular",1610612748,"MIA","WAS","MIA",48,140,49,82,59.8,20,37,54.1,22,26,84.6,9,31,40,37,19,8,1,20,23,1,2026,"YES","away"
"2404",22501172,"2026-04-10","regular",1610612764,"WAS","WAS","MIA",48,117,46,92,50,14,31,45.2,11,14,78.6,6,21,27,26,14,11,2,17,-23,0,2026,"NO","home"
"2405",22501173,"2026-04-10","regular",1610612737,"ATL","ATL","CLE",48,124,45,93,48.4,16,44,36.4,18,25,72,14,32,46,27,13,12,4,18,22,1,2026,"YES","home"
"2406",22501173,"2026-04-10","regular",1610612739,"CLE","ATL","CLE",48,102,39,86,45.3,7,27,25.9,17,18,94.4,9,31,40,25,19,8,6,20,-22,0,2026,"NO","away"
"2407",22501174,"2026-04-10","regular",1610612738,"BOS","BOS","NOP",48,144,52,96,54.2,29,59,49.2,11,15,73.3,9,35,44,35,14,9,5,26,26,1,2026,"YES","home"
"2408",22501174,"2026-04-10","regular",1610612740,"NOP","BOS","NOP",48,118,44,96,45.8,9,32,28.1,21,30,70,14,30,44,22,13,6,3,19,-26,0,2026,"NO","away"
"2409",22501175,"2026-04-10","regular",1610612755,"PHI","IND","PHI",48,105,42,104,40.4,5,29,17.2,16,19,84.2,16,42,58,17,8,13,2,14,11,1,2026,"YES","away"
"2410",22501175,"2026-04-10","regular",1610612754,"IND","IND","PHI",48,94,33,88,37.5,14,50,28,14,16,87.5,10,42,52,25,21,6,8,15,-11,0,2026,"NO","home"
"2411",22501176,"2026-04-10","regular",1610612752,"NYK","NYK","TOR",48,112,41,75,54.7,8,31,25.8,22,27,81.5,5,32,37,24,12,10,0,16,17,1,2026,"YES","home"
"2412",22501176,"2026-04-10","regular",1610612761,"TOR","NYK","TOR",48,95,36,73,49.3,10,25,40,13,20,65,7,25,32,24,18,7,0,24,-17,0,2026,"NO","away"
"2413",22501177,"2026-04-10","regular",1610612753,"ORL","CHI","ORL",48,127,49,94,52.1,13,37,35.1,16,24,66.7,12,35,47,33,15,12,6,22,24,1,2026,"YES","away"
"2414",22501177,"2026-04-10","regular",1610612741,"CHI","CHI","ORL",48,103,38,87,43.7,10,39,25.6,17,26,65.4,10,32,42,25,20,10,5,20,-24,0,2026,"NO","home"
"2415",22501178,"2026-04-10","regular",1610612750,"MIN","HOU","MIN",48,136,51,89,57.3,15,30,50,19,25,76,7,18,25,27,8,7,7,21,4,1,2026,"YES","away"
"2416",22501178,"2026-04-10","regular",1610612745,"HOU","HOU","MIN",48,132,53,87,60.9,4,19,21.1,22,28,78.6,11,28,39,29,13,4,8,18,-4,0,2026,"NO","home"
"2417",22501179,"2026-04-10","regular",1610612749,"MIL","MIL","BKN",48,125,45,81,55.6,24,48,50,11,16,68.8,8,36,44,36,17,5,7,15,17,1,2026,"YES","home"
"2418",22501179,"2026-04-10","regular",1610612751,"BKN","MIL","BKN",48,108,38,84,45.2,18,45,40,14,16,87.5,9,28,37,28,11,7,2,13,-17,0,2026,"NO","away"
"2419",22501180,"2026-04-10","regular",1610612759,"SAS","SAS","DAL",48,139,50,92,54.3,13,32,40.6,26,27,96.3,13,35,48,30,11,4,6,15,19,1,2026,"YES","home"
"2420",22501180,"2026-04-10","regular",1610612742,"DAL","SAS","DAL",48,120,45,98,45.9,15,40,37.5,15,19,78.9,14,21,35,26,7,7,6,19,-19,0,2026,"NO","away"
"2421",22501181,"2026-04-10","regular",1610612762,"UTA","UTA","MEM",48,147,62,110,56.4,15,35,42.9,8,17,47.1,12,52,64,43,16,16,5,9,46,1,2026,"YES","home"
"2422",22501181,"2026-04-10","regular",1610612763,"MEM","UTA","MEM",48,101,41,109,37.6,11,52,21.2,8,9,88.9,11,36,47,27,20,10,2,15,-46,0,2026,"NO","away"
"2423",22501182,"2026-04-10","regular",1610612743,"DEN","DEN","OKC",48,127,47,93,50.5,21,43,48.8,12,13,92.3,10,39,49,28,17,10,7,10,20,1,2026,"YES","home"
"2424",22501182,"2026-04-10","regular",1610612760,"OKC","DEN","OKC",48,107,42,99,42.4,14,44,31.8,9,12,75,15,31,46,25,13,11,1,15,-20,0,2026,"NO","away"
"2425",22501183,"2026-04-10","regular",1610612757,"POR","POR","LAC",48,116,37,83,44.6,12,39,30.8,30,35,85.7,14,32,46,23,15,12,7,15,19,1,2026,"YES","home"
"2426",22501183,"2026-04-10","regular",1610612746,"LAC","POR","LAC",48,97,36,83,43.4,13,40,32.5,12,12,100,10,25,35,17,17,6,3,27,-19,0,2026,"NO","away"
"2427",22501184,"2026-04-10","regular",1610612758,"SAC","SAC","GSW",48,124,41,89,46.1,17,44,38.6,25,34,73.5,16,33,49,25,16,10,6,21,6,1,2026,"YES","home"
"2428",22501184,"2026-04-10","regular",1610612744,"GSW","SAC","GSW",48,118,39,81,48.1,14,36,38.9,26,28,92.9,6,30,36,30,16,12,4,22,-6,0,2026,"NO","away"
"2429",22501185,"2026-04-10","regular",1610612747,"LAL","LAL","PHX",48,101,35,69,50.7,8,20,40,23,30,76.7,4,31,35,27,11,17,3,18,28,1,2026,"YES","home"
"2430",22501185,"2026-04-10","regular",1610612756,"PHX","LAL","PHX",48,73,26,77,33.8,7,40,17.5,14,21,66.7,18,29,47,17,23,8,1,18,-28,0,2026,"NO","away"
"2431",22501186,"2026-04-12","regular",1610612738,"BOS","BOS","ORL",48,113,36,87,41.4,19,50,38,22,22,100,8,38,46,24,17,10,6,23,5,1,2026,"YES","home"
"2432",22501186,"2026-04-12","regular",1610612753,"ORL","BOS","ORL",48,108,36,91,39.6,12,43,27.9,24,30,80,14,36,50,22,19,6,5,19,-5,0,2026,"NO","away"
"2433",22501187,"2026-04-12","regular",1610612739,"CLE","CLE","WAS",48,130,48,89,53.9,18,43,41.9,16,21,76.2,17,36,53,31,20,8,4,18,13,1,2026,"YES","home"
"2434",22501187,"2026-04-12","regular",1610612764,"WAS","CLE","WAS",48,117,42,90,46.7,18,41,43.9,15,19,78.9,7,23,30,29,13,10,2,21,-13,0,2026,"NO","away"
"2435",22501188,"2026-04-12","regular",1610612765,"DET","IND","DET",48,133,50,89,56.2,15,33,45.5,18,22,81.8,12,36,48,35,18,12,6,17,12,1,2026,"YES","away"
"2436",22501188,"2026-04-12","regular",1610612754,"IND","IND","DET",48,121,41,90,45.6,23,54,42.6,16,20,80,8,23,31,31,16,15,6,17,-12,0,2026,"NO","home"
"2437",22501189,"2026-04-12","regular",1610612748,"MIA","MIA","ATL",48,143,58,103,56.3,15,37,40.5,12,17,70.6,13,32,45,34,7,11,3,14,26,1,2026,"YES","home"
"2438",22501189,"2026-04-12","regular",1610612737,"ATL","MIA","ATL",48,117,44,93,47.3,17,44,38.6,12,18,66.7,13,33,46,31,17,3,2,17,-26,0,2026,"NO","away"
"2439",22501190,"2026-04-12","regular",1610612766,"CHA","NYK","CHA",48,110,39,85,45.9,19,52,36.5,13,17,76.5,12,34,46,27,18,7,7,13,14,1,2026,"YES","away"
"2440",22501190,"2026-04-12","regular",1610612752,"NYK","NYK","CHA",48,96,39,90,43.3,13,40,32.5,5,8,62.5,12,27,39,25,11,10,3,25,-14,0,2026,"NO","home"
"2441",22501191,"2026-04-12","regular",1610612755,"PHI","PHI","MIL",48,126,47,91,51.6,16,41,39,16,21,76.2,11,34,45,28,14,13,2,19,20,1,2026,"YES","home"
"2442",22501191,"2026-04-12","regular",1610612749,"MIL","PHI","MIL",48,106,39,90,43.3,13,47,27.7,15,22,68.2,12,33,45,26,19,8,2,15,-20,0,2026,"NO","away"
"2443",22501192,"2026-04-12","regular",1610612761,"TOR","TOR","BKN",48,136,51,80,63.8,12,27,44.4,22,29,75.9,3,40,43,36,10,9,8,20,35,1,2026,"YES","home"
"2444",22501192,"2026-04-12","regular",1610612751,"BKN","TOR","BKN",48,101,35,86,40.7,9,34,26.5,22,29,75.9,13,25,38,21,16,9,0,27,-35,0,2026,"NO","away"
"2445",22501193,"2026-04-12","regular",1610612742,"DAL","DAL","CHI",48,149,52,100,52,22,49,44.9,23,27,85.2,16,41,57,35,18,10,5,24,21,1,2026,"YES","home"
"2446",22501193,"2026-04-12","regular",1610612741,"CHI","DAL","CHI",48,128,52,106,49.1,10,38,26.3,14,19,73.7,13,29,42,30,13,12,3,20,-21,0,2026,"NO","away"
"2447",22501194,"2026-04-12","regular",1610612745,"HOU","HOU","MEM",48,132,48,105,45.7,14,49,28.6,22,30,73.3,21,43,64,23,11,10,8,10,31,1,2026,"YES","home"
"2448",22501194,"2026-04-12","regular",1610612763,"MEM","HOU","MEM",48,101,39,95,41.1,13,49,26.5,10,10,100,6,31,37,23,13,8,6,24,-31,0,2026,"NO","away"
"2449",22501195,"2026-04-12","regular",1610612750,"MIN","MIN","NOP",48,132,45,89,50.6,10,37,27,32,43,74.4,12,35,47,32,11,5,13,27,6,1,2026,"YES","home"
"2450",22501195,"2026-04-12","regular",1610612740,"NOP","MIN","NOP",48,126,45,107,42.1,5,21,23.8,31,38,81.6,20,32,52,20,9,9,6,28,-6,0,2026,"NO","away"
"2451",22501196,"2026-04-12","regular",1610612756,"PHX","OKC","PHX",48,135,56,101,55.4,20,41,48.8,3,6,50,13,41,54,28,13,5,8,9,32,1,2026,"YES","away"
"2452",22501196,"2026-04-12","regular",1610612760,"OKC","OKC","PHX",48,103,41,95,43.2,18,46,39.1,3,9,33.3,9,27,36,32,10,9,7,8,-32,0,2026,"NO","home"
"2453",22501197,"2026-04-12","regular",1610612743,"DEN","SAS","DEN",48,128,50,100,50,11,30,36.7,17,22,77.3,19,39,58,30,12,4,5,16,10,1,2026,"YES","away"
"2454",22501197,"2026-04-12","regular",1610612759,"SAS","SAS","DEN",48,118,45,99,45.5,15,47,31.9,13,18,72.2,14,31,45,27,9,5,5,18,-10,0,2026,"NO","home"
"2455",22501198,"2026-04-12","regular",1610612747,"LAL","LAL","UTA",48,131,51,93,54.8,15,34,44.1,14,17,82.4,11,38,49,37,17,12,6,20,24,1,2026,"YES","home"
"2456",22501198,"2026-04-12","regular",1610612762,"UTA","LAL","UTA",48,107,41,94,43.6,7,34,20.6,18,27,66.7,17,25,42,25,16,13,4,14,-24,0,2026,"NO","away"
"2457",22501199,"2026-04-12","regular",1610612746,"LAC","LAC","GSW",48,115,42,89,47.2,14,39,35.9,17,19,89.5,10,34,44,27,10,3,4,24,5,1,2026,"YES","home"
"2458",22501199,"2026-04-12","regular",1610612744,"GSW","LAC","GSW",48,110,36,86,41.9,11,39,28.2,27,32,84.4,16,31,47,24,10,3,3,21,-5,0,2026,"NO","away"
"2459",22501200,"2026-04-12","regular",1610612757,"POR","POR","SAC",48,122,47,101,46.5,16,46,34.8,12,15,80,18,28,46,28,12,9,3,21,12,1,2026,"YES","home"
"2460",22501200,"2026-04-12","regular",1610612758,"SAC","POR","SAC",48,110,40,83,48.2,7,21,33.3,23,31,74.2,15,32,47,24,17,7,8,18,-12,0,2026,"NO","away"
"2461",52500111,"2026-04-14","playin",1610612766,"CHA","CHA","MIA",53,127,50,113,44.2,18,56,32.1,9,9,100,17,37,54,26,8,4,7,21,1,1,2026,"YES","home"
"2462",52500111,"2026-04-14","playin",1610612748,"MIA","CHA","MIA",53,126,49,103,47.6,16,41,39,12,14,85.7,12,36,48,32,7,4,8,9,-1,0,2026,"NO","away"
"2463",52500121,"2026-04-14","playin",1610612757,"POR","PHX","POR",48,114,40,88,45.5,17,47,36.2,17,23,73.9,13,29,42,27,15,9,10,27,4,1,2026,"YES","away"
"2464",52500121,"2026-04-14","playin",1610612756,"PHX","PHX","POR",48,110,39,79,49.4,9,25,36,23,32,71.9,9,29,38,20,14,12,6,24,-4,0,2026,"NO","home"
"2465",52500101,"2026-04-15","playin",1610612755,"PHI","PHI","ORL",48,109,38,85,44.7,12,35,34.3,21,25,84,7,33,40,17,12,8,9,27,12,1,2026,"YES","home"
"2466",52500101,"2026-04-15","playin",1610612753,"ORL","PHI","ORL",48,97,33,81,40.7,7,27,25.9,24,31,77.4,9,32,41,19,15,5,4,21,-12,0,2026,"NO","away"
"2467",52500131,"2026-04-15","playin",1610612744,"GSW","LAC","GSW",48,126,47,83,56.6,19,41,46.3,13,21,61.9,10,26,36,29,20,12,3,19,5,1,2026,"YES","away"
"2468",52500131,"2026-04-15","playin",1610612746,"LAC","LAC","GSW",48,121,45,86,52.3,14,35,40,17,17,100,9,27,36,30,18,15,3,23,-5,0,2026,"NO","home"
"2469",52500201,"2026-04-17","playin",1610612753,"ORL","ORL","CHA",48,121,42,84,50,8,27,29.6,29,37,78.4,11,38,49,27,14,6,8,31,31,1,2026,"YES","home"
"2470",52500201,"2026-04-17","playin",1610612766,"CHA","ORL","CHA",48,90,28,83,33.7,12,45,26.7,22,25,88,7,27,34,17,20,7,4,33,-31,0,2026,"NO","away"
"2471",52500211,"2026-04-17","playin",1610612756,"PHX","PHX","GSW",48,111,39,81,48.1,18,49,36.7,15,15,100,9,27,36,23,15,14,4,23,15,1,2026,"YES","home"
"2472",52500211,"2026-04-17","playin",1610612744,"GSW","PHX","GSW",48,96,33,74,44.6,11,33,33.3,19,23,82.6,12,27,39,22,21,5,0,19,-15,0,2026,"NO","away"
"2473",42500121,"2026-04-18","playoff",1610612752,"NYK","NYK","ATL",48,113,38,80,47.5,12,25,48,25,30,83.3,6,39,45,22,11,7,5,24,11,1,2026,"YES","home"
"2474",42500121,"2026-04-18","playoff",1610612737,"ATL","NYK","ATL",48,102,38,87,43.7,14,37,37.8,12,19,63.2,8,32,40,25,12,5,3,21,-11,0,2026,"NO","away"
"2475",42500131,"2026-04-18","playoff",1610612739,"CLE","CLE","TOR",48,126,44,81,54.3,16,32,50,22,28,78.6,7,26,33,24,17,9,0,28,13,1,2026,"YES","home"
"2476",42500131,"2026-04-18","playoff",1610612761,"TOR","CLE","TOR",48,113,37,71,52.1,13,27,48.1,26,35,74.3,4,23,27,29,18,3,4,23,-13,0,2026,"NO","away"
"2477",42500161,"2026-04-18","playoff",1610612743,"DEN","DEN","MIN",48,116,38,87,43.7,10,36,27.8,30,33,90.9,8,39,47,27,14,7,1,17,11,1,2026,"YES","home"
"2478",42500161,"2026-04-18","playoff",1610612750,"MIN","DEN","MIN",48,105,40,87,46,11,34,32.4,14,19,73.7,7,36,43,21,13,7,3,25,-11,0,2026,"NO","away"
"2479",42500171,"2026-04-18","playoff",1610612747,"LAL","LAL","HOU",48,107,40,66,60.6,10,19,52.6,17,26,65.4,3,32,35,29,20,7,8,25,9,1,2026,"YES","home"
"2480",42500171,"2026-04-18","playoff",1610612745,"HOU","LAL","HOU",48,98,35,93,37.6,11,33,33.3,17,25,68,21,23,44,24,13,13,3,22,-9,0,2026,"NO","away"
"2481",42500101,"2026-04-19","playoff",1610612753,"ORL","DET","ORL",48,112,44,90,48.9,10,34,29.4,14,19,73.7,11,34,45,26,12,11,6,24,11,1,2026,"YES","away"
"2482",42500101,"2026-04-19","playoff",1610612765,"DET","DET","ORL",48,101,31,77,40.3,10,32,31.3,29,38,76.3,6,33,39,19,14,9,6,17,-11,0,2026,"NO","home"
"2483",42500111,"2026-04-19","playoff",1610612738,"BOS","BOS","PHI",48,123,45,90,50,16,44,36.4,17,22,77.3,5,38,43,31,10,7,3,21,32,1,2026,"YES","home"
"2484",42500111,"2026-04-19","playoff",1610612755,"PHI","BOS","PHI",48,91,35,90,38.9,4,23,17.4,17,23,73.9,11,29,40,20,15,3,1,20,-32,0,2026,"NO","away"
"2485",42500141,"2026-04-19","playoff",1610612760,"OKC","OKC","PHX",48,119,42,93,45.2,14,46,30.4,21,23,91.3,19,35,54,28,8,13,7,22,35,1,2026,"YES","home"
"2486",42500141,"2026-04-19","playoff",1610612756,"PHX","OKC","PHX",48,84,29,83,34.9,13,39,33.3,13,18,72.2,14,31,45,16,19,3,2,18,-35,0,2026,"NO","away"
"2487",42500151,"2026-04-19","playoff",1610612759,"SAS","SAS","POR",48,111,40,84,47.6,15,33,45.5,16,19,84.2,11,34,45,24,14,6,5,19,13,1,2026,"YES","home"
"2488",42500151,"2026-04-19","playoff",1610612757,"POR","SAS","POR",48,98,39,91,42.9,10,38,26.3,10,12,83.3,8,30,38,28,11,9,2,17,-13,0,2026,"NO","away"
"2489",42500122,"2026-04-20","playoff",1610612737,"ATL","NYK","ATL",48,107,40,81,49.4,9,30,30,18,23,78.3,6,30,36,22,12,9,7,26,1,1,2026,"YES","away"
"2490",42500122,"2026-04-20","playoff",1610612752,"NYK","NYK","ATL",48,106,39,87,44.8,11,34,32.4,17,27,63,14,33,47,22,14,5,4,21,-1,0,2026,"NO","home"
"2491",42500132,"2026-04-20","playoff",1610612739,"CLE","CLE","TOR",48,115,44,83,53,13,40,32.5,14,22,63.6,8,27,35,22,14,13,5,20,10,1,2026,"YES","home"
"2492",42500132,"2026-04-20","playoff",1610612761,"TOR","CLE","TOR",48,105,42,83,50.6,7,26,26.9,14,17,82.4,12,30,42,23,22,8,3,24,-10,0,2026,"NO","away"
"2493",42500162,"2026-04-20","playoff",1610612750,"MIN","DEN","MIN",48,119,43,90,47.8,14,34,41.2,19,30,63.3,9,40,49,30,12,6,2,30,5,1,2026,"YES","away"
"2494",42500162,"2026-04-20","playoff",1610612743,"DEN","DEN","MIN",48,114,38,86,44.2,15,41,36.6,23,30,76.7,5,38,43,28,9,5,1,24,-5,0,2026,"NO","home"
"2495",42500112,"2026-04-21","playoff",1610612755,"PHI","BOS","PHI",48,111,43,90,47.8,19,39,48.7,6,11,54.5,12,30,42,18,9,6,4,17,14,1,2026,"YES","away"
"2496",42500112,"2026-04-21","playoff",1610612738,"BOS","BOS","PHI",48,97,35,89,39.3,13,50,26,14,18,77.8,18,32,50,24,13,3,4,17,-14,0,2026,"NO","home"
"2497",42500152,"2026-04-21","playoff",1610612757,"POR","SAS","POR",48,106,38,89,42.7,13,38,34.2,17,23,73.9,15,28,43,20,15,8,11,23,3,1,2026,"YES","away"
"2498",42500152,"2026-04-21","playoff",1610612759,"SAS","SAS","POR",48,103,38,86,44.2,7,24,29.2,20,28,71.4,12,33,45,19,17,13,5,21,-3,0,2026,"NO","home"
"2499",42500172,"2026-04-21","playoff",1610612747,"LAL","LAL","HOU",48,101,33,72,45.8,13,28,46.4,22,28,78.6,9,28,37,21,15,11,5,20,7,1,2026,"YES","home"
"2500",42500172,"2026-04-21","playoff",1610612745,"HOU","LAL","HOU",48,94,36,89,40.4,7,29,24.1,15,19,78.9,17,25,42,23,15,8,6,22,-7,0,2026,"NO","away"
"2501",42500102,"2026-04-22","playoff",1610612765,"DET","DET","ORL",48,98,39,85,45.9,6,26,23.1,14,24,58.3,17,40,57,22,23,9,11,23,15,1,2026,"YES","home"
"2502",42500102,"2026-04-22","playoff",1610612753,"ORL","DET","ORL",48,83,26,80,32.5,8,32,25,23,32,71.9,13,29,42,17,19,16,6,25,-15,0,2026,"NO","away"
"2503",42500142,"2026-04-22","playoff",1610612760,"OKC","OKC","PHX",48,120,43,91,47.3,14,40,35,20,25,80,12,28,40,24,10,14,6,21,13,1,2026,"YES","home"
"2504",42500142,"2026-04-22","playoff",1610612756,"PHX","OKC","PHX",48,107,39,85,45.9,11,31,35.5,18,22,81.8,15,29,44,23,22,7,1,25,-13,0,2026,"NO","away"
"2505",42500123,"2026-04-23","playoff",1610612737,"ATL","ATL","NYK",48,109,39,86,45.3,13,33,39.4,18,26,69.2,13,32,45,19,16,10,8,17,1,1,2026,"YES","home"
"2506",42500123,"2026-04-23","playoff",1610612752,"NYK","ATL","NYK",48,108,40,93,43,10,35,28.6,18,20,90,14,32,46,19,18,10,5,17,-1,0,2026,"NO","away"
"2507",42500133,"2026-04-23","playoff",1610612761,"TOR","TOR","CLE",48,126,50,87,57.5,14,23,60.9,12,21,57.1,11,24,35,29,12,11,4,21,22,1,2026,"YES","home"
"2508",42500133,"2026-04-23","playoff",1610612739,"CLE","TOR","CLE",48,104,36,81,44.4,14,45,31.1,18,23,78.3,16,26,42,23,22,7,6,15,-22,0,2026,"NO","away"
"2509",42500163,"2026-04-23","playoff",1610612750,"MIN","MIN","DEN",48,113,44,93,47.3,9,34,26.5,16,21,76.2,12,41,53,31,11,6,5,27,17,1,2026,"YES","home"
"2510",42500163,"2026-04-23","playoff",1610612743,"DEN","MIN","DEN",48,96,28,82,34.1,8,32,25,32,40,80,6,34,40,12,10,5,2,18,-17,0,2026,"NO","away"
"2511",42500113,"2026-04-24","playoff",1610612738,"BOS","PHI","BOS",48,108,36,81,44.4,20,47,42.6,16,17,94.1,15,30,45,21,17,6,11,19,8,1,2026,"YES","away"
"2512",42500113,"2026-04-24","playoff",1610612755,"PHI","PHI","BOS",48,100,38,87,43.7,12,35,34.3,12,16,75,13,24,37,18,11,6,8,20,-8,0,2026,"NO","home"
"2513",42500153,"2026-04-24","playoff",1610612759,"SAS","POR","SAS",48,120,41,87,47.1,16,33,48.5,22,28,78.6,14,36,50,27,15,6,8,25,12,1,2026,"YES","away"
"2514",42500153,"2026-04-24","playoff",1610612757,"POR","POR","SAS",48,108,37,90,41.1,14,38,36.8,20,29,69,16,29,45,21,11,7,4,24,-12,0,2026,"NO","home"
"2515",42500173,"2026-04-24","playoff",1610612747,"LAL","HOU","LAL",53,112,38,79,48.1,12,29,41.4,24,32,75,9,36,45,28,21,12,6,23,4,1,2026,"YES","away"
"2516",42500173,"2026-04-24","playoff",1610612745,"HOU","HOU","LAL",53,108,40,98,40.8,11,39,28.2,17,23,73.9,18,31,49,21,17,15,6,20,-4,0,2026,"NO","home"
"2517",42500103,"2026-04-25","playoff",1610612753,"ORL","ORL","DET",48,113,36,89,40.4,15,33,45.5,26,33,78.8,14,34,48,22,14,8,8,24,8,1,2026,"YES","home"
"2518",42500103,"2026-04-25","playoff",1610612765,"DET","ORL","DET",48,105,37,85,43.5,11,32,34.4,20,24,83.3,10,32,42,24,16,6,12,25,-8,0,2026,"NO","away"
"2519",42500124,"2026-04-25","playoff",1610612752,"NYK","ATL","NYK",48,114,41,83,49.4,14,31,45.2,18,23,78.3,12,31,43,23,15,9,3,23,16,1,2026,"YES","away"
"2520",42500124,"2026-04-25","playoff",1610612737,"ATL","ATL","NYK",48,98,34,83,41,10,41,24.4,20,25,80,12,26,38,20,19,8,5,21,-16,0,2026,"NO","home"
"2521",42500143,"2026-04-25","playoff",1610612760,"OKC","PHX","OKC",48,121,45,91,49.5,12,37,32.4,19,21,90.5,8,35,43,23,8,6,6,22,12,1,2026,"YES","away"
"2522",42500143,"2026-04-25","playoff",1610612756,"PHX","PHX","OKC",48,109,38,87,43.7,13,41,31.7,20,23,87,9,30,39,25,11,2,2,25,-12,0,2026,"NO","home"
"2523",42500164,"2026-04-25","playoff",1610612750,"MIN","MIN","DEN",48,112,39,89,43.8,9,25,36,25,26,96.2,16,34,50,22,12,6,5,22,16,1,2026,"YES","home"
"2524",42500164,"2026-04-25","playoff",1610612743,"DEN","MIN","DEN",48,96,33,87,37.9,6,28,21.4,24,28,85.7,12,26,38,21,10,7,7,22,-16,0,2026,"NO","away"
"2525",42500114,"2026-04-26","playoff",1610612738,"BOS","PHI","BOS",48,128,42,87,48.3,24,53,45.3,20,28,71.4,14,37,51,28,13,5,5,21,32,1,2026,"YES","away"
"2526",42500114,"2026-04-26","playoff",1610612755,"PHI","PHI","BOS",48,96,33,80,41.3,9,30,30,21,24,87.5,6,24,30,25,9,6,7,21,-32,0,2026,"NO","home"
"2527",42500134,"2026-04-26","playoff",1610612761,"TOR","TOR","CLE",48,93,31,97,32,4,30,13.3,27,36,75,21,38,59,19,12,11,8,19,4,1,2026,"YES","home"
"2528",42500134,"2026-04-26","playoff",1610612739,"CLE","TOR","CLE",48,89,32,87,36.8,10,40,25,15,23,65.2,16,40,56,15,18,5,5,27,-4,0,2026,"NO","away"
"2529",42500154,"2026-04-26","playoff",1610612759,"SAS","POR","SAS",48,114,43,87,49.4,14,33,42.4,14,17,82.4,9,31,40,26,13,12,10,21,21,1,2026,"YES","away"
"2530",42500154,"2026-04-26","playoff",1610612757,"POR","POR","SAS",48,93,32,80,40,10,31,32.3,19,23,82.6,7,32,39,14,18,6,5,20,-21,0,2026,"NO","home"
"2531",42500174,"2026-04-26","playoff",1610612745,"HOU","HOU","LAL",48,115,39,81,48.1,12,30,40,25,31,80.6,11,24,35,19,13,17,4,22,19,1,2026,"YES","home"
"2532",42500174,"2026-04-26","playoff",1610612747,"LAL","HOU","LAL",48,96,37,74,50,5,22,22.7,17,21,81,10,27,37,23,24,6,7,20,-19,0,2026,"NO","away"
"2533",42500104,"2026-04-27","playoff",1610612753,"ORL","ORL","DET",48,94,30,92,32.6,9,35,25.7,25,34,73.5,16,36,52,15,12,8,6,25,6,1,2026,"YES","home"
"2534",42500104,"2026-04-27","playoff",1610612765,"DET","ORL","DET",48,88,31,82,37.8,6,30,20,20,28,71.4,12,37,49,18,20,5,18,29,-6,0,2026,"NO","away"
"2535",42500144,"2026-04-27","playoff",1610612760,"OKC","PHX","OKC",48,131,44,82,53.7,17,34,50,26,30,86.7,13,26,39,28,17,5,4,20,9,1,2026,"YES","away"
"2536",42500144,"2026-04-27","playoff",1610612756,"PHX","PHX","OKC",48,122,48,90,53.3,14,39,35.9,12,16,75,10,23,33,24,12,10,6,25,-9,0,2026,"NO","home"
"2537",42500165,"2026-04-27","playoff",1610612743,"DEN","DEN","MIN",48,125,47,83,56.6,11,29,37.9,20,25,80,5,24,29,35,16,16,6,29,12,1,2026,"YES","home"
"2538",42500165,"2026-04-27","playoff",1610612750,"MIN","DEN","MIN",48,113,41,81,50.6,12,28,42.9,19,23,82.6,9,29,38,26,25,6,2,27,-12,0,2026,"NO","away"
"2539",42500115,"2026-04-28","playoff",1610612755,"PHI","BOS","PHI",48,113,39,78,50,15,42,35.7,20,23,87,5,42,47,24,10,5,3,20,16,1,2026,"YES","away"
"2540",42500115,"2026-04-28","playoff",1610612738,"BOS","BOS","PHI",48,97,36,89,40.4,11,39,28.2,14,23,60.9,15,34,49,25,12,6,0,17,-16,0,2026,"NO","home"
"2541",42500125,"2026-04-28","playoff",1610612752,"NYK","NYK","ATL",48,126,45,79,57,11,26,42.3,25,34,73.5,8,40,48,26,11,6,6,23,29,1,2026,"YES","home"
"2542",42500125,"2026-04-28","playoff",1610612737,"ATL","NYK","ATL",48,97,37,83,44.6,13,42,31,10,17,58.8,5,22,27,25,10,7,2,26,-29,0,2026,"NO","away"
"2543",42500155,"2026-04-28","playoff",1610612759,"SAS","SAS","POR",48,114,41,75,54.7,12,30,40,20,29,69,7,35,42,27,17,5,8,24,19,1,2026,"YES","home"
"2544",42500155,"2026-04-28","playoff",1610612757,"POR","SAS","POR",48,95,33,94,35.1,11,47,23.4,18,23,78.3,14,24,38,24,9,8,2,28,-19,0,2026,"NO","away"
"2545",42500105,"2026-04-29","playoff",1610612765,"DET","DET","ORL",48,116,39,80,48.8,10,28,35.7,28,35,80,16,33,49,20,17,10,5,21,7,1,2026,"YES","home"
"2546",42500105,"2026-04-29","playoff",1610612753,"ORL","DET","ORL",48,109,38,80,47.5,17,38,44.7,16,30,53.3,8,25,33,21,16,12,5,26,-7,0,2026,"NO","away"
"2547",42500135,"2026-04-29","playoff",1610612739,"CLE","CLE","TOR",48,125,43,81,53.1,18,36,50,21,28,75,4,31,35,20,15,8,8,16,5,1,2026,"YES","home"
"2548",42500135,"2026-04-29","playoff",1610612761,"TOR","CLE","TOR",48,120,44,95,46.3,15,38,39.5,17,25,68,15,33,48,32,15,8,8,21,-5,0,2026,"NO","away"
"2549",42500175,"2026-04-29","playoff",1610612745,"HOU","LAL","HOU",48,99,33,75,44,14,40,35,19,25,76,6,28,34,25,11,10,4,22,6,1,2026,"YES","away"
"2550",42500175,"2026-04-29","playoff",1610612747,"LAL","LAL","HOU",48,93,32,76,42.1,7,27,25.9,22,27,81.5,13,28,41,19,15,5,5,20,-6,0,2026,"NO","home"
"2551",42500116,"2026-04-30","playoff",1610612755,"PHI","PHI","BOS",48,106,39,89,43.8,11,33,33.3,17,19,89.5,8,40,48,22,12,7,6,15,13,1,2026,"YES","home"
"2552",42500116,"2026-04-30","playoff",1610612738,"BOS","PHI","BOS",48,93,36,86,41.9,12,41,29.3,9,16,56.3,8,38,46,18,13,7,3,18,-13,0,2026,"NO","away"
"2553",42500126,"2026-04-30","playoff",1610612752,"NYK","ATL","NYK",48,140,50,85,58.8,13,36,36.1,27,34,79.4,9,37,46,33,10,16,6,22,51,1,2026,"YES","away"
"2554",42500126,"2026-04-30","playoff",1610612737,"ATL","ATL","NYK",48,89,31,82,37.8,9,35,25.7,18,23,78.3,11,24,35,22,19,5,4,22,-51,0,2026,"NO","home"
"2555",42500166,"2026-04-30","playoff",1610612750,"MIN","MIN","DEN",48,110,43,94,45.7,7,29,24.1,17,24,70.8,19,31,50,26,8,8,3,21,12,1,2026,"YES","home"
"2556",42500166,"2026-04-30","playoff",1610612743,"DEN","MIN","DEN",48,98,34,75,45.3,10,27,37,20,25,80,6,27,33,24,13,4,8,26,-12,0,2026,"NO","away"
"2557",42500106,"2026-05-01","playoff",1610612765,"DET","ORL","DET",48,93,32,80,40,9,27,33.3,20,26,76.9,14,38,52,16,11,5,8,21,14,1,2026,"YES","away"
"2558",42500106,"2026-05-01","playoff",1610612753,"ORL","ORL","DET",48,79,27,78,34.6,9,36,25,16,21,76.2,8,30,38,20,11,6,4,22,-14,0,2026,"NO","home"
"2559",42500136,"2026-05-01","playoff",1610612761,"TOR","TOR","CLE",53,112,40,87,46,13,36,36.1,19,23,82.6,10,28,38,27,16,13,9,25,2,1,2026,"YES","home"
"2560",42500136,"2026-05-01","playoff",1610612739,"CLE","TOR","CLE",53,110,40,93,43,11,41,26.8,19,27,70.4,19,33,52,23,18,8,4,21,-2,0,2026,"NO","away"
"2561",42500176,"2026-05-01","playoff",1610612747,"LAL","HOU","LAL",48,98,36,89,40.4,12,28,42.9,14,24,58.3,15,39,54,19,11,4,9,19,20,1,2026,"YES","away"
"2562",42500176,"2026-05-01","playoff",1610612745,"HOU","HOU","LAL",48,78,28,80,35,5,28,17.9,17,24,70.8,8,37,45,13,14,6,9,23,-20,0,2026,"NO","home"
"2563",42500117,"2026-05-02","playoff",1610612755,"PHI","BOS","PHI",48,109,39,82,47.6,11,28,39.3,20,23,87,3,41,44,25,9,0,1,19,9,1,2026,"YES","away"
"2564",42500117,"2026-05-02","playoff",1610612738,"BOS","BOS","PHI",48,100,37,93,39.8,13,49,26.5,13,16,81.3,10,34,44,19,5,4,7,23,-9,0,2026,"NO","home"
"2565",42500107,"2026-05-03","playoff",1610612765,"DET","DET","ORL",48,116,41,80,51.3,16,33,48.5,18,22,81.8,11,30,41,30,14,9,6,21,22,1,2026,"YES","home"
"2566",42500107,"2026-05-03","playoff",1610612753,"ORL","DET","ORL",48,94,31,75,41.3,10,30,33.3,22,30,73.3,9,24,33,18,16,11,7,21,-22,0,2026,"NO","away"
"2567",42500137,"2026-05-03","playoff",1610612739,"CLE","CLE","TOR",48,114,38,85,44.7,11,39,28.2,27,37,73,20,40,60,23,17,8,5,23,12,1,2026,"YES","home"
"2568",42500137,"2026-05-03","playoff",1610612761,"TOR","CLE","TOR",48,102,38,87,43.7,8,28,28.6,18,26,69.2,7,26,33,25,14,10,4,28,-12,0,2026,"NO","away"
"2569",42500211,"2026-05-04","playoff",1610612752,"NYK","NYK","PHI",48,137,53,84,63.1,19,37,51.4,12,17,70.6,8,31,39,34,15,10,6,25,39,1,2026,"YES","home"
"2570",42500211,"2026-05-04","playoff",1610612755,"PHI","NYK","PHI",48,98,30,73,41.1,11,30,36.7,27,34,79.4,8,20,28,15,19,6,1,24,-39,0,2026,"NO","away"
"2571",42500231,"2026-05-04","playoff",1610612750,"MIN","SAS","MIN",48,104,41,90,45.6,10,26,38.5,12,21,57.1,12,34,46,20,13,7,5,22,2,1,2026,"YES","away"
"2572",42500231,"2026-05-04","playoff",1610612759,"SAS","SAS","MIN",48,102,39,87,44.8,10,36,27.8,14,18,77.8,13,34,47,24,14,4,14,25,-2,0,2026,"NO","home"
"2573",42500201,"2026-05-05","playoff",1610612765,"DET","DET","CLE",48,111,37,84,44,10,26,38.5,27,35,77.1,16,29,45,23,12,12,3,18,10,1,2026,"YES","home"
"2574",42500201,"2026-05-05","playoff",1610612739,"CLE","DET","CLE",48,101,36,80,45,14,38,36.8,15,16,93.8,11,30,41,23,20,7,5,22,-10,0,2026,"NO","away"
"2575",42500221,"2026-05-05","playoff",1610612760,"OKC","OKC","LAL",48,108,42,85,49.4,13,30,43.3,11,12,91.7,9,35,44,29,16,8,7,14,18,1,2026,"YES","home"
"2576",42500221,"2026-05-05","playoff",1610612747,"LAL","OKC","LAL",48,90,35,85,41.2,10,30,33.3,10,13,76.9,12,29,41,26,18,8,4,16,-18,0,2026,"NO","away"
"2577",42500212,"2026-05-06","playoff",1610612752,"NYK","NYK","PHI",48,108,40,79,50.6,7,26,26.9,21,25,84,9,28,37,25,13,10,2,20,6,1,2026,"YES","home"
"2578",42500212,"2026-05-06","playoff",1610612755,"PHI","NYK","PHI",48,102,34,75,45.3,13,34,38.2,21,28,75,11,28,39,20,18,8,6,23,-6,0,2026,"NO","away"
"2579",42500232,"2026-05-06","playoff",1610612759,"SAS","SAS","MIN",48,133,45,90,50,16,39,41,27,33,81.8,13,42,55,29,16,13,9,28,38,1,2026,"YES","home"
"2580",42500232,"2026-05-06","playoff",1610612750,"MIN","SAS","MIN",48,95,35,88,39.8,9,30,30,16,31,51.6,12,31,43,19,22,7,2,25,-38,0,2026,"NO","away"
"2581",42500202,"2026-05-07","playoff",1610612765,"DET","DET","CLE",48,107,39,80,48.8,14,28,50,15,20,75,12,30,42,21,13,9,5,22,10,1,2026,"YES","home"
"2582",42500202,"2026-05-07","playoff",1610612739,"CLE","DET","CLE",48,97,34,81,42,7,32,21.9,22,27,81.5,9,27,36,20,11,7,6,19,-10,0,2026,"NO","away"
"2583",42500222,"2026-05-07","playoff",1610612760,"OKC","OKC","LAL",48,125,45,81,55.6,14,36,38.9,21,26,80.8,9,23,32,26,14,12,5,21,18,1,2026,"YES","home"
"2584",42500222,"2026-05-07","playoff",1610612747,"LAL","OKC","LAL",48,107,39,78,50,11,29,37.9,18,21,85.7,10,20,30,24,21,7,0,26,-18,0,2026,"NO","away"
"2585",42500213,"2026-05-08","playoff",1610612752,"NYK","PHI","NYK",48,108,38,76,50,9,27,33.3,23,32,71.9,13,36,49,25,15,6,4,21,14,1,2026,"YES","away"
"2586",42500213,"2026-05-08","playoff",1610612755,"PHI","PHI","NYK",48,94,36,84,42.9,9,32,28.1,13,16,81.3,9,24,33,23,11,7,3,25,-14,0,2026,"NO","home"
"2587",42500233,"2026-05-08","playoff",1610612759,"SAS","MIN","SAS",48,115,39,85,45.9,12,33,36.4,25,33,75.8,8,40,48,26,10,9,7,23,7,1,2026,"YES","away"
"2588",42500233,"2026-05-08","playoff",1610612750,"MIN","MIN","SAS",48,108,38,99,38.4,14,40,35,18,21,85.7,15,39,54,22,12,3,7,25,-7,0,2026,"NO","home"
"2589",42500203,"2026-05-09","playoff",1610612739,"CLE","CLE","DET",48,116,43,74,58.1,12,32,37.5,18,28,64.3,5,28,33,22,15,3,7,17,7,1,2026,"YES","home"
"2590",42500203,"2026-05-09","playoff",1610612765,"DET","CLE","DET",48,109,41,91,45.1,9,25,36,18,22,81.8,17,23,40,23,16,12,4,25,-7,0,2026,"NO","away"
"2591",42500223,"2026-05-09","playoff",1610612760,"OKC","LAL","OKC",48,131,53,94,56.4,17,38,44.7,8,10,80,12,31,43,30,10,12,3,22,23,1,2026,"YES","away"
"2592",42500223,"2026-05-09","playoff",1610612747,"LAL","LAL","OKC",48,108,38,81,46.9,14,30,46.7,18,25,72,14,23,37,31,17,6,1,16,-23,0,2026,"NO","home"
"2593",42500214,"2026-05-10","playoff",1610612752,"NYK","PHI","NYK",48,144,49,91,53.8,25,44,56.8,21,29,72.4,15,32,47,33,11,6,4,22,30,1,2026,"YES","away"
"2594",42500214,"2026-05-10","playoff",1610612755,"PHI","PHI","NYK",48,114,43,86,50,8,35,22.9,20,28,71.4,7,23,30,24,10,5,3,23,-30,0,2026,"NO","home"
"2595",42500234,"2026-05-10","playoff",1610612750,"MIN","MIN","SAS",48,114,42,94,44.7,10,27,37,20,22,90.9,15,34,49,20,17,5,1,23,5,1,2026,"YES","home"
"2596",42500234,"2026-05-10","playoff",1610612759,"SAS","MIN","SAS",48,109,41,86,47.7,6,26,23.1,21,27,77.8,13,28,41,17,14,13,3,20,-5,0,2026,"NO","away"
"2597",42500204,"2026-05-11","playoff",1610612739,"CLE","CLE","DET",48,112,34,78,43.6,14,41,34.1,30,34,88.2,12,21,33,23,15,11,8,15,9,1,2026,"YES","home"
"2598",42500204,"2026-05-11","playoff",1610612765,"DET","CLE","DET",48,103,42,83,50.6,10,23,43.5,9,12,75,11,24,35,23,20,10,3,27,-9,0,2026,"NO","away"
"2599",42500224,"2026-05-11","playoff",1610612760,"OKC","LAL","OKC",48,115,42,81,51.9,11,31,35.5,20,24,83.3,6,28,34,19,12,12,0,24,5,1,2026,"YES","away"
"2600",42500224,"2026-05-11","playoff",1610612747,"LAL","LAL","OKC",48,110,38,75,50.7,10,28,35.7,24,27,88.9,7,30,37,18,19,3,5,22,-5,0,2026,"NO","home"
"2601",42500235,"2026-05-12","playoff",1610612759,"SAS","SAS","MIN",48,126,47,89,52.8,11,32,34.4,21,27,77.8,11,39,50,25,15,9,8,24,29,1,2026,"YES","home"
"2602",42500235,"2026-05-12","playoff",1610612750,"MIN","SAS","MIN",48,97,32,83,38.6,9,33,27.3,24,30,80,10,32,42,17,16,7,4,24,-29,0,2026,"NO","away"
"2603",42500205,"2026-05-13","playoff",1610612739,"CLE","DET","CLE",53,117,36,80,45,14,35,40,31,38,81.6,13,31,44,25,17,6,9,16,4,1,2026,"YES","away"
"2604",42500205,"2026-05-13","playoff",1610612765,"DET","DET","CLE",53,113,42,95,44.2,11,33,33.3,18,20,90,15,25,40,28,15,10,10,26,-4,0,2026,"NO","home"
"2605",42500206,"2026-05-15","playoff",1610612765,"DET","CLE","DET",48,115,43,82,52.4,16,36,44.4,13,19,68.4,13,30,43,25,18,9,6,22,21,1,2026,"YES","away"
"2606",42500206,"2026-05-15","playoff",1610612739,"CLE","CLE","DET",48,94,30,77,39,12,35,34.3,22,30,73.3,16,24,40,15,20,9,3,18,-21,0,2026,"NO","home"
"2607",42500236,"2026-05-15","playoff",1610612759,"SAS","MIN","SAS",48,139,49,88,55.7,18,38,47.4,23,27,85.2,12,48,60,34,16,2,13,21,30,1,2026,"YES","away"
"2608",42500236,"2026-05-15","playoff",1610612750,"MIN","MIN","SAS",48,109,40,106,37.7,12,34,35.3,17,21,81,9,20,29,25,5,9,2,22,-30,0,2026,"NO","home"
"2609",42500207,"2026-05-17","playoff",1610612739,"CLE","DET","CLE",48,125,43,85,50.6,11,34,32.4,28,44,63.6,14,36,50,31,13,10,4,22,31,1,2026,"YES","away"
"2610",42500207,"2026-05-17","playoff",1610612765,"DET","DET","CLE",48,94,30,85,35.3,12,39,30.8,22,29,75.9,10,31,41,21,15,7,5,31,-31,0,2026,"NO","home"
"2611",42500311,"2026-05-18","playoff",1610612759,"SAS","OKC","SAS",58,122,41,96,42.7,13,43,30.2,27,29,93.1,15,46,61,25,23,11,7,19,7,1,2026,"YES","away"
"2612",42500311,"2026-05-18","playoff",1610612760,"OKC","OKC","SAS",58,115,41,101,40.6,17,45,37.8,16,19,84.2,9,31,40,25,15,14,8,26,-7,0,2026,"NO","home"
"2613",42500301,"2026-05-19","playoff",1610612752,"NYK","NYK","CLE",53,115,42,88,47.7,10,32,31.3,21,32,65.6,9,38,47,20,19,10,2,26,11,1,2026,"YES","home"
"2614",42500301,"2026-05-19","playoff",1610612739,"CLE","NYK","CLE",53,104,36,90,40,16,50,32,16,23,69.6,11,27,38,23,21,11,6,29,-11,0,2026,"NO","away"
"2615",42500312,"2026-05-20","playoff",1610612760,"OKC","OKC","SAS",48,122,45,94,47.9,13,36,36.1,19,24,79.2,17,24,41,34,10,14,3,21,9,1,2026,"YES","home"
"2616",42500312,"2026-05-20","playoff",1610612759,"SAS","OKC","SAS",48,113,41,84,48.8,16,40,40,15,17,88.2,16,29,45,22,21,5,6,21,-9,0,2026,"NO","away"
"2617",42500302,"2026-05-21","playoff",1610612752,"NYK","NYK","CLE",48,109,44,85,51.8,13,36,36.1,8,14,57.1,5,35,40,32,8,5,5,22,16,1,2026,"YES","home"
"2618",42500302,"2026-05-21","playoff",1610612739,"CLE","NYK","CLE",48,93,31,80,38.8,9,35,25.7,22,32,68.8,13,29,42,15,8,4,5,20,-16,0,2026,"NO","away"
"2619",42500313,"2026-05-22","playoff",1610612760,"OKC","SAS","OKC",48,123,39,81,48.1,17,38,44.7,28,33,84.8,7,34,41,29,11,7,2,25,15,1,2026,"YES","away"
"2620",42500313,"2026-05-22","playoff",1610612759,"SAS","SAS","OKC",48,108,34,80,42.5,13,41,31.7,27,33,81.8,9,28,37,26,15,8,6,28,-15,0,2026,"NO","home"
"2621",42500303,"2026-05-23","playoff",1610612752,"NYK","CLE","NYK",48,121,43,77,55.8,11,28,39.3,24,27,88.9,8,29,37,27,15,11,4,19,13,1,2026,"YES","away"
"2622",42500303,"2026-05-23","playoff",1610612739,"CLE","CLE","NYK",48,108,42,84,50,12,41,29.3,12,19,63.2,9,25,34,22,18,7,1,22,-13,0,2026,"NO","home"
"2623",42500314,"2026-05-24","playoff",1610612759,"SAS","SAS","OKC",48,103,35,90,38.9,9,33,27.3,24,32,75,14,38,52,25,13,11,10,20,21,1,2026,"YES","home"
"2624",42500314,"2026-05-24","playoff",1610612760,"OKC","SAS","OKC",48,82,30,91,33,6,33,18.2,16,18,88.9,11,36,47,22,20,9,5,25,-21,0,2026,"NO","away"
"2625",42500304,"2026-05-25","playoff",1610612752,"NYK","CLE","NYK",48,130,48,98,49,19,43,44.2,15,20,75,20,40,60,33,15,15,2,20,37,1,2026,"YES","away"
"2626",42500304,"2026-05-25","playoff",1610612739,"CLE","CLE","NYK",48,93,32,77,41.6,11,40,27.5,18,22,81.8,6,27,33,21,22,9,4,18,-37,0,2026,"NO","home"
"2627",42500315,"2026-05-26","playoff",1610612760,"OKC","OKC","SAS",48,127,40,83,48.2,14,32,43.8,33,38,86.8,14,34,48,26,17,9,5,22,13,1,2026,"YES","home"
"2628",42500315,"2026-05-26","playoff",1610612759,"SAS","OKC","SAS",48,114,37,92,40.2,12,41,29.3,28,32,87.5,15,26,41,25,15,14,3,29,-13,0,2026,"NO","away"
"2629",42500316,"2026-05-28","playoff",1610612759,"SAS","SAS","OKC",48,118,41,88,46.6,15,41,36.6,21,25,84,11,41,52,30,13,7,7,14,27,1,2026,"YES","home"
"2630",42500316,"2026-05-28","playoff",1610612760,"OKC","SAS","OKC",48,91,35,94,37.2,10,40,25,11,12,91.7,12,30,42,22,13,9,3,21,-27,0,2026,"NO","away"
"2631",42500317,"2026-05-30","playoff",1610612759,"SAS","OKC","SAS",48,111,40,88,45.5,17,40,42.5,14,19,73.7,15,25,40,21,12,9,2,18,8,1,2026,"YES","away"
"2632",42500317,"2026-05-30","playoff",1610612760,"OKC","OKC","SAS",48,103,37,83,44.6,12,35,34.3,17,22,77.3,10,28,38,23,14,9,5,16,-8,0,2026,"NO","home"
"2633",42500401,"2026-06-03","playoff",1610612752,"NYK","SAS","NYK",48,105,39,94,41.5,11,36,30.6,16,18,88.9,10,39,49,20,9,8,4,23,10,1,2026,"YES","away"
"2634",42500401,"2026-06-03","playoff",1610612759,"SAS","SAS","NYK",48,95,32,89,36,11,43,25.6,20,25,80,14,40,54,16,13,4,4,23,-10,0,2026,"NO","home"
"2635",42500402,"2026-06-05","playoff",1610612752,"NYK","SAS","NYK",48,105,37,89,41.6,15,38,39.5,16,21,76.2,10,34,44,29,15,11,6,23,1,1,2026,"YES","away"
"2636",42500402,"2026-06-05","playoff",1610612759,"SAS","SAS","NYK",48,104,37,78,47.4,11,29,37.9,19,27,70.4,5,37,42,22,16,7,7,20,-1,0,2026,"NO","home"
"2637",42500403,"2026-06-08","playoff",1610612759,"SAS","NYK","SAS",48,115,39,84,46.4,12,34,35.3,25,32,78.1,6,31,37,28,8,7,7,21,4,1,2026,"YES","away"
"2638",42500403,"2026-06-08","playoff",1610612752,"NYK","NYK","SAS",48,111,40,88,45.5,13,37,35.1,18,22,81.8,12,34,46,18,13,4,6,23,-4,0,2026,"NO","home"
"2639",42500404,"2026-06-10","playoff",1610612752,"NYK","NYK","SAS",48,107,36,78,46.2,15,32,46.9,20,28,71.4,8,31,39,23,15,6,4,21,1,1,2026,"YES","home"
"2640",42500404,"2026-06-10","playoff",1610612759,"SAS","NYK","SAS",48,106,36,86,41.9,17,43,39.5,17,20,85,12,30,42,24,12,10,4,21,-1,0,2026,"NO","away"
"2641",42500405,"2026-06-13","playoff",1610612752,"NYK","SAS","NYK",48,94,31,87,35.6,12,37,32.4,20,28,71.4,13,35,48,14,14,8,4,21,4,1,2026,"YES","away"
"2642",42500405,"2026-06-13","playoff",1610612759,"SAS","SAS","NYK",48,90,33,86,38.4,12,37,32.4,12,19,63.2,14,33,47,18,13,6,7,22,-4,0,2026,"NO","home"
