"","id","title","vote_average","vote_count","status","release_date","revenue","runtime","adult","backdrop_path","budget","homepage","imdb_id","original_language","original_title","overview","popularity","poster_path","tagline","genres","production_companies","production_countries","spoken_languages","keywords"
"1",634649,"Spider-Man: No Way Home",7.99,18299,"Released",2021-12-15,1921847111,148,"False","/14QbnygCuTO0vl7CAFmPf1fgZfV.jpg",200000000,"https://www.spidermannowayhome.movie","tt10872600","en","Spider-Man: No Way Home","Peter Parker is unmasked and no longer able to separate his normal life from the high-stakes of being a super-hero. When he asks for help from Doctor Strange the stakes become even more dangerous, forcing him to discover what it truly means to be Spider-Man.",186.065,"/5weKu49pzJCt06OPpjvT80efnQj.jpg","The Multiverse unleashed.","Action, Adventure, Science Fiction","Marvel Studios, Pascal Pictures, Columbia Pictures","United States of America","English, Tagalog","new york city, hero, showdown, magic, loss of loved one, secret identity, superhero, villain, portal, sequel, vigilante, superhero team, alternate reality, masked vigilante, spider web, aftercreditsstinger, duringcreditsstinger, marvel cinematic universe (mcu), fight for justice, teen superhero, superhero teamup, returning hero, crossover, teamwork"
"2",76600,"Avatar: The Way of Water",7.654,9830,"Released",2022-12-14,2320250281,192,"False","/8rpDcsfLJypbO6vREc0547VKqEv.jpg",460000000,"https://www.avatar.com/movies/avatar-the-way-of-water","tt1630029","en","Avatar: The Way of Water","Set more than a decade after the events of the first film, learn the story of the Sully family (Jake, Neytiri, and their kids), the trouble that follows them, the lengths they go to keep each other safe, the battles they fight to stay alive, and the tragedies they endure.",241.285,"/t6HIqrRAclMCA60NsSmeqe9RmNV.jpg","Return to Pandora.","Science Fiction, Adventure, Action","20th Century Studios, Lightstorm Entertainment","United States of America","English","dying and death, loss of loved one, alien life-form, resurrection, dysfunctional family, sequel, alien planet, distant future, adopted child, rebirth, family dynamics, adopted son, stronger villain, war"
"3",495764,"Birds of Prey (and the Fantabulous Emancipation of One Harley Quinn)",7,9654,"Released",2020-02-05,205372791,108,"False","/uozb2VeD87YmhoUP1RrGWfzuCrr.jpg",75000000,"http://www.birdsofpreymovie.net","tt7713068","en","Birds of Prey (and the Fantabulous Emancipation of One Harley Quinn)","Harley Quinn joins forces with a singer, an assassin and a police detective to help a young girl who had a hit placed on her after she stole a rare diamond from a crime lord.",49.33,"/h4VB6m0RwcicVEZvzftYZyKXs6K.jpg","Mind Over Mayhem","Action, Crime","Warner Bros. Pictures, DC Films, LuckyChap Entertainment, Clubhouse Pictures, Kroll & Co Entertainment","United States of America","English","police, pickpocket, chase, joker, psychopath, superhero, nightclub, gang leader, based on comic, breaking the fourth wall, betrayal, vigilante, mobster, organized crime, shootout, female protagonist, orphan, criminal, police officer, police detective, spin off, hyena, held at gunpoint, henchman, exploding body, death of family, crime family, female police officer, nightclub owner, crime lord, woman director, hand to hand combat, vigilantism, suspended cop, murder of family, dc extended universe (dceu), dumped by boyfriend, loss of family, supernatural power, female antihero, vigilantes, betrayal of trust, gotham city, vigilante justice, jailbreak, suspended from job"
"4",508442,"Soul",8.15,9473,"Released",2020-12-25,136384442,101,"False","/4JNggqfyJWREqb0enzpUMbvIniV.jpg",150000000,"https://www.disneyplus.com/movies/soul/77zlWrb9vRYp","tt2948372","en","Soul","Joe Gardner is a middle school teacher with a love for jazz music. After a successful audition at the Half Note Club, he suddenly gets into an accident that separates his soul from his body and is transported to the You Seminar, a center in which souls develop and gain passions before being transported to a newborn child. Joe must enlist help from the other souls-in-training, like 22, a soul who has spent eons in the You Seminar, in order to get back to Earth.",48.876,"/hm58Jw4Lw8OIeECIq5qyPYhAeRJ.jpg","Is all this living really worth dying for?","Animation, Family, Comedy, Fantasy, Drama","Walt Disney Pictures, Pixar","United States of America","English","new york city, jazz, musician, cat, self-discovery, jazz singer or musician, teacher, life after death"
"5",438631,"Dune",7.789,9420,"Released",2021-09-15,402027830,155,"False","/jYEW5xZkZk2WTrdbMGAPFuBqbDc.jpg",165000000,"https://www.dunemovie.com/","tt1160419","en","Dune","Paul Atreides, a brilliant and gifted young man born into a great destiny beyond his understanding, must travel to the most dangerous planet in the universe to ensure the future of his family and his people. As malevolent forces explode into conflict over the planet's exclusive supply of the most precious resource in existence-a commodity capable of unlocking humanity's greatest potential-only those who can conquer their fear will survive.",75.848,"/d5NXSklXo0qyIYkgV94XAgMIckC.jpg","It begins.","Science Fiction, Adventure","Legendary Pictures","United States of America","Mandarin, English","empire, future, epic, army, based on novel or book, prophecy, dystopia, emperor, sand, spice, hallucinogen, treason, baron, revenge, premonition, betrayal, space, water shortage, creature, desert, knife fight, destiny, giant worm, space opera, sand dune, messiah, mother son relationship, giant creature"
"6",497698,"Black Widow",7.303,9298,"Released",2021-07-07,379751131,134,"False","/keIxh0wPr2Ymj0Btjh4gW7JJ89e.jpg",200000000,"https://www.marvel.com/movies/black-widow","tt3480822","en","Black Widow","Natasha Romanoff, also known as Black Widow, confronts the darker parts of her ledger when a dangerous conspiracy with ties to her past arises. Pursued by a force that will stop at nothing to bring her down, Natasha must deal with her history as a spy and the broken relationships left in her wake long before she became an Avenger.",56.256,"/kwB7d51AIcyzPOBOHLCEZJkmPhQ.jpg","Her world. Her secrets. Her legacy.","Action, Adventure, Science Fiction","Marvel Studios","United States of America","English, Russian","assassin, hero, spy, kgb, based on comic, female assassin, female spy, female hero, aftercreditsstinger, marvel cinematic universe (mcu), woman director"
"7",580489,"Venom: Let There Be Carnage",6.833,9182,"Released",2021-09-30,506863592,97,"False","/vIgyYkXkg6NC2whRbYjBD7eb3Er.jpg",110000000,"https://www.venom.movie","tt7097896","en","Venom: Let There Be Carnage","After finding a host body in investigative reporter Eddie Brock, the alien symbiote must face a new enemy, Carnage, the alter ego of serial killer Cletus Kasady.",89.985,"/rjkmN1dniUHVYAtwuV3Tji7FsDO.jpg","The universe needs Venom.","Science Fiction, Action, Adventure","Marvel Entertainment, Columbia Pictures, Pascal Pictures, Matt Tolmach Productions, Arad Productions","United States of America","Spanish, English","hero, psychopath, superhero, anti hero, villain, based on comic, sequel, creature, fear, aftercreditsstinger, symbiote, carnage, venom character"
"8",399566,"Godzilla vs. Kong",7.661,9080,"Released",2021-03-24,470116094,114,"False","/inJjDhCjfhh3RtrJWBmmDqeuSYC.jpg",200000000,"https://www.warnerbros.com/movies/godzilla-vs-kong","tt5034838","en","Godzilla vs. Kong","In a time when monsters walk the Earth, humanity’s fight for its future sets Godzilla and Kong on a collision course that will see the two most powerful forces of nature on the planet collide in a spectacular battle for the ages.",99.005,"/pgqgaUx1cJb5oZQQ5v0tNARCeBp.jpg","One Will Fall","Action, Science Fiction, Thriller","Legendary Pictures","United States of America","English","giant monster, dinosaur, creature feature, kaiju, sign languages, giant ape, godzilla, monsterverse, robot dinosaur, king kong"
"9",454626,"Sonic the Hedgehog",7.345,8901,"Released",2020-02-12,319715683,99,"False","/stmYfCUGd8Iy6kAMBr6AmWqx8Bq.jpg",85000000,"https://www.paramountmovies.com/movies/sonic-the-hedgehog","tt3794354","en","Sonic the Hedgehog","Powered with incredible speed, Sonic The Hedgehog embraces his new home on Earth. That is, until Sonic sparks the attention of super-uncool evil genius Dr. Robotnik. Now it’s super-villain vs. super-sonic in an all-out race across the globe to stop Robotnik from using Sonic’s unique power for world domination.",53.708,"/aQvJ5WPzZgYVDrxLX4R6cLJCEaQ.jpg","A whole new speed of hero.","Action, Science Fiction, Comedy, Family","Original Film, Blur Studio, Marza Animation Planet, Paramount, SEGA","Japan, United States of America","English","friendship, video game, san francisco, california, road trip, cop, based on video game, duringcreditsstinger, bar fight, hedgehog, live action and animation, live action remake, flossing"
"10",577922,"Tenet",7.191,8744,"Released",2020-08-22,365304105,150,"False","/yY76zq9XSuJ4nWyPDuwkdV7Wt0c.jpg",205000000,"https://www.tenetfilm.com/","tt6723592","en","Tenet","Armed with only one word - Tenet - and fighting for the survival of the entire world, the Protagonist journeys through a twilight world of international espionage on a mission that will unfold in something beyond real time.",44.025,"/aCIFMriQh8rvhxpN1IWGgvH0Tlg.jpg","Time runs out.","Action, Thriller, Science Fiction","Warner Bros. Pictures, Syncopy","United Kingdom, United States of America","English, Estonian","assassin, espionage, spy, time travel, mumbai (bombay), india, arms dealer, terrorism, terrorist attack, nuclear weapons, terrorist plot, backwards, alternate timeline, oslo, norway, time paradox, kyiv (kiev), ukraine"
"11",568124,"Encanto",7.63,8611,"Released",2021-10-13,2.53e+08,102,"False","/3G1Q5xF40HkUBJXxt2DQgQzKTp5.jpg",50000000,"https://movies.disney.com/encanto","tt2953050","en","Encanto","The tale of an extraordinary family, the Madrigals, who live hidden in the mountains of Colombia, in a magical house, in a vibrant town, in a wondrous, charmed place called an Encanto. The magic of the Encanto has blessed every child in the family—every child except one, Mirabel. But when she discovers that the magic surrounding the Encanto is in danger, Mirabel decides that she, the only ordinary Madrigal, might just be her exceptional family's last hope.",147.124,"/4j0PNHkMr5ax3IA8tjtxcmPU3QT.jpg","There's a little magic in all of us...almost all of us.","Animation, Comedy, Family, Fantasy","Walt Disney Animation Studios, Walt Disney Pictures","United States of America","Spanish, English","strong woman, magic, sadness, immigration, supernatural, beauty, musical, big family, forest, family secrets, family relationships, flamenco, joy of life, teenage girl, female protagonist, family conflict, helping children, matriarch, colombia"
"12",414906,"The Batman",7.705,8584,"Released",2022-03-01,770945583,177,"False","/b0PlSFdDwbyK0cf5RxwDpaOJQvQ.jpg",185000000,"https://www.thebatman.com","tt1877830","en","The Batman","In his second year of fighting crime, Batman uncovers corruption in Gotham City that connects to his own family while facing a serial killer known as the Riddler.",100.817,"/74xTEgt7R36Fpooo50r9T25onhq.jpg","Unmask the truth.","Crime, Mystery, Thriller","6th & Idaho, Dylan Clark Productions, DC Films, Warner Bros. Pictures","United States of America","English","police, psychopath, secret identity, crime fighter, superhero, nightclub, politician, based on comic, vigilante, organized crime, serial killer, millionaire, social injustice, murder investigation, aftercreditsstinger, masked superhero, political corruption, neo-noir, vengeance, mayoral election, the batman saga"
"13",337404,"Cruella",8.055,8507,"Released",2021-05-26,233503234,134,"False","/6MKr3KgOLmzOP6MSuZERO41Lpkt.jpg",200000000,"https://movies.disney.com/cruella","tt3228774","en","Cruella","In 1970s London amidst the punk rock revolution, a young grifter named Estella is determined to make a name for herself with her designs. She befriends a pair of young thieves who appreciate her appetite for mischief, and together they are able to build a life for themselves on the London streets. One day, Estella’s flair for fashion catches the eye of the Baroness von Hellman, a fashion legend who is devastatingly chic and terrifyingly haute. But their relationship sets in motion a course of events and revelations that will cause Estella to embrace her wicked side and become the raucous, fashionable and revenge-bent Cruella.",77.792,"/wToO8opxkGwKgSfJ1JK8tGvkG6U.jpg","Hello Cruel World","Comedy, Crime","Walt Disney Pictures, Gunn Films, Marc Platt Productions","United Kingdom, United States of America","English, French","1970s, anti hero, villain, punk rock, fashion designer, fashion, origin story, live action remake"
"14",566525,"Shang-Chi and the Legend of the Ten Rings",7.589,8481,"Released",2021-09-01,432243292,132,"False","/rAksPS6LjBONzY84szQBz5gGej6.jpg",150000000,"https://www.marvel.com/movies/shang-chi-and-the-legend-of-the-ten-rings","tt9376612","en","Shang-Chi and the Legend of the Ten Rings","Shang-Chi must confront the past he thought he left behind when he is drawn into the web of the mysterious Ten Rings organization.",89.764,"/9f2Q0U3IOsLgrI2HkvldwSABZy5.jpg","You can't outrun your destiny.","Action, Adventure, Fantasy","Marvel Studios","United States of America","English, Mandarin","martial arts, superhero, based on comic, mixed martial arts, east asian lead, aftercreditsstinger, duringcreditsstinger, marvel cinematic universe (mcu), father son relationship"
"15",453395,"Doctor Strange in the Multiverse of Madness",7.355,7991,"Released",2022-05-04,955775804,126,"False","/jhXwGdyj2f5ZxCYZBKfBNcGBbWx.jpg",200000000,"https://www.marvel.com/movies/doctor-strange-in-the-multiverse-of-madness","tt9419884","en","Doctor Strange in the Multiverse of Madness","Doctor Strange, with the help of mystical allies both old and new, traverses the mind-bending and dangerous alternate realities of the Multiverse to confront a mysterious new adversary.",96.53,"/9Gtg2DzBhmYamXBS1hKAhiwbBKS.jpg","Enter a new dimension of Strange.","Fantasy, Action, Adventure","Marvel Studios, Kevin Feige Productions","United States of America","Cantonese, English, Spanish","magic, superhero, based on comic, alternate reality, aftercreditsstinger, duringcreditsstinger, marvel cinematic universe (mcu)"
"16",464052,"Wonder Woman 1984",6.478,7835,"Released",2020-12-16,169601036,151,"False","/egg7KFi18TSQc1s24RMmR9i2zO6.jpg",200000000,"https://www.warnerbros.com/movies/wonder-woman-1984","tt7126948","en","Wonder Woman 1984","A botched store robbery places Wonder Woman in a global battle against a powerful and mysterious ancient force that puts her powers in jeopardy.",48.128,"/8UlWHLMpgZm9bx6QYh0NFoq67TZ.jpg","A new era of wonder begins.","Action, Adventure, Fantasy","Warner Bros. Pictures, The Stone Quarry, DC Films, Atlas Entertainment","United States of America","English","superhero, based on comic, 1980s, action hero, dc extended universe (dceu)"
"17",436969,"The Suicide Squad",7.557,7692,"Released",2021-07-28,168717425,132,"False","/jlGmlFOcfo8n5tURmhC7YVd4Iyy.jpg",185000000,"https://www.thesuicidesquad.net","tt6334354","en","The Suicide Squad","Supervillains Harley Quinn, Bloodsport, Peacemaker and a collection of nutty cons at Belle Reve prison join the super-secret, super-shady Task Force X as they are dropped off at the remote, enemy-infused island of Corto Maltese.",63.194,"/kb4s0ML0iVZlG6wAKbbs9NAm6X.jpg","They're dying to save the world.","Action, Comedy, Adventure","DC Films, Atlas Entertainment, The Safran Company, Warner Bros. Pictures","United States of America","English, French, Spanish","monster, secret mission, superhero, anti hero, giant monster, gore, based on comic, alien, betrayal, alien invasion, convict, parasite, super villain, world domination, aftercreditsstinger, dc extended universe (dceu), muscular men, character deaths"
"18",550988,"Free Guy",7.55,7662,"Released",2021-08-11,331526598,115,"False","/7py8kUCYaOdFn1TfVS87BDBySOz.jpg",110000000,"https://www.20thcenturystudios.com/movies/free-guy","tt6264654","en","Free Guy","A bank teller discovers he is actually a background player in an open-world video game, and decides to become the hero of his own story. Now, in a world where there are no limits, he is determined to be the guy who saves his world his way before it's too late.",62.599,"/xmbU4JTUm8rsdtn7Y3Fcm30GpeT.jpg","Life's too short to be a background character.","Comedy, Adventure, Science Fiction","Berlanti Productions, 21 Laps Entertainment, Maximum Effort, Lit Entertainment Group, 20th Century Studios","United States of America","Japanese, English","hero, artificial intelligence (a.i.), video game, virtual reality, gun, code, gamer, bank robbery, bank teller, programmer, mmorpg, heroic"
"19",508943,"Luca",7.865,7625,"Released",2021-06-17,49750471,95,"False","/620hnMVLu6RSZW6a5rwO8gqpt0t.jpg",200000000,"https://www.disneyplus.com/movies/luca/7K1HyQ6Hl16P","tt12801262","en","Luca","Luca and his best friend Alberto experience an unforgettable summer on the Italian Riviera. But all the fun is threatened by a deeply-held secret: they are sea monsters from another world just below the water’s surface.",60.762,"/8tABCBpzu3mZbzMB3sRzMEHEvJi.jpg","Prepare for an unforgettable trip.","Animation, Comedy, Fantasy, Adventure, Family","Pixar, Walt Disney Pictures","United States of America","English, Italian","friendship, monster, italy, coming of age, friends, bromance, sea monster, vespa, aftercreditsstinger, seaside town, 1950s, pasta, water, italian riviera, pesto"
"20",38700,"Bad Boys for Life",7.139,7570,"Released",2020-01-15,426505244,124,"False","/4J1Vu6oGzt60fakP4delEPDqEhI.jpg",90000000,"https://www.sonypictures.com/movies/badboysforlife","tt1502397","en","Bad Boys for Life","Marcus and Mike are forced to confront new threats, career changes, and midlife crises as they join the newly created elite team AMMO of the Miami police department to take down the ruthless Armando Armas, the vicious leader of a Miami drug cartel.",46.619,"/y95lQLnuNKdPAzw9F9Ab8kJ80c3.jpg","Ride together. Die together.","Thriller, Action, Crime","Columbia Pictures, 2.0 Entertainment, Don Simpson/Jerry Bruckheimer Films, Overbrook Entertainment","United States of America","English, Spanish","miami, florida, detective, women's prison, sequel, prison escape, murder, drug cartel, police chase, police detective, buddy cop, buddy film, action hero, past relationship, méxico"
"21",361743,"Top Gun: Maverick",8.26,7546,"Released",2022-05-24,1488732821,131,"False","/AaV1YIdWKnjAIAOe8UUKBFm327v.jpg",170000000,"https://www.topgunmovie.com","tt1745960","en","Top Gun: Maverick","After more than thirty years of service as one of the Navy’s top aviators, and dodging the advancement in rank that would ground him, Pete “Maverick” Mitchell finds himself training a detachment of TOP GUN graduates for a specialized mission the likes of which no living pilot has ever seen.",126.291,"/62HCnUTziyWcpDaBO2i1DX17ljH.jpg","Feel the need... The need for speed.","Action, Drama","Skydance, Don Simpson/Jerry Bruckheimer Films, Paramount","United States of America","English","fighter pilot, u.s. navy, sequel, nuclear weapons, military"
"22",524434,"Eternals",6.927,7493,"Released",2021-11-03,402064899,156,"False","/c6H7Z4u73ir3cIoCteuhJh7UCAR.jpg",200000000,"https://www.marvel.com/movies/the-eternals","tt9032400","en","Eternals","The Eternals are a team of ancient aliens who have been living on Earth in secret for thousands of years. When an unexpected tragedy forces them out of the shadows, they are forced to reunite against mankind’s most ancient enemy, the Deviants.",60.521,"/lFByFSLV5WDJEv3KabbdAF959F2.jpg","In the beginning...","Science Fiction, Action, Adventure","Marvel Studios","Canada, United States of America","Arabic, English, Hindi, Latin, Spanish","superhero, supernatural, based on comic, alien, super power, aftercreditsstinger, marvel cinematic universe (mcu), sign languages, ancient, god-like"
"23",646380,"Don't Look Up",7.135,7227,"Released",2021-12-07,791863,138,"False","/w4mdpbqx0NqsgNKZ170U0QDcyl3.jpg",75000000,"https://www.netflix.com/title/81252357","tt11286314","en","Don't Look Up","Two American astronomers attempt to warn humankind about an approaching comet that will wipe out life on planet Earth.",29.694,"/th4E1yqsE8DGpAseLiUrI60Hf8V.jpg","Based on truly possible events.","Science Fiction, Comedy, Drama","Hyperobject Industries","United States of America","English","artificial intelligence (a.i.), the white house, asteroid, climate change, satire, global warming, comet, end of the world, social commentary, social satire, meteorite, astronomer, disaster, teacher student relationship, denial, mass hysteria, aftercreditsstinger, duringcreditsstinger"
"24",502356,"The Super Mario Bros. Movie",7.775,6743,"Released",2023-04-05,1355725263,93,"False","/9n2tJBplPbgR2ca05hS5CKXwP2c.jpg",100000000,"https://www.thesupermariobros.movie","tt6718170","en","The Super Mario Bros. Movie","While working underground to fix a water main, Brooklyn plumbers—and brothers—Mario and Luigi are transported down a mysterious pipe and wander into a magical new world. But when the brothers are separated, Mario embarks on an epic quest to find Luigi.",410.411,"/qNBAXBIQlnOThrVvA6mA2B5ggV6.jpg","Not all heroes wear capes. Some wear overalls.","Animation, Family, Adventure, Fantasy, Comedy","Universal Pictures, Illumination, Nintendo","Japan, United States of America","English","gorilla, plumber, anthropomorphism, magic mushroom, based on video game, toad, aftercreditsstinger, duringcreditsstinger, damsel in distress, piano, brother brother relationship, illumination, evil king, cliché"
"25",385128,"F9",7.139,6660,"Released",2021-05-19,726229501,143,"False","/xXHZeb1yhJvnSHPzZDqee0zfMb6.jpg",200000000,"https://www.thefastsaga.com","tt5433138","en","F9","Dominic Toretto and his crew battle the most skilled assassin and high-performance driver they've ever encountered: his forsaken brother.",48.986,"/bOFaAXmWWXC3Rbv4u4uM9ZSzRXP.jpg","Justice is coming.","Action, Adventure, Crime","Original Film, One Race, Perfect Storm Entertainment, Universal Pictures, Roth-Kirschenbaum Films","United States of America","English, French, German, Spanish","speed, family relationships, sequel, duringcreditsstinger, fast car, brother brother relationship"
"26",616037,"Thor: Love and Thunder",6.517,6510,"Released",2022-07-06,760928081,119,"False","/vvObT0eIWGlArLQx3K5wZ0uT812.jpg",250000000,"https://www.marvel.com/movies/thor-love-and-thunder","tt10648342","en","Thor: Love and Thunder","After his retirement is interrupted by Gorr the God Butcher, a galactic killer who seeks the extinction of the gods, Thor Odinson enlists the help of King Valkyrie, Korg, and ex-girlfriend Jane Foster, who now wields Mjolnir as the Mighty Thor. Together they embark upon a harrowing cosmic adventure to uncover the mystery of the God Butcher’s vengeance and stop him before it’s too late.",117.087,"/pIkRyD18kl4FhoCNQuWxWu5cBLM.jpg","The one is not the only.","Fantasy, Action, Comedy","Marvel Studios, Kevin Feige Productions","United States of America","English","hero, ex-girlfriend, superhero, greek mythology, based on comic, sequel, shadow, norse mythology, aftercreditsstinger, duringcreditsstinger, marvel cinematic universe (mcu), heroes, norse god, god of thunder, colorless, child abduction, thor"
"27",315162,"Puss in Boots: The Last Wish",8.266,6394,"Released",2022-12-07,482129780,103,"False","/b1Y8SUb12gPHCSSSNlbX4nB3IKy.jpg",90000000,"https://www.dreamworks.com/movies/puss-in-boots-the-last-wish","tt3915174","en","Puss in Boots: The Last Wish","Puss in Boots discovers that his passion for adventure has taken its toll: He has burned through eight of his nine lives, leaving him with only one life left. Puss sets out on an epic journey to find the mythical Last Wish and restore his nine lives.",221.49,"/kuf6dutpsT0vSVehic3EZIqkOBt.jpg","Live each adventure like it's your last.","Animation, Family, Fantasy, Adventure, Comedy, Action","DreamWorks Animation, Universal Pictures","United States of America","English, Spanish","fairy tale, sequel, talking dog, spin off, aftercreditsstinger, talking cat, fear of death, shrek cinematic universe"
"28",337401,"Mulan",6.906,6280,"Released",2020-09-04,66800000,115,"False","/zMrk2G3XsnfYKiIp1NEfdtvDyBH.jpg",200000000,"https://movies.disney.com/mulan-2020","tt4566758","en","Mulan","When the Emperor of China issues a decree that one man per family must serve in the Imperial Chinese Army to defend the country from Huns, Hua Mulan, the eldest daughter of an honored warrior, steps in to take the place of her ailing father. She is spirited, determined and quick on her feet. Disguised as a man by the name of Hua Jun, she is tested every step of the way and must harness her innermost strength and embrace her true potential.",43.222,"/aKx1ARwG55zZ0GpRvU2WrGrCG9o.jpg","Loyal. Brave. True.","Adventure, Fantasy, Drama, Action","Walt Disney Pictures, China Film Group Corporation, Good Fear, Jason T. Reed Productions","China, United States of America","English","martial arts, hero, china, fake identity, honor, east asian lead, heroine, based on myths, legends or folklore, live action and animation, chinese girl, live action remake"
"29",527774,"Raya and the Last Dragon",7.9,6271,"Released",2021-03-03,130423032,107,"False","/rcUcYzGGicDvhDs58uM44tJKB9F.jpg",100000000,"https://movies.disney.com/raya-and-the-last-dragon","tt5109280","en","Raya and the Last Dragon","Long ago, in the fantasy world of Kumandra, humans and dragons lived together in harmony. But when an evil force threatened the land, the dragons sacrificed themselves to save humanity. Now, 500 years later, that same evil has returned and it’s up to a lone warrior, Raya, to track down the legendary last dragon to restore the fractured land and its divided people.",53.503,"/lPsD10PP4rgUGiGR4CCXA6iY0QQ.jpg","A quest to save her world.","Animation, Family, Fantasy, Action, Adventure","Walt Disney Pictures, Walt Disney Animation Studios","United States of America","English","kung fu, sword, warrior woman, female protagonist, dragon, vietnamese, south asian, warrior"
"30",615457,"Nobody",8.018,6217,"Released",2021-03-18,61779301,92,"False","/6zbKgwgaaCyyBXE4Sun4oWQfQmi.jpg",17000000,"https://www.nobody.movie","tt7888964","en","Nobody","Hutch Mansell, a suburban dad, overlooked husband, nothing neighbor — a ""nobody."" When two thieves break into his home one night, Hutch's unknown long-simmering rage is ignited and propels him on a brutal path that will uncover dark secrets he fought to leave behind.",44.03,"/oBgWY00bEFeZ9N25wWVyuQddbAo.jpg","Never underestimate a nobody.","Action, Crime, Thriller","87North Productions, Odenkirk Provissiero Entertainment, Eighty Two Films","United States of America","English, Russian, Spanish","assassin, double life, midlife crisis, bratva (russian mafia), secret organization, thief, home invasion, family, duringcreditsstinger"
"31",520763,"A Quiet Place Part II",7.511,5691,"Released",2021-05-21,297400000,97,"False","/z2UtGA1WggESspi6KOXeo66lvLx.jpg",61000000,"https://www.aquietplacemovie.com","tt8332922","en","A Quiet Place Part II","Following the events at home, the Abbott family now face the terrors of the outside world. Forced to venture into the unknown, they realize that the creatures that hunt by sound are not the only threats that lurk beyond the sand path.",46.269,"/4q2hz2m8hubgvijz8Ez0T2Os2Yv.jpg","Silence is not enough.","Science Fiction, Thriller, Horror","Paramount, Platinum Dunes, Sunday Night, Buffalo FilmWorks","United States of America","English","island, post-apocalyptic future, radio transmission, alien life-form, death of father, child in peril, sequel, alien, flashback, psychological thriller, creature, alien invasion, parenting, family, survival horror, alien monster, human vs alien, sign languages, alien attack, hearing impaired, newborn baby, anxious, new york"
"32",508439,"Onward",7.726,5687,"Released",2020-02-29,141940042,103,"False","/xFxk4vnirOtUxpOEWgA1MCRfy6J.jpg",200000000,"https://movies.disney.com/onward","tt7146812","en","Onward","In a suburban fantasy world, two teenage elf brothers embark on an extraordinary quest to discover if there is still a little magic left out there.",25.372,"/f4aul3FyD3jv3v4bul1IrkWZvzq.jpg","Their quest begineth.","Family, Animation, Adventure, Comedy, Fantasy","Walt Disney Pictures, Pixar","United States of America","English","elves, magic, dead father, dead parent, fantasy world, teenage protagonist, brother brother relationship"
"33",370172,"No Time to Die",7.402,5502,"Released",2021-09-29,774153007,163,"False","/r2GAjd4rNOHJh6i6Y0FntmYuPQW.jpg",250000000,"https://www.007.com/no-time-to-die/","tt2382320","en","No Time to Die","Bond has left active service and is enjoying a tranquil life in Jamaica. His peace is short-lived when his old friend Felix Leiter from the CIA turns up asking for help. The mission to rescue a kidnapped scientist turns out to be far more treacherous than expected, leading Bond onto the trail of a mysterious villain armed with dangerous new technology.",51.295,"/iUgygt3fscRoKWCV1d0C7FbM9TP.jpg","The mission that changes everything begins…","Action, Thriller, Romance","Eon Productions, Metro-Goldwyn-Mayer, Universal Pictures","United Kingdom, United States of America","English, Spanish, French, Italian, Russian","based on novel or book, forgiveness, poison, spy, mi6, family, british secret service, parents, global threat, nanobots"
"34",505642,"Black Panther: Wakanda Forever",7.193,5475,"Released",2022-11-09,859102154,162,"False","/xDMIl84Qo5Tsu62c9DGWhmPI67A.jpg",250000000,"https://wakandaforevertickets.com","tt9114286","en","Black Panther: Wakanda Forever","Queen Ramonda, Shuri, M’Baku, Okoye and the Dora Milaje fight to protect their nation from intervening world powers in the wake of King T’Challa’s death.  As the Wakandans strive to embrace their next chapter, the heroes must band together with the help of War Dog Nakia and Everett Ross and forge a new path for the kingdom of Wakanda.",131.897,"/sv1xJUazXeYqALzczSZ3O6nkH75.jpg","Forever.","Action, Adventure, Science Fiction","Marvel Studios","United States of America","English, French, Haitian; Haitian Creole, Spanish, Xhosa","hero, loss of loved one, superhero, royal family, based on comic, sequel, royalty, underwater, political intrigue , death in family, mourning, death of brother, duringcreditsstinger, death of king, marvel cinematic universe (mcu), hidden civilization, yucatan, mayans"
"35",436270,"Black Adam",7.014,5467,"Released",2022-10-19,393252111,124,"False","/bQXAqRx2Fgc46uCVWgoPz5L5Dtr.jpg",200000000,"https://www.dc.com/BlackAdam","tt6443346","en","Black Adam","Nearly 5,000 years after he was bestowed with the almighty powers of the Egyptian gods—and imprisoned just as quickly—Black Adam is freed from his earthly tomb, ready to unleash his unique form of justice on the modern world.",104.759,"/pFlaoHTZeyNkG83vxsAJiGzfSsa.jpg","Power born from rage.","Action, Adventure, Science Fiction","New Line Cinema, Flynn Picture Company, DC Films, Seven Bucks Productions","United States of America","English","lightning, superhero, anti hero, based on comic, demon, superhero team, duringcreditsstinger, dc extended universe (dceu)"
"36",460465,"Mortal Kombat",7.081,5427,"Released",2021-04-07,84426031,110,"False","/9yBVqNruk6Ykrwc32qrK2TIE5xw.jpg",20000000,"https://www.mortalkombatmovie.net","tt0293429","en","Mortal Kombat","Washed-up MMA fighter Cole Young, unaware of his heritage, and hunted by Emperor Shang Tsung's best warrior, Sub-Zero, seeks out and trains with Earth's greatest champions as he prepares to stand against the enemies of Outworld in a high stakes battle for the universe.",49.774,"/ybrX94xQm8lXYpZAPRmwD9iIbWP.jpg","Get over here.","Action, Fantasy, Adventure","Atomic Monster, Broken Road Productions, New Line Cinema","United States of America","Japanese, English, Mandarin","saving the world, magic, ninja fighter, alternate dimension, shaolin monk, fighting, based on video game, martial arts tournament, gods, hand to hand combat"
"37",423108,"The Conjuring: The Devil Made Me Do It",7.491,5407,"Released",2021-05-25,206431050,111,"False","/qi6Edc1OPcyENecGtz8TF0DUr9e.jpg",39000000,"http://www.theconjuringmovie.net","tt7069210","en","The Conjuring: The Devil Made Me Do It","Paranormal investigators Ed and Lorraine Warren encounter what would become one of the most sensational cases from their files. The fight for the soul of a young boy takes them beyond anything they'd ever seen before, to mark the first time in U.S. history that a murder suspect would claim demonic possession as a defense.",152.616,"/xbSuFiJbbBWCkyCCKIMfuDCA4yV.jpg","The demonic case that shocked America.","Horror, Mystery, Thriller","New Line Cinema, The Safran Company, Atomic Monster","United States of America","English, Portuguese","supernatural, exorcism, connecticut, sequel, paranormal investigation, 1980s, religious horror, the conjuring universe"
"38",570670,"The Invisible Man",7.129,5282,"Released",2020-02-26,144492724,124,"False","/tweDJNQzBGgsWVF5MC8JhSAk07p.jpg",7000000,"https://www.theinvisiblemanmovie.com/","tt1051906","en","The Invisible Man","When Cecilia's abusive ex takes his own life and leaves her his fortune, she suspects his death was a hoax. As a series of coincidences turn lethal, Cecilia works to prove that she is being hunted by someone nobody can see.",22.738,"/5EufsDwXdY2CVttYOk2WtYhgKpa.jpg","What You Can't See Can Hurt You","Thriller, Science Fiction, Horror","Blumhouse Productions, Universal Pictures, Goalpost Pictures, Nervous Tick, Screen Australia","Australia, United States of America","English","based on novel or book, pregnancy, architect, fake suicide, stalker, murder, domestic abuse, scientist, police detective, death, invisible person, mental hospital, woman in peril, invisible man"
"39",507086,"Jurassic World Dominion",6.787,5225,"Released",2022-06-01,1001978080,147,"False","/9eAn20y26wtB3aet7w9lHjuSgZ3.jpg",165000000,"https://www.jurassicworld.com","tt8041270","en","Jurassic World Dominion","Four years after Isla Nublar was destroyed, dinosaurs now live—and hunt—alongside humans all over the world. This fragile balance will reshape the future and determine, once and for all, whether human beings are to remain the apex predators ona planet they now share with history's most fearsome creatures.",113.897,"/kAVRgw7GgK1CfYEJq8ME6EvRIgU.jpg","The epic conclusion of the Jurassic era.","Adventure, Action, Science Fiction","Amblin Entertainment, Universal Pictures","United States of America","English","giant monster, sequel, dinosaur, child kidnapping, jurassic, animal sanctuary"
"40",545611,"Everything Everywhere All at Once",7.822,5210,"Released",2022-03-24,139200000,140,"False","/ss0Os3uWJfQAENILHZUdX8Tt1OC.jpg",25000000,"https://a24films.com/films/everything-everywhere-all-at-once","tt6710474","en","Everything Everywhere All at Once","An aging Chinese immigrant is swept up in an insane adventure, where she alone can save what's important to her by connecting with the lives she could have led in other universes.",64.278,"/rKvCys0fMIIi1X9rmJBxTPLAtoU.jpg","The universe is so much bigger than you realize.","Action, Adventure, Science Fiction","AGBO, Ley Line Entertainment, Year of the Rat Productions, A24, IAC Films","United States of America","Cantonese, Mandarin, English","mother, martial arts, kung fu, philosophy, generations conflict, chinese woman, laundromat, chinese, east asian lead, divorce, family, hot dog, asian woman, chinese immigrant, mother daughter relationship, asian american, intergenerational trauma, internal revenue service, ridiculous, 瞬息全宇宙"
"41",451048,"Jungle Cruise",7.418,5199,"Released",2021-07-28,220889446,127,"False","/7WJjFviFBffEJvkAms4uWwbcVUk.jpg",200000000,"https://movies.disney.com/jungle-cruise","tt0870154","en","Jungle Cruise","Dr. Lily Houghton enlists the aid of wisecracking skipper Frank Wolff to take her down the Amazon in his dilapidated boat. Together, they search for an ancient tree that holds the power to heal – a discovery that will change the future of medicine.",48.284,"/9dKCd55IuTT5QRs989m9Qlb7d2B.jpg","The myth is real.","Action, Adventure, Fantasy","Walt Disney Pictures, Seven Bucks Productions, Davis Entertainment, Flynn Picture Company, TSG Entertainment, Zaftig Films","United States of America","English, French, Spanish, Latin, German, Polish, Portuguese, Italian","jungle, riverboat, 1910s, amazon river, based on theme park ride"
"42",512195,"Red Notice",6.803,5135,"Released",2021-11-04,178143,118,"False","/dK12GIdhGP6NPGFssK2Fh265jyr.jpg",160000000,"https://www.rednoticemovie.com","tt7991608","en","Red Notice","An Interpol-issued Red Notice is a global alert to hunt and capture the world's most wanted. But when a daring heist brings together the FBI's top profiler and two rival criminals, there's no telling what will happen.",52.476,"/lAXONuqg41NwUMuzMiFvicDET9Y.jpg","Pro and cons.","Action, Comedy, Crime","Flynn Picture Company, Seven Bucks Productions, Bad Version","United States of America","English, Indonesian, Italian, Russian, Spanish","fbi, interpol, cleopatra, heist, art thief"
"43",522627,"The Gentlemen",7.678,5079,"Released",2020-01-01,115171795,113,"False","/tintsaQ0WLzZsTMkTiqtMB3rfc8.jpg",22000000,"https://www.thegentlemen.movie/","tt8367814","en","The Gentlemen","American expat Mickey Pearson has built a highly profitable marijuana empire in London. When word gets out that he’s looking to cash out of the business forever it triggers plots, schemes, bribery and blackmail in an attempt to steal his domain out from under him.",31.06,"/jtrhTYB7xSrJxR1vusu99nvnZ1g.jpg","Criminal. Class.","Comedy, Crime","Miramax, Toff Guy Films, STX Films","United States of America, United Kingdom","English","london, england, robbery, businessman, dark comedy, betrayal, marijuana, business, jewish american, gunfight, brutality, cynical, american abroad, irishman, scheme, gangsters"
"44",346698,"Barbie",7.279,5074,"Released",2023-07-19,1428545028,114,"False","/ctMserH8g2SeOAnCw5gFjdQF8mo.jpg",145000000,"https://www.barbie-themovie.com","tt1517268","en","Barbie","Barbie and Ken are having the time of their lives in the colorful and seemingly perfect world of Barbie Land. However, when they get a chance to go to the real world, they soon discover the joys and perils of living among humans.",1069.34,"/iuFNMS8U5cb6xfzi51Dbkovj7vM.jpg","She's everything. He's just Ken.","Comedy, Adventure, Fantasy","LuckyChap Entertainment, Heyday Films, NB/GG Pictures, Mattel","United Kingdom, United States of America","English","feminism, satire, patriarchy, based on toy, female protagonist, doll, submissive, fantasy world, motherhood, existentialism, woman director, mother daughter relationship, gender discrimination, barbie, secret world"
"45",335787,"Uncharted",7.002,5066,"Released",2022-02-10,407141258,116,"False","/fwrqW8Lp5VQuppFrODd4iJ8LySE.jpg",120000000,"https://www.unchartedmovie.com","tt1464335","en","Uncharted","A young street-smart, Nathan Drake and his wisecracking partner Victor “Sully” Sullivan embark on a dangerous pursuit of “the greatest treasure never found” while also tracking clues that may lead to Nathan’s long-lost brother.",79.542,"/rJHC1RUORuUhtfNb4Npclx0xnOf.jpg","Fortune favors the bold.","Action, Adventure","Columbia Pictures, Atlas Entertainment, PlayStation Productions, Arad Productions","United States of America","English, Spanish","lighter, treasure hunt, treasure map, based on video game, lost treasure, duringcreditsstinger, missing relative"
"46",624860,"The Matrix Resurrections",6.479,5018,"Released",2021-12-16,156497322,147,"False","/eNI7PtK6DEYgZmHWP9gQNuff8pv.jpg",190000000,"https://www.whatisthematrix.com","tt10838180","en","The Matrix Resurrections","Plagued by strange memories, Neo's life takes an unexpected turn when he finds himself back inside the Matrix.",52.143,"/8c4a8kE7PizaGQQnditMmI1xbRp.jpg","Return to the Source.","Science Fiction, Action, Adventure","Warner Bros. Pictures, Village Roadshow Pictures, Venus Castina Productions","Canada, Germany, United States of America","English","future, man vs machine, underground world, artificial intelligence (a.i.), computer, virtual reality, prophecy, dystopia, cyberpunk, aftercreditsstinger, dream world, woman director, gnosticism"
"47",447365,"Guardians of the Galaxy Vol. 3",8.023,4941,"Released",2023-05-03,845430302,150,"False","/5YZbUmjbMa3ClvSW1Wj3D6XGolb.jpg",250000000,"https://www.marvel.com/movies/guardians-of-the-galaxy-volume-3","tt6791350","en","Guardians of the Galaxy Vol. 3","Peter Quill, still reeling from the loss of Gamora, must rally his team around him to defend the universe along with protecting one of their own. A mission that, if not completed successfully, could quite possibly lead to the end of the Guardians as we know them.",318.516,"/r2J02Z2OpNTctfOSN1Ydgii51I3.jpg","Once more with feeling.","Science Fiction, Adventure, Action","Marvel Studios, Kevin Feige Productions","United States of America","English","hero, superhero, mad scientist, based on comic, sequel, superhero team, space opera, raccoon, aftercreditsstinger, duringcreditsstinger, marvel cinematic universe (mcu), cosmic, outer space, chosen family"
"48",718930,"Bullet Train",7.495,4804,"Released",2022-08-03,239268602,126,"False","/y2Ca1neKke2mGPMaHzlCNDVZqsK.jpg",90000000,"https://www.bullettrainmovie.com","tt12593682","en","Bullet Train","Unlucky assassin Ladybug is determined to do his job peacefully after one too many gigs gone off the rails. Fate, however, may have other plans, as Ladybug's latest mission puts him on a collision course with lethal adversaries from around the globe—all with connected, yet conflicting, objectives—on the world's fastest train.",79.836,"/j8szC8OgrejDQjjMKSVXyaAjw3V.jpg","The end of the line is just the beginning.","Action, Comedy, Thriller","87North Productions, Columbia Pictures","United States of America","Japanese, English, Russian, Spanish","mission, japan, assassin, based on novel or book, train, luck, deadly snake, duringcreditsstinger, one location, 子弹列车, ridiculous"
"49",338762,"Bloodshot",6.76,4681,"Released",2020-03-05,39861118,110,"False","/lP5eKh8WOcPysfELrUpGhHJGZEH.jpg",42000000,"https://www.bloodshot.movie/","tt1634106","en","Bloodshot","After he and his wife are murdered, marine Ray Garrison is resurrected by a team of scientists. Enhanced with nanotechnology, he becomes a superhuman, biotech killing machine—'Bloodshot'. As Ray first trains with fellow super-soldiers, he cannot recall anything from his former life. But when his memories flood back and he remembers the man that killed both him and his wife, he breaks out of the facility to get revenge, only to discover that there's more to the conspiracy than he thought.",29.852,"/8WUVHemHFH2ZIP6NWkwlHWsyrEL.jpg","Being a superhero is in his blood","Action, Science Fiction, Adventure","Cross Creek Pictures, Mimran Schur Pictures, Original Film, The Hideaway Entertainment, Valiant Entertainment, Columbia Pictures, One Race, Bona Film Group, Mid Atlantic Films","Canada, China, Hungary, South Africa, United States of America","English","nanotechnology, superhero, based on comic, memory, psychotronic, valiant comics"
"50",603692,"John Wick: Chapter 4",7.814,4639,"Released",2023-03-22,426978565,170,"False","/i3OTGmLNOZIo4SRQLVfLjeWegB6.jpg",90000000,"https://johnwick.movie","tt10366206","en","John Wick: Chapter 4","With the price on his head ever increasing, John Wick uncovers a path to defeating The High Table. But before he can earn his freedom, Wick must face off against a new enemy with powerful alliances across the globe and forces that turn old friends into foes.",482.538,"/vZloFAK7NmvMGKE7VkF5UHaz0I.jpg","No way back, one way out.","Action, Thriller, Crime","Thunder Road, 87Eleven, Summit Entertainment, Studio Babelsberg","Germany, United States of America","Arabic, Cantonese, English, French, German, Japanese, Latin, Russian, Spanish","new york city, martial arts, hitman, sequel, organized crime, osaka, japan, blindness, aftercreditsstinger, hunted, consequences, professional assassin, neo-noir, berlin, suspenseful, intense"
"51",637649,"Wrath of Man",7.669,4632,"Released",2021-04-22,103966489,119,"False","/70AV2Xx5FQYj20labp0EGdbjI6E.jpg",40000000,"https://www.miramax.com/movie/wrath-of-man","tt11083552","en","Wrath of Man","A cold and mysterious new security guard for a Los Angeles cash truck company surprises his co-workers when he unleashes precision skills during a heist. The crew is left wondering who he is and where he came from. Soon, the marksman's ultimate motive becomes clear as he takes dramatic and irrevocable steps to settle a score.",56.933,"/M7SUK85sKjaStg4TKhlAVyGlz3.jpg","A one man army.","Crime, Thriller, Action","Miramax, Metro-Goldwyn-Mayer, Toff Guy Films, Flic Films UK","United Kingdom, United States of America","English","robbery, crime boss, revenge, shootout, shooter, los angeles, california, theft, security guard, ex soldier, cash truck"
"52",661374,"Glass Onion: A Knives Out Mystery",7.059,4530,"Released",2022-11-12,13280000,140,"False","/dKqa850uvbNSCaQCV4Im1XlzEtQ.jpg",40000000,"https://glassonionmovie.com","tt11564570","en","Glass Onion: A Knives Out Mystery","World-famous detective Benoit Blanc heads to Greece to peel back the layers of a mystery surrounding a tech billionaire and his eclectic crew of friends.",48.932,"/vDGr1YdrlfbU9wxTOdpf3zChmv9.jpg","When the game ends, the mystery begins.","Comedy, Crime, Mystery","T-Street Productions","United States of America","English","detective, greece, investigation, mona lisa (la gioconda), satire, sequel, murder, billionaire, whodunit, puzzle box, clue, identical twin, murder mystery, arrested development, covid-19"
"53",508947,"Turning Red",7.442,4484,"Released",2022-03-10,18879922,100,"False","/fOy2Jurz9k6RnJnMUMRDAgBwru2.jpg",190000000,"https://www.disneyplus.com/movies/turning-red/4mFPCXJi7N2m","tt8097030","en","Turning Red","Thirteen-year-old Mei is experiencing the awkwardness of being a teenager with a twist – when she gets too excited, she transforms into a giant red panda.",93.162,"/qsdjk9oAKSQMWs0Vt5Pyfh6O4GZ.jpg","Growing up is a beast.","Animation, Family, Comedy, Fantasy","Walt Disney Pictures, Pixar","United States of America","Cantonese, Mandarin, Korean, French, English","friendship, canada, concert, temple, shapeshifting, toronto, canada, coming of age, teenage girl, female protagonist, east asian lead, animal, domineering mother, perfectionist, aftercreditsstinger, chinese canadian, woman director, ancestor, boy band, mother daughter relationship, red panda"
"54",569094,"Spider-Man: Across the Spider-Verse",8.442,4394,"Released",2023-05-31,683241751,140,"False","/4HodYYKEIsGOdinkGi2Ucz6X9i0.jpg",100000000,"https://www.acrossthespiderverse.movie","tt9362722","en","Spider-Man: Across the Spider-Verse","After reuniting with Gwen Stacy, Brooklyn’s full-time, friendly neighborhood Spider-Man is catapulted across the Multiverse, where he encounters the Spider Society, a team of Spider-People charged with protecting the Multiverse’s very existence. But when the heroes clash on how to handle a new threat, Miles finds himself pitted against the other Spiders and must set out on his own to save those he loves most.",512.336,"/8Vt6mWEReuy4Of61Lnj5Xj704m8.jpg","It's how you wear the mask that matters.","Animation, Action, Adventure","Columbia Pictures, Sony Pictures Animation, Lord Miller, Pascal Pictures, Arad Productions","United States of America","English, Hindi, Italian, Spanish","new york city, sacrifice, superhero, comic book, based on comic, sequel, romance, alternate dimension, india, alternate version, super power, brooklyn, new york city, superhero team, spider bite, super villain, cliffhanger, teen superhero, chelsea, alternate universe, teen romance, female superhero, slow burn romance, interdimensional travel, defying fate"
"55",675353,"Sonic the Hedgehog 2",7.57,4225,"Released",2022-04-08,405421518,123,"False","/yEQqrW61rwNuVRHTjgHOAU4dXNE.jpg",110000000,"https://www.paramountmovies.com/movies/sonic-the-hedgehog-2","tt12412888","en","Sonic the Hedgehog 2","After settling in Green Hills, Sonic is eager to prove he has what it takes to be a true hero. His test comes when Dr. Robotnik returns, this time with a new partner, Knuckles, in search for an emerald that has the power to destroy civilizations. Sonic teams up with his own sidekick, Tails, and together they embark on a globe-trotting journey to find the emerald before it falls into the wrong hands.",142.66,"/6DrHO1jr3qVrViUO6s6kFiAGM7.jpg","Welcome to the next level.","Action, Adventure, Family, Comedy","Original Film, Blur Studio, Marza Animation Planet, Paramount, SEGA","Japan, United States of America","English, French, Latin, Greek, Russian","mad scientist, sequel, revenge, based on video game, duringcreditsstinger, hedgehog, live action and animation"
"56",756999,"The Black Phone",7.701,4158,"Released",2022-06-22,161440742,103,"False","/AfvIjhDu9p64jKcmohS4hsPG95Q.jpg",17000000,"https://www.theblackphonemovie.com/","tt7144666","en","The Black Phone","Finney Blake, a shy but clever 13-year-old boy, is abducted by a sadistic killer and trapped in a soundproof basement where screaming is of little use. When a disconnected phone on the wall begins to ring, Finney discovers that he can hear the voices of the killer’s previous victims. And they are dead set on making sure that what happened to them doesn’t happen to Finney.",51.024,"/lr11mCT85T1JanlgjMuhs9nMht4.jpg","Never talk to strangers.","Horror, Thriller","Universal Pictures, Blumhouse Productions, Crooked Highway","United States of America","English","mask, small town, child abuse, dream, sibling relationship, kidnapping, sadistic, 1970s, supernatural, cellar, colorado, bullying, basement, serial killer, based on short story, alcoholic father, child kidnapping"
"57",524047,"Greenland",7.14,4013,"Released",2020-07-29,52300000,120,"False","/2Fk3AB8E9dYIBc2ywJkxk8BTyhc.jpg",34000000,"http://www.stxfilms.com/greenland/","tt7737786","en","Greenland","John Garrity, his estranged wife and their young son embark on a perilous journey to find sanctuary as a planet-killing comet hurtles toward Earth. Amid terrifying accounts of cities getting levelled, the Garritys experience the best and worst in humanity. As the countdown to the global apocalypse approaches zero, their incredible trek culminates in a desperate and last-minute flight to a possible safe haven.",35.287,"/bNo2mcvSwIvnx8K6y1euAc1TLVq.jpg","","Action, Thriller, Drama","STX Films, Thunder Road, Anton, G-BASE, Riverstone Pictures, Truenorth Productions","United Kingdom, United States of America","English","husband wife relationship, panic, kidnapping, looting, natural disaster, state of emergency, comet, end of the world, meteorite, disaster, apocalypse, destruction of planet, diabetic, army base, emergency, greenland, atlanta, georgia"
"58",640146,"Ant-Man and the Wasp: Quantumania",6.431,4009,"Released",2023-02-15,476071180,125,"False","/m8JTwHFwX7I7JY5fPe4SjqejWag.jpg",200000000,"https://www.marvel.com/movies/ant-man-and-the-wasp-quantumania","tt10954600","en","Ant-Man and the Wasp: Quantumania","Super-Hero partners Scott Lang and Hope van Dyne, along with with Hope's parents Janet van Dyne and Hank Pym, and Scott's daughter Cassie Lang, find themselves exploring the Quantum Realm, interacting with strange new creatures and embarking on an adventure that will push them beyond the limits of what they thought possible.",173.694,"/qnqGbB22YJ7dSs4o6M7exTpNxPz.jpg","Witness the beginning of a new dynasty.","Action, Adventure, Science Fiction","Marvel Studios, Kevin Feige Productions","United States of America","English","hero, superhero, ant, based on comic, sequel, family, superhero team, aftercreditsstinger, duringcreditsstinger, marvel cinematic universe (mcu)"
"59",476669,"The King's Man",6.794,3932,"Released",2021-12-22,125928656,131,"False","/4OTYefcAlaShn6TGVK33UxLW9R7.jpg",100000000,"https://www.20thcenturystudios.com/movies/the-kings-man","tt6856242","en","The King's Man","As a collection of history's worst tyrants and criminal masterminds gather to plot a war to wipe out millions, one man must race against time to stop them.",52.773,"/mpOzVPDFDI15WaKV6dqpYp441rZ.jpg","Witness the bloody origin.","Action, Adventure, Thriller","Marv Films, Cloudy Productions, 20th Century Studios","United Kingdom, United States of America","English","london, england, world war i, spy, based on comic, prequel, rasputin, world domination, duringcreditsstinger, 1910s, spy universe, admiring"
"60",438695,"Sing 2",7.918,3919,"Released",2021-12-01,4.06e+08,110,"False","/6mJrgL7Mi13XjJeGYJFlD6UEVQw.jpg",85000000,"https://www.illumination.com/movie/sing-2/","tt6467266","en","Sing 2","Buster and his new cast now have their sights set on debuting a new show at the Crystal Tower Theater in glamorous Redshore City. But with no connections, he and his singers must sneak into the Crystal Entertainment offices, run by the ruthless wolf mogul Jimmy Crystal, where the gang pitches the ridiculous idea of casting the lion rock legend Clay Calloway in their show. Buster must embark on a quest to find the now-isolated Clay and persuade him to return to the stage.",83.117,"/aWeKITRFbbwY8txG5uCj4rMCfSP.jpg","Where will your dreams take you?","Animation, Family","Universal Pictures, Illumination","United States of America","English","stage, villain, sequel, anthropomorphism, singing, animal, illumination"
"61",425909,"Ghostbusters: Afterlife",7.451,3898,"Released",2021-11-11,1.91e+08,124,"False","/zplzc6jxO3SK7Pa4yxVoRY5VflT.jpg",75000000,"https://ghostbusters.com/","tt4513678","en","Ghostbusters: Afterlife","When a single mom and her two kids arrive in a small town, they begin to discover their connection to the original Ghostbusters and the secret legacy their grandfather left behind.",59.556,"/ggcBBYgnwrRAdx2vTthSAZDfrrk.jpg","Discover the past. Protect the future.","Fantasy, Comedy, Adventure","Columbia Pictures, Bron Studios, The Montecito Picture Company, Ghost Corps","Canada, United States of America","English","small town, afterlife, ghostbuster, nostalgia, sequel, ghost, aftercreditsstinger, duringcreditsstinger, dead grandfather, ancient evil, otherworldly beings, paranormal events, father absence, ghostbusters"
"62",385687,"Fast X",7.265,3881,"Released",2023-05-17,704709660,142,"False","/4XM8DUTQb3lhLemJC51Jx4a2EuA.jpg",340000000,"https://fastxmovie.com","tt5433140","en","Fast X","Over many missions and against impossible odds, Dom Toretto and his family have outsmarted, out-nerved and outdriven every foe in their path. Now, they confront the most lethal opponent they've ever faced: A terrifying threat emerging from the shadows of the past who's fueled by blood revenge, and who is determined to shatter this family and destroy everything—and everyone—that Dom loves, forever.",1175.267,"/fiVW06jE7z9YnO4trhaMEdclSiC.jpg","The end of the road begins.","Action, Crime, Thriller","Universal Pictures, Original Film, One Race, Perfect Storm Entertainment","United States of America","English","sequel, revenge, betrayal, racing, family, cliffhanger, cars"
"63",631843,"Old",6.387,3856,"Released",2021-07-21,90146510,108,"False","/1Tnp8j0jbLbYomgjJ1Klj9RhVO6.jpg",18000000,"https://www.old.movie/","tt10954652","en","Old","A group of families on a tropical holiday discover that the secluded beach where they are staying is somehow causing them to age rapidly – reducing their entire lives into a single day.",39.363,"/vclShucpUmPhdAOmKgf3B3Z4POD.jpg","It's only a matter of time.","Thriller, Mystery, Horror","Universal Pictures, Blinding Edge Pictures, Perfect World Pictures, dentsu","Japan, United States of America","English","beach, time warp, time, murder, family, based on graphic novel, family holiday, sickness, time-manipulation, human experiment, medical experiment, experimental drug, secret experiment"
"64",338953,"Fantastic Beasts: The Secrets of Dumbledore",6.721,3816,"Released",2022-04-06,406950844,142,"False","/zGLHX92Gk96O1DJvLil7ObJTbaL.jpg",200000000,"https://www.fantasticbeasts.com","tt4123432","en","Fantastic Beasts: The Secrets of Dumbledore","Professor Albus Dumbledore knows the powerful, dark wizard Gellert Grindelwald is moving to seize control of the wizarding world. Unable to stop him alone, he entrusts magizoologist Newt Scamander to lead an intrepid team of wizards and witches. They soon encounter an array of old and new beasts as they clash with Grindelwald's growing legion of followers.",73.975,"/jrgifaYeUtTnaH7NF5Drkgjg2MB.jpg","Return to the magic.","Fantasy, Adventure, Family","Warner Bros. Pictures, Heyday Films","United Kingdom, United States of America","English","prison, witch, berlin, germany, magic, election campaign, curse, bhutan, fantasy world, wizard, magical creature, 1930s, good versus evil, wizarding world"
"65",872585,"Oppenheimer",8.256,3766,"Released",2023-07-19,933700000,181,"False","/fm6KqXpk3M2HVveHwCrBSSBaO0V.jpg",100000000,"http://www.oppenheimermovie.com","tt15398776","en","Oppenheimer","The story of J. Robert Oppenheimer’s role in the development of the atomic bomb during World War II.",463.384,"/8Gxv8gSFCU0XGDykEGv7zR1n2ua.jpg","The world forever changes.","Drama, History","Syncopy, Universal Pictures, Atlas Entertainment","United Kingdom, United States of America","Dutch, English","husband wife relationship, based on novel or book, atomic bomb, patriotism, new mexico, world war ii, atomic bomb test, physics, biography, based on true story, interrogation, guilt, historical event, nuclear weapons, communism, red scare, mccarthyism, top secret project, moral dilemma, usa politics, 1940s, antisemitism, 20th century, manhattan project, los alamos"
"66",379686,"Space Jam: A New Legacy",6.829,3732,"Released",2021-07-08,163692228,115,"False","/8s4h9friP6Ci3adRGahHARVd76E.jpg",150000000,"https://www.spacejam.com","tt3554046","en","Space Jam: A New Legacy","When LeBron and his young son Dom are trapped in a digital space by a rogue A.I., LeBron must get them home safe by leading Bugs, Lola Bunny and the whole gang of notoriously undisciplined Looney Tunes to victory over the A.I.'s digitized champions on the court. It's Tunes versus Goons in the highest-stakes challenge of his life.",45.412,"/5bFK5d3mVTAvBCXi5NPWH0tYjKl.jpg","Welcome to the Jam!","Family, Animation, Comedy, Science Fiction","Warner Bros. Pictures Animation, SpringHill Entertainment, Proximity Media, Warner Bros. Pictures","United States of America","English","sports, cartoon, basketball, game, live action and animation, space jam"
"67",526896,"Morbius",6.115,3693,"Released",2022-03-30,167500000,105,"False","/jzWT0zd8U77fqWg5WgUfYaMzSFz.jpg",75000000,"https://www.morbius.movie/","tt5108870","en","Morbius","Dangerously ill with a rare blood disorder, and determined to save others suffering his same fate, Dr. Michael Morbius attempts a desperate gamble. What at first appears to be a radical success soon reveals itself to be a remedy potentially worse than the disease.",53.018,"/6JjfSchsU6daXk2AKX8EEBjO3Fm.jpg","A new Marvel legend arrives.","Action, Science Fiction, Fantasy","Columbia Pictures, Matt Tolmach Productions, Arad Productions","United States of America","English, Greek, Norwegian, Spanish","vampire, based on comic, duringcreditsstinger, supervillain, it's morbin time"
"68",593643,"The Menu",7.197,3692,"Released",2022-11-17,79628200,107,"False","/mSyQoValhBsJdq3JNGXJww2Q5yL.jpg",35000000,"https://searchlightpictures.com/the-menu","tt9764362","en","The Menu","A young couple travels to a remote island to eat at an exclusive restaurant where the chef has prepared a lavish menu, with some shocking surprises.",42.724,"/v31MsWhF9WFh7Qooq6xSBbmJxoG.jpg","Painstakingly prepared. Brilliantly executed.","Comedy, Thriller, Horror","Hyperobject Industries, Searchlight Pictures, Gary Sanchez Productions, TSG Entertainment","United States of America","English, Spanish","psychopath, obsession, mass murder, restaurant, dark comedy, revenge, food, dinner, chef, food critic, remote island, french cuisine, culinary arts, fine dining, haute cuisine"
"69",590223,"Love and Monsters",7.335,3639,"Released",2020-10-16,1122066,109,"False","/lA5fOBqTOQBQ1s9lEYYPmNXoYLi.jpg",30000000,"https://www.paramountmovies.com/movies/love-and-monsters","tt2222042","en","Love and Monsters","Seven years since the Monsterpocalypse began, Joel Dawson has been living underground in order to survive. But after reconnecting over radio with his high school girlfriend Aimee, Joel decides to venture out to reunite with her, despite all the dangerous monsters that stand in his way.",23.156,"/718NnyxyQuBQcGWt9sdelA1Zc3h.jpg","An apocalyptic love story.","Comedy, Action, Adventure, Fantasy","21 Laps Entertainment","United States of America","English","monster, bunker, post-apocalyptic future, coming of age, mutant animal, psychotronic, giant crab, teenager"
"70",503736,"Army of the Dead",6.247,3638,"Released",2021-05-14,190700000,148,"False","/c0izdYdnTe4uMRifHgvTA85wPz0.jpg",90000000,"https://www.netflix.com/title/81046394","tt0993840","en","Army of the Dead","Following a zombie outbreak in Las Vegas, a group of mercenaries take the ultimate gamble: venturing into the quarantine zone to pull off the greatest heist ever attempted.",32.495,"/z8CExJekGrEThbpMXAmCFvvgoJR.jpg","Survivors take all.","Action, Crime, Drama, Horror, Science Fiction, Thriller, Fantasy","The Stone Quarry","United States of America","English, German, Spanish","casino, tiger, vault, mercenary, safe, heist, zombie animals, apocalypse, zombie, las vegas, widower, safecracker, booby trap, casino owner, walled city, zombie apocalypse, father daughter conflict, father daughter relationship, casino heist"
"71",639933,"The Northman",7.1,3589,"Released",2022-04-07,69633110,137,"False","/tnXCawKBfoMYStSaabtd84MH1Lc.jpg",70000000,"https://www.focusfeatures.com/the-northman","tt11138512","en","The Northman","Prince Amleth is on the verge of becoming a man when his father is brutally murdered by his uncle, who kidnaps the boy's mother. Two decades later, Amleth is now a Viking who's on a mission to save his mother, kill his uncle and avenge his father.",53.571,"/aSSJMnHknzKjlZ6zybwD7eyJ4Po.jpg","Conquer your fate.","Action, Adventure, Fantasy","New Regency Pictures, Focus Features, Perfect World Pictures, Square Peg","China, United States of America","English, Icelandic","father murder, sword, prince, gore, viking, iceland, death of father, northern ireland, sword fight, revenge, fate, king, brutality, hamlet, based on myths, legends or folklore, nordic, 10th century, viking age, muscular men, fantasy, graphic violence"
"72",529203,"The Croods: A New Age",7.521,3508,"Released",2020-11-25,215905815,95,"False","/ytTQoYkdpsgtfDWrNFCei8Mfbxu.jpg",65000000,"https://www.dreamworks.com/movies/the-croods-2","tt2850386","en","The Croods: A New Age","Searching for a safer habitat, the prehistoric Crood family discovers an idyllic, walled-in paradise that meets all of its needs. Unfortunately, they must also learn to live with the Bettermans -- a family that's a couple of steps above the Croods on the evolutionary ladder. As tensions between the new neighbors start to rise, a new threat soon propels both clans on an epic adventure that forces them to embrace their differences, draw strength from one another, and survive together.",63.456,"/tbVZ3Sq88dZaCANlUcewQuHQOaE.jpg","The future ain't what it used to be.","Animation, Family, Adventure, Fantasy, Comedy","Universal Pictures, DreamWorks Animation","United States of America","English","sequel, prehistory, candid, playful, joyous, admiring, adoring"
"73",481848,"The Call of the Wild",7.572,3406,"Released",2020-02-19,111202881,100,"False","/yFRpUmsreYO5Bc0HVBTsJsHIIox.jpg",109000000,"https://family.foxmovies.com/movies/call-of-the-wild","tt7504726","en","The Call of the Wild","Buck is a big-hearted dog whose blissful domestic life is turned upside down when he is suddenly uprooted from his California home and transplanted to the exotic wilds of the Yukon during the Gold Rush of the 1890s. As the newest rookie on a mail delivery dog sled team—and later its leader—Buck experiences the adventure of a lifetime, ultimately finding his true place in the world and becoming his own master.",36.824,"/33VdppGbeNxICrFUtW2WpGHvfYc.jpg","Based on the legendary novel","Adventure, Family, Drama","3 Arts Entertainment, 20th Century Studios, TSG Entertainment, Halon Entertainment","Canada, United States of America","English","based on novel or book, gold rush, dog, sled dogs, yukon, canada, 19th century, pets"
"74",448119,"Dolittle",6.638,3399,"Released",2020-01-02,251410631,101,"False","/2cbUXan4QUY1QoVnhhunJqpKR8y.jpg",175000000,"","tt6673612","en","Dolittle","After losing his wife seven years earlier, the eccentric Dr. John Dolittle, famed doctor and veterinarian of Queen Victoria’s England, hermits himself away behind the high walls of Dolittle Manor with only his menagerie of exotic animals for company. But when the young queen falls gravely ill, a reluctant Dolittle is forced to set sail on an epic adventure to a mythical island in search of a cure, regaining his wit and courage as he crosses old adversaries and discovers wondrous creatures.",23.387,"/uoplwswBDy7gsOyrbGuKyPFoPCs.jpg","He's just not a people person.","Family, Fantasy, Adventure","Universal Pictures, Team Downey, Perfect World Pictures, Roth-Kirschenbaum Films, dentsu","Japan, United States of America","English, French","ship, island, based on novel or book, victorian england, doctor, based on children's book, animal, veterinary, talking to animals, voyage"
"75",667538,"Transformers: Rise of the Beasts",7.492,3270,"Released",2023-06-06,429800000,127,"False","/2vFuG6bWGyQUzYS9d69E5l85nIz.jpg",195000000,"https://www.transformersmovie.com","tt5090568","en","Transformers: Rise of the Beasts","When a new threat capable of destroying the entire planet emerges, Optimus Prime and the Autobots must team up with a powerful faction known as the Maximals. With the fate of humanity hanging in the balance, humans Noah and Elena will do whatever it takes to help the Transformers as they engage in the ultimate battle to save Earth.",616.74,"/gPbM0MK8CP8A174rmUwGsADNYKD.jpg","Unite or fall.","Action, Adventure, Science Fiction","Skydance, Paramount, di Bonaventura Pictures, Bay Films, New Republic Pictures, Tom DeSanto/Don Murphy Production, Hasbro","United States of America","Quechua, Spanish, English","peru, alien, end of the world, based on toy, robot, duringcreditsstinger, 1990s, brother brother relationship, transformers"
"76",762504,"Nope",6.9,3268,"Released",2022-07-20,170823080,130,"False","/5N8LOeRzt7LcZIhPbNVaCsVOPdT.jpg",68000000,"https://www.nope.movie","tt10954984","en","Nope","Residents in a lonely gulch of inland California bear witness to an uncanny, chilling discovery.",50.448,"/AcKVlWaNVVVFQwro3nLXqPljcYA.jpg","What’s a bad miracle?","Horror, Science Fiction, Mystery","Monkeypaw Productions, Universal Pictures, dentsu","United States of America, Japan","English","california, horse, exploitation, video surveillance, death of father, alien, ufo, social commentary, psychological thriller, alien invasion, child star, chimpanzee, aftercreditsstinger, horse farm, african american man, racial issues, brother sister relationship"
"77",985939,"Fall",7.253,3217,"Released",2022-08-11,16120263,107,"False","/hlxduUs8y9icWGMzYCDLcYHEQ2u.jpg",3000000,"https://www.lionsgate.com/movies/fall","tt15325794","en","Fall","For best friends Becky and Hunter, life is all about conquering fears and pushing limits. But after they climb 2,000 feet to the top of a remote, abandoned radio tower, they find themselves stranded with no way down. Now Becky and Hunter’s expert climbing skills will be put to the ultimate test as they desperately fight to survive the elements, a lack of supplies, and vertigo-inducing heights",135.599,"/v28T5F1IygM8vXWZIycfNEm3xcL.jpg","Fear reaches new heights.","Thriller","Tea Shop Productions, BuzzFeed Studios, Capstone Pictures","United Kingdom, United States of America","English","sport climbing"
"78",536554,"M3GAN",7.219,3210,"Released",2022-12-28,179960167,102,"False","/dlrWhn0G3AtxYUx2D9P2bmzcsvF.jpg",12000000,"https://www.m3ganmovie.com","tt8760708","en","M3GAN","A brilliant toy company roboticist uses artificial intelligence to develop M3GAN, a life-like doll programmed to emotionally bond with her newly orphaned niece. But when the doll's programming works too well, she becomes overprotective of her new friend with terrifying results.",100.625,"/d9nBoowhjiiYc4FBNtQkPY7c11H.jpg","Friendship has evolved.","Science Fiction, Horror","Atomic Monster, Blumhouse Productions, Divide / Conquer, Universal Pictures","United States of America","English","artificial intelligence (a.i.), aunt niece relationship, evil doll, orphan, car accident, niece, robot, juvenile delinquent, doll, information leak, dead dog, nosy neighbor, hit by a car, dead parents, attacked by a dog, creepy doll, possessed doll"
"79",725201,"The Gray Man",6.979,3124,"Released",2022-07-13,454023,128,"False","/2u1YBNBlSwvBReyvI7i5z5ykQXP.jpg",200000000,"https://www.netflix.com/title/81160697","tt1649418","en","The Gray Man","When a shadowy CIA agent uncovers damning agency secrets, he's hunted across the globe by a sociopathic rogue operative who's put a bounty on his head.",39.333,"/5Eom3JsXgQlCj6QIsGCwXkX7wyH.jpg","","Action, Thriller","AGBO, Roth-Kirschenbaum Films","United States of America","Czech, English, French, German, Thai","cia, based on novel or book, hitman, kidnapping, agent, rogue agent, hunted, ex-cia agent"
"80",340102,"The New Mutants",6.1,3106,"Released",2020-04-02,49169594,94,"False","/eCIvqa3QVCx6H09bdeOS8Al2Sqy.jpg",67000000,"https://www.20thcenturystudios.com/movies/the-new-mutants","tt4682266","en","The New Mutants","Five young mutants, just discovering their abilities while held in a secret facility against their will, fight to escape their past sins and save themselves.",26.231,"/xZNw9xxtwbEf25NYoz52KdbXHPM.jpg","It's time to face your demons.","Science Fiction, Horror, Action, Mystery, Adventure","20th Century Studios, Genre Films, Sunswept Entertainment","United States of America","English, Latin, Portuguese","superhero, mutant, based on comic, superhero team, captivity"
"81",438148,"Minions: The Rise of Gru",7.379,3060,"Released",2022-06-29,939628210,87,"False","/uMSxXLfH7v30gRNBqsQaSP3yqX5.jpg",85000000,"https://www.minionsmovie.com/","tt5113044","en","Minions: The Rise of Gru","A fanboy of a supervillain supergroup known as the Vicious 6, Gru hatches a plan to become evil enough to join them, with the backup of his followers, the Minions.",81.377,"/wKiOkZTN9lUUUNZLmtnwubZYONg.jpg","A villain will rise.","Animation, Comedy, Family","Universal Pictures, Illumination","United States of America","English","1970s, sequel, spin off, duringcreditsstinger, illumination, minions, gentleminions"
"82",718789,"Lightyear",7.1,3053,"Released",2022-06-15,226425420,105,"False","/nW5fUbldp1DYf2uQ3zJTUdachOu.jpg",200000000,"https://movies.disney.com/lightyear","tt10298810","en","Lightyear","Legendary Space Ranger Buzz Lightyear embarks on an intergalactic adventure alongside a group of ambitious recruits and his robot companion Sox.",53.066,"/b9t3w1loraDh7hjdWmpc9ZsaYns.jpg","Infinity awaits.","Animation, Action, Adventure, Family, Science Fiction","Pixar, Walt Disney Pictures","United States of America","English","space travel, alien life-form, alien planet, stranded, spin off, aftercreditsstinger, duringcreditsstinger, origin story"
"83",505026,"Death on the Nile",6.463,3039,"Released",2022-02-09,137307235,127,"False","/lRbDyjI7HEaXxflFQbYpqHRGFBJ.jpg",90000000,"https://www.20thcenturystudios.com/movies/death-on-the-nile","tt7657566","en","Death on the Nile","Belgian sleuth Hercule Poirot's Egyptian vacation aboard a glamorous river steamer turns into a terrifying search for a murderer when a picture-perfect couple's idyllic honeymoon is tragically cut short.",40.295,"/kVr5zIAFSPRQ57Y1zE7KzmhzdMQ.jpg","Murder was just the beginning.","Mystery, Crime, Thriller","Scott Free Productions, The Mark Gordon Company, Genre Films, 20th Century Studios","United Kingdom, United States of America","English, French","egypt, based on novel or book, detective, honeymoon, nile, remake, murder mystery, 1930s"
"84",752623,"The Lost City",6.6,2964,"Released",2022-03-24,192907684,112,"False","/1Ds7xy7ILo8u2WWxdnkJth1jQVT.jpg",74000000,"https://www.thelostcity.movie/","tt13320622","en","The Lost City","Reclusive author Loretta Sage writes about exotic places in her popular adventure novels that feature a handsome cover model named Alan. While on tour promoting her new book with Alan, Loretta gets kidnapped by an eccentric billionaire who hopes she can lead him to the ancient city's lost treasure that featured in her latest story. Alan, determined to prove he can be a hero in real life and not just on the pages of her books, sets off to rescue her.",53.326,"/neMZH82Stu91d3iqvLdNQfqPPyl.jpg","The adventure is real. The heroes are not.","Action, Adventure, Comedy","Paramount, Fortis Films, 3dot Productions, Exhibit A Film","United States of America","English, French, Spanish, Latin","duringcreditsstinger"
"85",298618,"The Flash",6.898,2959,"Released",2023-06-13,268375616,144,"False","/yF1eOkaYvwiORauRCPWznV9xVvi.jpg",300000000,"https://www.dc.com/theflash","tt0439572","en","The Flash","When his attempt to save his family inadvertently alters the future, Barry Allen becomes trapped in a reality in which General Zod has returned and there are no Super Heroes to turn to. In order to save the world that he is in and return to the future that he knows, Barry's only hope is to race for his life. But will making the ultimate sacrifice be enough to reset the universe?",480.393,"/rktDFPbfHfUbArZ6OOOKsXcv0Bm.jpg","Worlds collide.","Action, Adventure, Science Fiction","Warner Bros. Pictures, Double Dream, The Disco Factory, DC Films","United States of America","English, Spanish, Russian","hero, secret identity, superhero, based on comic, superhuman, super power, aftercreditsstinger, butterfly effect, dc extended universe (dceu), superhuman abilities, loss of mother, absurd"
"86",617653,"The Last Duel",7.466,2953,"Released",2021-10-13,30500000,153,"False","/4LrL40XecjGLRpX5I2gzMTUt04l.jpg",100000000,"https://www.20thcenturystudios.com/movies/the-last-duel","tt4244994","en","The Last Duel","King Charles VI declares that Knight Jean de Carrouges settle his dispute with his squire, Jacques Le Gris, by challenging him to a duel.",30.646,"/zjrJE0fpzPvX8saJXj8VNfcjBoU.jpg","The true story of a woman who defied a nation and made history.","History, Drama, Action","20th Century Studios, Scott Free Productions, Pearl Street Films, TSG Entertainment","United Kingdom, United States of America","French, Romanian, English","based on novel or book, castle, male friendship, normandy, france, based on true story, trial, battlefield, knight, duel, battle, historical, catholic, sword duel, rape and revenge, historical drama, trial by combat, nobleman, squire, 14th century, knighthood, medieval france, medieval times, noble"
"87",785084,"The Whale",7.949,2917,"Released",2022-12-09,55101305,116,"False","/46FRuCeAn6TrS4F1P4F9zhyCpyo.jpg",3000000,"https://a24films.com/films/the-whale","tt13833688","en","The Whale","A reclusive English teacher suffering from severe obesity attempts to reconnect with his estranged teenage daughter for one last chance at redemption.",54.977,"/jQ0gylJMxWSL490sy0RrPj1Lj7e.jpg","","Drama","A24, Protozoa Pictures","United States of America","English","regret, nurse, missionary, idaho, bible, redemption, overweight man, addiction, based on play or musical, teacher, grief, neighbor, obesity, religion, death of lover, election, rebellious daughter, guilt, death, lgbt, sister-in-law, eating disorder, father daughter reunion, empathy, shame, english teacher, abandonment, one location, father daughter relationship, 2010s, gay theme, apartment, essay, food addiction, religious symbolism"
"88",514847,"The Hunt",6.654,2867,"Released",2020-03-11,10550350,90,"False","/9R2FuGT0BeZl8usfsfqIcO7KK7v.jpg",14000000,"https://www.thehunt.movie/","tt8244784","en","The Hunt","Twelve strangers wake up in a clearing. They don't know where they are—or how they got there. In the shadow of a dark internet conspiracy theory, ruthless elitists gather at a remote location to hunt humans for sport. But their master plan is about to be derailed when one of the hunted turns the tables on her pursuers.",26.615,"/wxPhn4ef1EAo5njxwBkAEVrlJJG.jpg","The Ultimate Human Hunting Experience","Action, Thriller, Horror","Blumhouse Productions, dentsu, White Rabbit Productions, Universal Pictures","Japan, United States of America","Arabic, Croatian, English","dark comedy, gore, hunting human beings, satire, murder, death game"
"89",443791,"Underwater",6.298,2813,"Released",2020-01-08,40882928,95,"False","/ww7eC3BqSbFsyE5H5qMde8WkxJ2.jpg",50000000,"https://www.20thcenturystudios.com/movies/underwater","tt5774060","en","Underwater","After an earthquake destroys their underwater station, six researchers must navigate two miles along the dangerous, unknown depths of the ocean floor to make it to safety in a race against time.",20.152,"/gzlbb3yeVISpQ3REd3Ga1scWGTU.jpg","7 miles below the ocean surface something has awakened","Horror, Science Fiction, Action, Adventure","Chernin Entertainment, 20th Century Fox, TSG Entertainment","United States of America","English","monster, self sacrifice, deep sea, animal attack, giant monster, earthquake, survival, nuclear explosion, disaster, cryptozoology, female protagonist, underwater, survival horror, animal killing, creature feature, mechanical engineering, researcher, trapped underwater , 2050s"
"90",588228,"The Tomorrow War",7.572,2806,"Released",2021-09-03,14400000,138,"False","/yizL4cEKsVvl17Wc1mGEIrQtM2F.jpg",200000000,"https://www.amazon.com/dp/B093CQZ2SM","tt9777666","en","The Tomorrow War","The world is stunned when a group of time travelers arrive from the year 2051 to deliver an urgent message: Thirty years in the future, mankind is losing a global war against a deadly alien species. The only hope for survival is for soldiers and civilians from the present to be transported to the future and join the fight. Among those recruited is high school teacher and family man Dan Forester. Determined to save the world for his young daughter, Dan teams up with a brilliant scientist and his estranged father in a desperate quest to rewrite the fate of the planet.",103.895,"/34nDCQZwaEvsy4CFO5hkGRFDCVU.jpg","The fight for tomorrow begins today.","Action, Science Fiction, Adventure","Skydance, Phantom Four, Lit Entertainment Group","United States of America","English","world cup, time travel, global warming, glacier, alien, alien invasion, military, future war, father son reunion, hope for future, changing the past or future, message from the future, father son relationship, father daughter relationship, world war"
"91",614934,"Elvis",7.593,2789,"Released",2022-06-22,288670284,159,"False","/kaoTwHrJDmCPDLriN68pjlgx4R.jpg",85000000,"https://elvis.warnerbros.com","tt3704428","en","Elvis","The life story of Elvis Presley as seen through the complicated relationship with his enigmatic manager, Colonel Tom Parker.",38.867,"/qBOKWqAFbveZ4ryjJJwbie6tXkQ.jpg","The Man. The Legend. The King of Rock & Roll.","Drama, Music, History","Bazmark Films, The Jackal Group, Warner Bros. Pictures, Fin Design & Effects","Australia, United States of America","English","rock 'n' roll, biography, based on true story, singer, music business, 1950s, elvis presley, music movie"
"92",600354,"The Father",8.152,2781,"Released",2020-12-23,21029340,96,"False","/h3weAFgg06GqchI2xDfufBgSFTj.jpg",6000000,"https://www.sonyclassics.com/film/thefather","tt10272386","en","The Father","A man refuses all assistance from his daughter as he ages and, as he tries to make sense of his changing circumstances, he begins to doubt his loved ones, his own mind and even the fabric of his reality.",51.482,"/pr3bEQ517uMb5loLvjFQi8uLAsp.jpg","","Drama","Trademark Films, F Comme Film, Ciné-@, Embankment Films, Film4 Productions, Canal+, Ciné+, Orange Studio, Les Films du Cru, AG Studios NYC, Simon Friend Entertainment, Viewfinder, CAA Media Finance, Sony Pictures Classics","France, United Kingdom, United States of America","English","london, england, loss of sense of reality, flat, dementia, mistaken identity, alzheimer's disease, based on play or musical, old man, memory loss, elderly man, father daughter relationship, fading memories, family caregiving"
"93",556984,"The Trial of the Chicago 7",7.727,2769,"Released",2020-09-25,107423,130,"False","/v8Nf6Y1qL1Q3PWTBezXNPPaXqza.jpg",35000000,"https://www.netflix.com/title/81043755","tt1070874","en","The Trial of the Chicago 7","What was supposed to be a peaceful protest turned into a violent clash with the police. What followed was one of the most notorious trials in history.",13.69,"/ahf5cVdooMAlDRiJOZQNuLqa1Is.jpg","In 1968, democracy refused to back down.","Drama, History","DreamWorks Pictures, Marc Platt Productions","United States of America","English","chicago, illinois, right and justice, political activism, black panther party, based on true story, black activist, counter-culture, historical fiction, activist, 1960s, courtroom drama"
"94",644495,"House of Gucci",6.626,2767,"Released",2021-11-24,153235995,158,"False","/d9cfPuZzai6d4ZaKNnicEUgXVjS.jpg",75000000,"https://www.mgm.com/movies/gucci","tt11214590","en","House of Gucci","When Patrizia Reggiani, an outsider from humble beginnings, marries into the Gucci family, her unbridled ambition begins to unravel the family legacy and triggers a reckless spiral of betrayal, decadence, revenge, and ultimately… murder.",26.057,"/oJCQjD2byiVF1EG408F9dBn9ndU.jpg","A legacy worth killing for.","Drama, History, Crime","Scott Free Productions, Metro-Goldwyn-Mayer, Bron Studios","Canada, United Kingdom, United States of America","English, Arabic, French, Italian, Japanese","marriage crisis, italy, biography, fashion designer, murder, fashion, failing marriage, 1980s, 1990s, rich family, gucci"
"95",646385,"Scream",6.712,2739,"Released",2022-01-12,140041405,114,"False","/ifUfE79O1raUwbaQRIB7XnFz5ZC.jpg",24000000,"https://www.paramountmovies.com/movies/scream","tt11245972","en","Scream","Twenty-five years after a streak of brutal murders shocked the quiet town of Woodsboro, a new killer has donned the Ghostface mask and begins targeting a group of teenagers to resurrect secrets from the town’s deadly past.",107.038,"/nD4M4Bx457ryLuKYpxFwQ2IBJ5w.jpg","It's always someone you know.","Horror, Mystery, Thriller","Paramount, Project X Entertainment, Radio Silence, Spyglass Media Group","United States of America","English","mask, attempted murder, hallucination, murder, teen movie, serial killer, hospital, slasher, whodunit, killing spree, hometown, reboot, crime spree, illegitimate child, murder mystery, legacy, fandom, copycat killer, generation z, murder spree, sister sister relationship, retired cop, return to hometown, reddit, requel"
"96",400160,"The SpongeBob Movie: Sponge on the Run",7.509,2712,"Released",2020-08-14,4700000,95,"False","/wu1uilmhM4TdluKi2ytfz8gidHf.jpg",60000000,"https://www.spongebobmovie.com/","tt4823776","en","The SpongeBob Movie: Sponge on the Run","When his best friend Gary is suddenly snatched away, SpongeBob takes Patrick on a madcap mission far beyond Bikini Bottom to save their pink-shelled pal.",50.823,"/jlJ8nDhMhCYJuzOw3f52CP1W8MW.jpg","They're Not in Bikini Bottom Anymore.","Family, Animation, Fantasy, Adventure, Comedy","United Plankton Pictures, Nickelodeon Movies, Paramount Animation, Paramount, MRC, Mikros Image","France, United States of America","English","part live action, based on tv series"
"97",587792,"Palm Springs",7.338,2684,"Released",2020-07-10,164000,90,"False","/d7JUXVvjvVCXWs1mlpyO5ESdWdT.jpg",5000000,"https://www.hulu.com/movie/palm-springs-f70dfd4d-dbfb-46b8-abb3-136c841bba11?","tt9484998","en","Palm Springs","When carefree Nyles and reluctant maid of honor Sarah have a chance encounter at a Palm Springs wedding, things get complicated when they find themselves unable to escape the venue, themselves, or each other.",14.8,"/yf5IuMW6GHghu39kxA0oFx7Bxmj.jpg","Live like there's no tomorrow","Comedy, Romance, Science Fiction","Limelight, The Lonely Island","United States of America","English, Spanish","alcohol, cave, time travel, earthquake, swimming pool, drug use, palm springs, time loop, nemesis, wedding, maid of honor, carefree, older sister, groundhog day, stuck, sister's wedding, chance encounter"
"98",581734,"Nomadland",7.237,2678,"Released",2021-01-29,14784114,108,"False","/563sRDK3rZS31TXCdTY4lfcwrNK.jpg",5000000,"https://www.searchlightpictures.com/nomadland","tt9770150","en","Nomadland","A woman in her sixties embarks on a journey through the western United States after losing everything in the Great Recession, living as a van-dwelling modern-day nomad.",18.152,"/8Vc5EOUEIF1EUXuX9eLFf7BvN3P.jpg","See you down the road.","Drama","Cor Cordium Productions, Hear/Say Productions, Highwayman Films","United States of America","English","factory worker, van, based on novel or book, recession, homelessness, unemployment, recreational vehicle, road movie, death of husband, western usa, nomad"
"99",406759,"Moonfall",6.355,2650,"Released",2022-02-03,67295363,131,"False","/8QpzqK3nPGxpqpKqhe6QasTGBWQ.jpg",146000000,"https://moonfall.movie","tt5834426","en","Moonfall","A mysterious force knocks the moon from its orbit around Earth and sends it hurtling on a collision course with life as we know it.",55.7,"/odVv1sqVs0KxBXiA8bhIBlPgalx.jpg","Humanity will face the dark side of the Moon.","Science Fiction, Adventure, Action","Centropolis Entertainment, Street Entertainment, Lionsgate, AGC Studios, Huayi Tencent Entertainment Company, Huayi Brothers International","Hong Kong, United Kingdom, United States of America","Mandarin, English, French","moon, looting, space travel, flooding, lost civilisation, alien life-form, stepfather, disaster, alternate history, apocalypse, armageddon, astronaut, space shuttle, disaster movie, trapped in space, conspiracy theorist, tense, hopeful, moon falling"
"100",597208,"Nightmare Alley",6.992,2530,"Released",2021-12-02,39629195,150,"False","/g0YNGpmlXsgHfhGnJz3c5uyzZ1B.jpg",60000000,"https://www.searchlightpictures.com/nightmarealley/","tt7740496","en","Nightmare Alley","An ambitious carnival man with a talent for manipulating people with a few well-chosen words hooks up with a female psychologist who is even more dangerous than he is.",27.726,"/680klE0dIreQQOyWKFgNnCAJtws.jpg","Man or beast.","Thriller, Crime, Drama","Searchlight Pictures, Double Dare You Productions","United States of America","English","infidelity, based on novel or book, love triangle, tarot cards, mentor, hustler, lie, supernatural, carnival, con artist, murder, fugitive, alcoholic, grifter, séance, carny, neo-noir, freak show, 1940s, spiritism, mentalist, violence"
"101",976573,"Elemental",7.757,2467,"Released",2023-06-14,486797988,102,"False","/4fLZUr1e65hKPPVw0R3PmKFKxj1.jpg",200000000,"https://movies.disney.com/elemental","tt15789038","en","Elemental","In a city where fire, water, land and air residents live together, a fiery young woman and a go-with-the-flow guy will discover something elemental: how much they have in common.",1008.942,"/4Y1WNkd88JXmGfhtWR7dmDAo1T2.jpg","Opposites react.","Animation, Comedy, Family, Fantasy, Romance","Walt Disney Pictures, Pixar","United States of America","English","fire, computer animation, duringcreditsstinger, elements, water, city, hopeful"
"102",594767,"Shazam! Fury of the Gods",6.662,2416,"Released",2023-03-15,133437105,130,"False","/zRQITMLvVi8z2Xz12Bi6wvbZE82.jpg",125000000,"","tt10151854","en","Shazam! Fury of the Gods","Billy Batson and his foster siblings, who transform into superheroes by saying ""Shazam!"", are forced to get back into action and fight the Daughters of Atlas, who they must stop from using a weapon that could destroy the world.",143.169,"/A3ZbZsmsvNGdprRi2lKgGEeVLEH.jpg","Oh. My. Gods.","Comedy, Action, Fantasy","New Line Cinema, The Safran Company, DC Films","United States of America","","superhero, end of the world, super power, aftercreditsstinger, duringcreditsstinger, dc extended universe (dceu), teenager"
"103",610253,"Halloween Kills",6.49,2371,"Released",2021-10-14,133423964,105,"False","/fuuZFPc8x6gQ8mLGoBp9vrmcQMT.jpg",20000000,"https://www.halloweenmovie.com","tt10665338","en","Halloween Kills","The nightmare isn't over as unstoppable killer Michael Myers escapes from Laurie Strode's trap to continue his ritual bloodbath. Injured and taken to the hospital, Laurie fights through the pain as she inspires residents of Haddonfield, to rise up against Myers. Taking matters into their own hands, the Strode women and other survivors form a vigilante mob to hunt down Michael and end his reign of terror once and for all.",37.851,"/4CclCDyQXBBgz62Qtp3CoflQE5g.jpg","Evil dies tonight.","Horror, Thriller","Blumhouse Productions, Miramax, Rough House Pictures, Trancas International Films","United States of America","English","halloween, sequel, murder, vigilante, serial killer, hospital, slasher, murderer, killer, house fire, crime spree, vigilantism, escaped killer, murder spree, vigilante justice, holiday horror"
"104",882598,"Smile",6.7,2352,"Released",2022-09-23,216135048,115,"False","/olPXihyFeeNvnaD6IOBltgIV1FU.jpg",17000000,"https://www.smile.movie/","tt15474916","en","Smile","After witnessing a bizarre, traumatic incident involving a patient, Dr. Rose Cotter starts experiencing frightening occurrences that she can't explain. As an overwhelming terror begins taking over her life, Rose must confront her troubling past in order to survive and escape her horrifying new reality.",73.246,"/aPqcQwu4VGEewPhagWNncDbJ9Xp.jpg","Once you see it, it’s too late.","Horror, Mystery, Thriller","Paramount Players, Temple Hill Entertainment","United States of America","English","suicide, post-traumatic stress disorder (ptsd), therapist, detective, paranoia, trauma, curse, hospital, doctor, mental illness, evil, psychotic, self-harm, demonic, based on short film"
"105",493529,"Dungeons & Dragons: Honor Among Thieves",7.459,2329,"Released",2023-03-23,208177026,134,"False","/AdBXP8e6K3FYdDrMx3Wr6WZqCYF.jpg",151000000,"https://www.paramountmovies.com/movies/dungeons-dragons-honor-among-thieves","tt2906216","en","Dungeons & Dragons: Honor Among Thieves","A charming thief and a band of unlikely adventurers undertake an epic heist to retrieve a lost relic, but things go dangerously awry when they run afoul of the wrong people.",126.33,"/gkiHVcE4ae3BSl1x0K3qaJzpybz.jpg","No experience necessary.","Adventure, Fantasy, Comedy","Entertainment One, Paramount","Canada, United States of America","English","platonic love, gang of thieves, dragon, role playing game, heist gone wrong, duringcreditsstinger, father daughter relationship, spell & sorcery, wizardry"
"106",744275,"After We Fell",7.097,2311,"Released",2021-09-01,21500000,99,"False","/mxdiaM2tsx8M6W3zLgiPwAkhQfq.jpg",14000000,"","tt13069986","en","After We Fell","Just as Tessa's life begins to become unglued, nothing is what she thought it would be. Not her friends nor her family. The only person that she should be able to rely on is Hardin, who is furious when he discovers the massive secret that she's been keeping. Before Tessa makes the biggest decision of her life, everything changes because of revelations about her family.",140.224,"/dU4HfnTEJDf9KvxGS9hgO7BVeju.jpg","","Romance, Drama","Voltage Pictures, Wattpad, Vertical Entertainment, Ethea Entertainment, CalMaple Films","France, United States of America","English","based on novel or book, family history, love, teenage crush, woman director, family tension"
"107",713704,"Evil Dead Rise",7.006,2292,"Released",2023-04-12,146733054,96,"False","/7bWxAsNPv9CXHOhZbJVlj2KxgfP.jpg",15000000,"https://www.evildeadrisemovie.com","tt13345606","en","Evil Dead Rise","A reunion between two estranged sisters gets cut short by the rise of flesh-possessing demons, thrusting them into a primal battle for survival as they face the most nightmarish version of family imaginable.",188.126,"/5ik4ATKmNtmJU6AYD0bLm56BCVM.jpg","Mommy loves you to death.","Thriller, Horror","New Line Cinema, Ghost House Pictures, Renaissance Pictures, Pacific Renaissance Pictures, Wild Atlantic Pictures","Ireland, New Zealand, United States of America","English","sibling relationship, pregnancy, earthquake, gore, sequel, los angeles, california, demon, evil, necronomicon, reboot, demonic possession, motherhood, sisterhood, sister sister relationship, body horror, apartment, disgusted"
"108",587807,"Tom & Jerry",6.861,2289,"Released",2021-02-10,136536687,101,"False","/9ns9463dwOeo1CK1JU2wirL5Yi1.jpg",50000000,"https://www.tomandjerrymovie.com","tt1361336","en","Tom & Jerry","Tom the cat and Jerry the mouse get kicked out of their home and relocate to a fancy New York hotel, where a scrappy employee named Kayla will lose her job if she can’t evict Jerry before a high-class wedding at the hotel. Her solution? Hiring Tom to get rid of the pesky mouse.",43.029,"/8XZI9QZ7Pm3fVkigWJPbrXCMzjq.jpg","Best of enemies. Worst of friends.","Comedy, Family, Animation","Warner Bros. Pictures Animation, Turner Entertainment, The Story Company, Warner Bros. Pictures","United States of America","English","aftercreditsstinger, live action and animation"
"109",459151,"The Boss Baby: Family Business",7.442,2274,"Released",2021-07-01,146745280,107,"False","/yBov7O4eXDcBLDpZrOHZzFr8rIl.jpg",82000000,"https://www.dreamworks.com/movies/the-boss-baby-2","tt6932874","en","The Boss Baby: Family Business","The Templeton brothers — Tim and his Boss Baby little bro Ted — have become adults and drifted away from each other. But a new boss baby with a cutting-edge approach and a can-do attitude is about to bring them together again … and inspire a new family business.",69.144,"/kv2Qk9MKFFQo4WQPaYta599HkJP.jpg","Playtime is over.","Animation, Comedy, Adventure, Family","DreamWorks Animation, Universal Pictures","United States of America","English","baby, boss, sequel, sibling, family"
"110",482373,"Don't Breathe 2",7.122,2245,"Released",2021-08-12,53785551,98,"False","/zHeJ1H3PiOFxmWgEBsp2jA3qetK.jpg",10000000,"https://www.dontbreathemovie.com/","tt6246322","en","Don't Breathe 2","The Blind Man has been hiding out for several years in an isolated cabin and has taken in and raised a young girl orphaned from a devastating house fire. Their quiet life together is shattered when a group of criminals kidnap the girl, forcing the Blind Man to leave his safe haven to save her.",38.036,"/r7HEBkkRN93d3eFBZgPJfRaob5p.jpg","Bad things happen to bad people.","Thriller, Horror","Ghost House Pictures, Stage 6 Films, Good Universe, Bad Hombre Films, Screen Gems","United States of America","English","home, invasion, sin, sequel, gunfight, blind, home invasion, criminal, handgun, blind man, hammer"
"111",539537,"Fantasy Island",5.844,2245,"Released",2020-02-12,49447308,109,"False","/dzfiE2VHY362dGI62XfZ2iI87CT.jpg",7000000,"","tt0983946","en","Fantasy Island","A group of contest winners arrive at an island hotel to live out their dreams, only to find themselves trapped in nightmare scenarios.",15.29,"/8ZMrZGGW65ePWIgRn1260nA1uUm.jpg","Never coming home","Horror, Fantasy, Adventure, Mystery","Blumhouse Productions, Columbia Pictures, Tower of Babble","United States of America","English","cave, private investigator, remote island, reality vs fantasy, interracial adoption, fame-seeking, brother brother relationship, female bully, based on tv series, independent film, hidden desires, gay brother"
"112",615777,"Babylon",7.443,2244,"Released",2022-12-22,63363579,189,"False","/oCKZAdUROqdlTcUOstqJ1gM8JQt.jpg",78000000,"https://www.babylonmovie.com/","tt10640346","en","Babylon","A tale of outsized ambition and outrageous excess, tracing the rise and fall of multiple characters in an era of unbridled decadence and depravity during Hollywood's transition from silent films and to sound films in the late 1920s.",54.971,"/wjOHjWCUE0YzDiEzKv8AfqHj3ir.jpg","Always make a scene.","Drama, Comedy","Paramount, Marc Platt Productions, Material Pictures, C2 Motion Picture Group, Wild Chickens, Organism Pictures","United States of America","Cantonese, English, Spanish","elephant, gambling, gambling debt, movie business, orgy, cocaine, champagne, alcoholism, hollywood, alcoholic, filmmaking, movie star, silent film star, 1920s, old hollywood, fading star, sex"
"113",546121,"Run",7.336,2240,"Released",2020-11-20,5184368,90,"False","/xdWgJsdye8zGD99dGf0tTTE3l0k.jpg",1700000,"https://www.hulu.com/movie/run-72eec9c8-0164-4e0c-868a-b433960d7f93","tt8633478","en","Run","Chloe, a teenager who is confined to a wheelchair, is homeschooled by her mother, Diane. Chloe soon becomes suspicious of her mother and begins to suspect that she may be harboring a dark secret.",15.27,"/ilHG4EayOVoYeKqslspY3pR4wzC.jpg","You can't escape a mother's love.","Thriller, Horror, Drama","Search Party","United States of America","English","small town, wheelchair user   , homeschooling, single mother, washington state, prescription medication, physical disability, cloistered life, college applications"
"114",760104,"X",6.8,2235,"Released",2022-03-17,14779858,106,"False","/70Rm9ItxKuEKN8iu6rNjfwAYUCJ.jpg",10000000,"https://a24films.com/films/x","tt13560574","en","X","In 1979, a group of young filmmakers set out to make an adult film in rural Texas, but when their reclusive, elderly hosts catch them in the act, the cast find themselves fighting for their lives.",101.313,"/woTQx9Q4b8aO13jR9dsj8C9JESy.jpg","Dying to show you a good time.","Horror","A24, Little Lamb Productions","United States of America","English","van, sheriff, war veteran, gas station, shotgun, 1970s, texas, alligator, porn star, serial killer, slasher, porn actress, elderly couple, isolated farmhouse, existentialism, absurd, demeaning, derogatory, ridiculous"
"115",542178,"The French Dispatch",7.094,2217,"Released",2021-10-21,46333545,108,"False","/4XKqxgjRJs3YtH5j1Eli5y6gtno.jpg",25000000,"https://www.searchlightpictures.com/thefrenchdispatch/","tt8847712","en","The French Dispatch","The staff of an American magazine based in France puts out its last issue, with stories featuring an artist sentenced to life imprisonment, student riots, and a kidnapping resolved by a chef.",23.179,"/6JXR3KJH5roiBCjWFt09xfgxHZc.jpg","","Drama, Comedy","Searchlight Pictures, Indian Paintbrush, American Empirical Pictures","United States of America","English, French","art collector, journalist, small town, france, poison, 1970s, journalism, editor-in-chief, artist, imprisonment, painter, riot, anthology, magazine, food poisoning, murderer, chef, lecture, post world war ii, child kidnapping, obituary, bicycle tour, poisoning, father son relationship"
"116",602223,"The Forever Purge",7.029,2212,"Released",2021-06-30,76994245,103,"False","/ciKBP3tgzUxp7sHFNZxofBXUS8k.jpg",18000000,"https://www.theforeverpurge.com","tt10327252","en","The Forever Purge","All the rules are broken as a sect of lawless marauders decides that the annual Purge does not stop at daybreak and instead should never end as they chase a group of immigrants who they want to punish because of their harsh historical past.",56.739,"/lB068qa6bQ0QKYKyC2xnYGvYjl7.jpg","The rules are broken.","Horror, Action, Thriller","Blumhouse Productions, Platinum Dunes, Universal Pictures, Perfect World Pictures, Man in A Tree","United States of America","English","texas, sequel, prequel, murder, desert, purge, family surviving alone, guns and weapons"
"117",460458,"Resident Evil: Welcome to Raccoon City",6.029,2176,"Released",2021-11-24,41914915,107,"False","/o76ZDm8PS9791XiuieNB93UZcRV.jpg",25000000,"https://www.residentevil.movie","tt6920084","en","Resident Evil: Welcome to Raccoon City","Once the booming home of pharmaceutical giant Umbrella Corporation, Raccoon City is now a dying Midwestern town. The company’s exodus left the city a wasteland…with great evil brewing below the surface. When that evil is unleashed, the townspeople are forever…changed…and a small group of survivors must work together to uncover the truth behind Umbrella and make it through the night.",58.776,"/bArhvjRHl535XMaSh9VjInF2mSZ.jpg","Witness the beginning of evil.","Horror, Science Fiction, Action","Constantin Film, Davis Films, Screen Gems, CAPCOM, Impact Pictures","Canada, France, Germany, Japan, United Kingdom, United States of America","English","biological weapon, orphanage, mutant, infection, zombie, mansion, police station, based on video game, reboot, ghost town, duringcreditsstinger, lockdown, 1990s, secret experiment"
"118",602269,"The Little Things",6.329,2158,"Released",2021-01-28,29942746,128,"False","/vfuzELmhBjBTswXj2Vqxnu5ge4g.jpg",30000000,"https://www.thelittlethingsmovie.com","tt10016180","en","The Little Things","Deputy Sheriff Joe ""Deke"" Deacon joins forces with Sgt. Jim Baxter to search for a serial killer who's terrorizing Los Angeles. As they track the culprit, Baxter is unaware that the investigation is dredging up echoes of Deke's past, uncovering disturbing secrets that could threaten more than his case.",37.106,"/tLO1aD1ghdtVMT32z2sRmzgYKYd.jpg","Some things never let us go.","Crime, Drama, Thriller","Warner Bros. Pictures, Gran Via Productions","United States of America","English","detective, deputy sheriff, cop, serial killer, crime scene, los angeles, california, series of murders, cat and mouse, surveillance, lapd, homicide detective, prime suspect, 1990s, unsolved murders"
"119",447277,"The Little Mermaid",6.536,2148,"Released",2023-05-18,569244557,135,"False","/7VEUOEfRzzrQfWddlIyLUKvh6Nf.jpg",250000000,"https://movies.disney.com/the-little-mermaid-2023","tt5971474","en","The Little Mermaid","The youngest of King Triton’s daughters, and the most defiant, Ariel longs to find out more about the world beyond the sea, and while visiting the surface, falls for the dashing Prince Eric. With mermaids forbidden to interact with humans, Ariel makes a deal with the evil sea witch, Ursula, which gives her a chance to experience life on land, but ultimately places her life – and her father’s crown – in jeopardy.",353.543,"/ym1dxyOk4jFcSl4Q2zmRrA5BEEN.jpg","Watch and you'll see, some day I'll be, part of your world!","Adventure, Family, Fantasy, Romance","Walt Disney Pictures, Lucamar Productions, Marc Platt Productions","United States of America","English","mermaid, musical, based on fairy tale, live action remake, amused"
"120",412656,"Chaos Walking",6.635,2087,"Released",2021-02-24,26508132,109,"False","/ovggmAOu1IbPGTQE8lg4lBasNC7.jpg",125000000,"https://chaoswalking.movie","tt2076822","en","Chaos Walking","Two unlikely companions embark on a perilous adventure through the badlands of an unexplored planet as they try to escape a dangerous and disorienting reality, where all inner thoughts are seen and heard by everyone.",23.905,"/xAYGdGBGptNkisXRpmhZSry6SPF.jpg","No one escapes the noise.","Fantasy, Science Fiction, Adventure","Quadrant Pictures, Lionsgate, Bron Studios, 3 Arts Entertainment, TIK Films, Hercules Film Fund, Allison Shearmur Productions, Creative Wealth Media Finance","Canada, Hong Kong, United States of America","English","based on novel or book, dystopia, post-apocalyptic future"
"121",674324,"The Banshees of Inisherin",7.474,2080,"Released",2022-10-20,49262687,114,"False","/1vXD5HXqkhvsXFHE7KmCPZGPR1e.jpg",20000000,"https://searchlightpictures.com/films/the-banshees-of-inisherin","tt11813216","en","The Banshees of Inisherin","Two lifelong friends find themselves at an impasse when one abruptly ends their relationship, with alarming consequences for both of them.",26.625,"/4yFG6cSPaCaPhyJ1vtGOtMD1lgh.jpg","Everything was fine yesterday.","Drama, Comedy, History","Searchlight Pictures, Blueprint Pictures, Film4 Productions, Metropolitan Films International, TSG Entertainment","Ireland, United Kingdom, United States of America","English","friendship, island, donkey, dark comedy, irish civil war (1922-23), church, ireland, drinking, former best friend, self mutilation, fiddle, 1920s, brother sister relationship, pub"
"122",614917,"King Richard",7.717,2075,"Released",2021-11-18,39429285,145,"False","/4kb7uR1UmXa33U6GB6F9xckFlhn.jpg",50000000,"https://www.kingrichardfilm.net","tt9620288","en","King Richard","The story of how Richard Williams served as a coach to his daughters Venus and Serena, who will soon become two of the most legendary tennis players in history.",28.039,"/vjpMd1dsEsVBoUhq6iVHXwwFj9n.jpg","Venus, Serena and a plan for greatness.","Drama, History","Star Thrower Entertainment, Westbrook Studios, Warner Bros. Pictures, Overbrook Entertainment","United States of America","English","tennis, tennis player, father, based on true story, wimbledon, family, tennis pro, father daughter relationship, coaching, champions, sport"
"123",615656,"Meg 2: The Trench",6.912,2034,"Released",2023-08-02,384056482,116,"False","/5mzr6JZbrqnqD8rCEvPhuCE5Fw2.jpg",129000000,"https://www.themeg.movie","tt9224104","en","Meg 2: The Trench","An exploratory dive into the deepest depths of the ocean of a daring research team spirals into chaos when a malevolent mining operation threatens their mission and forces them into a high-stakes battle for survival.",1567.273,"/4m1Au3YkjqsxF8iwQy0fPYSxE0h.jpg","Back for seconds.","Action, Science Fiction, Horror","Apelles Entertainment, Warner Bros. Pictures, di Bonaventura Pictures, CMC Pictures, DF Pictures, Onaroll Productions","China, United States of America","English","based on novel or book, sequel, shark, kaiju, civil action, oceans, shark cage"
"124",625568,"Unhinged",6.467,2015,"Released",2020-07-16,39238300,90,"False","/wXk9y36eTmNl6XwEuOfw6yNNClr.jpg",33000000,"https://www.unhingedmovie.com/","tt10059518","en","Unhinged","A divorced mother honks impatiently at a deranged middle-aged stranger at a red light while running late on her way to work. His road rage escalates to horrifyingly psychotic proportions as he becomes single-mindedly determined to teach her a deadly lesson for provoking him.",48.514,"/6WC3cIhuaLZSq3SbtdOp2ZTSTe.jpg","He can happen to anyone.","Action, Thriller","Solstice Productions, Burek Films, Ingenious Media, Altitude Film Entertainment","United States of America, United Kingdom","English","psychopath, aggression, stalker, murder, arson, single mother, confrontation, divorced, threat, pickup truck, road rage, retribution, phone call, consequences, psychotic break, road thriller, murderous intentions, fired from a job, horrific crime, older sister younger brother, intense, unstoppable, terrorized, fight for life, edge-of-your-seat"
"125",619778,"Malignant",6.832,2000,"Released",2021-09-01,34891791,111,"False","/xDnFlNrNUoSKPq4uptnhYmUZNpm.jpg",40000000,"https://www.malignantmovie.net/","tt3811906","en","Malignant","Madison is paralyzed by shocking visions of grisly murders, and her torment worsens as she discovers that these waking dreams are in fact terrifying realities with a mysterious tie to her past.",32.356,"/dGv2BWjzwAz6LB8a8JeRIZL8hSz.jpg","A new vision of terror.","Horror, Mystery, Thriller","New Line Cinema, Atomic Monster, Starlight Media, My Entertainment","United States of America","English","dream, monster, brain tumor, detective, seattle, washington, gore, murder, vision, serial killer, hospital, miscarriage, videotape, murder mystery, sister sister relationship, psychic connection, american giallo"
"126",677179,"Creed III",7.194,1987,"Released",2023-03-01,275248615,116,"False","/8QsVX5C82mT7bB5sVsjsLcerWQK.jpg",75000000,"https://www.mgmstudios.com/creed-iii","tt11145118","en","Creed III","After dominating the boxing world, Adonis Creed has thrived in his career and family life. When a childhood friend and former boxing prodigy, Damian Anderson, resurfaces after serving a long sentence in prison, he is eager to prove that he deserves his shot in the ring. The face-off between former friends is more than just a fight. To settle the score, Adonis must put his future on the line to battle Damian — a fighter with nothing to lose.",164.985,"/cvsXj3I9Q2iyyIo95AecSd1tad7.jpg","You can't run from your past.","Drama, Action","Metro-Goldwyn-Mayer, Proximity Media, Balboa Productions, Outlier Society Productions, Chartoff-Winkler Productions","United States of America","English, Spanish","husband wife relationship, philadelphia, pennsylvania, sports, deaf, sequel, orphan, former best friend, ex-con, childhood friends, juvenile detention center, boxing, prodigy"
"127",632357,"The Unholy",6.667,1984,"Released",2021-03-31,30833138,99,"False","/jw6ASGRT2gi8EjCImpGtbiJ9NQ9.jpg",10000000,"https://www.sonypictures.com/movies/theunholy","tt9419056","en","The Unholy","Alice is young hearing-impaired girl who, after a supposed visitation from the Virgin Mary, is inexplicably able to hear, speak and heal the sick. As word spreads and people from near and far flock to witness her miracles, a disgraced journalist hoping to revive his career visits the small New England town to investigate. When terrifying events begin to happen all around, he starts to question if these phenomena are the works of the Virgin Mary or something much more sinister.",44.907,"/bShgiEQoPnWdw4LBrYT5u18JF34.jpg","Be careful who you pray to.","Horror, Mystery","Ghost House Pictures, Screen Gems","United States of America","English, Latin","demon, religious horror"
"128",758323,"The Pope's Exorcist",7.144,1971,"Released",2023-04-05,70204828,103,"False","/hiHGRbyTcbZoLsYYkO4QiCLYe34.jpg",18000000,"https://www.thepopes-exorcist.movie","tt13375076","en","The Pope's Exorcist","Father Gabriele Amorth, Chief Exorcist of the Vatican, investigates a young boy's terrifying possession and ends up uncovering a centuries-old conspiracy the Vatican has desperately tried to keep hidden.",196.08,"/jFC4LS5qTAT3PinzdEzINfu1CV9.jpg","Inspired by the actual files of Father Gabriele Amorth, Chief Exorcist of the Vatican.","Horror, Thriller","Screen Gems, 2.0 Entertainment, Jesus & Mary, Worldwide Katz, Loyola Productions, FFILME.RO","Spain, United Kingdom, United States of America","English, Fulah, Spanish, Latin, German, Italian","spain, rome, italy, pig, vatican, pope, possession, conspiracy, devil, exorcist, skepticism, catholic priest, 1980s, supernatural horror"
"129",522931,"Hitman's Wife's Bodyguard",6.71,1957,"Released",2021-06-14,70060492,117,"False","/cmquA5exHGsOfcVDrwitAN1EDmN.jpg",70000000,"https://www.thehitmanswifesbodyguard.movie","tt8385148","en","Hitman's Wife's Bodyguard","The world’s most lethal odd couple – bodyguard Michael Bryce and hitman Darius Kincaid – are back on another life-threatening mission. Still unlicensed and under scrutiny, Bryce is forced into action by Darius's even more volatile wife, the infamous international con artist Sonia Kincaid. As Bryce is driven over the edge by his two most dangerous protectees, the trio get in over their heads in a global plot and soon find that they are all that stand between Europe and a vengeful and powerful madman.",23.808,"/6zwGWDpY8Zu0L6W4SYWERBR8Msw.jpg","Killer threesome.","Action, Comedy, Crime, Thriller","Nu Boyana Film Studios, Summit Entertainment, Lionsgate, Millennium Media, Davis Films","Bulgaria, France, United States of America","English, Japanese","hitman, bodyguard, sequel"
"130",718032,"Licorice Pizza",7.002,1922,"Released",2021-11-26,27423319,133,"False","/f1azMRlp6YOLHf2PkzukyGPcpnX.jpg",40000000,"http://licoricepizzamovie.com","tt11271038","en","Licorice Pizza","The story of Gary Valentine and Alana Kane growing up, running around and going through the treacherous navigation of first love in the San Fernando Valley, 1973.",21.93,"/jD98aUKHQZNAmrk0wQQ9wmNQPnP.jpg","","Drama, Comedy","Ghoulardi Film Company, Bron Studios, Focus Features, Metro-Goldwyn-Mayer","Canada, United States of America","English, Japanese, Spanish","high school, california, jealousy, 1970s, politician, coming of age, love, teenage love, young love, san fernando valley, pinball machine, child actor, young entrepreneur, closeted homosexual, brother brother relationship, jewish, age-gap relationship, period piece, lighthearted, teenager"
"131",776503,"CODA",7.967,1922,"Released",2021-08-11,1600000,112,"False","/v85FlkbMYKa5du1glm0YfYNsL2n.jpg",10000000,"https://tv.apple.com/movie/umc.cmc.3eh9r5iz32ggdm4ccvw5igiir","tt10366460","en","CODA","As a CODA (Child of Deaf Adults), Ruby is the only hearing person in her deaf family. When the family's fishing business is threatened, Ruby finds herself torn between pursuing her love of music and her fear of abandoning her parents.",27.109,"/BzVjmm8l23rPsijLiNLUzuQtyd.jpg","Every family has its own language.","Drama, Music, Romance","Vendôme Pictures, Pathé, Picture Perfect Entertainment","France, United States of America","English, Spanish","parent child relationship, music teacher, fishing, deaf, massachusetts, coming of age, remake, singing, family, first love, disability, based on movie, woman director, sign languages, school choir, music school, teenager"
"132",446893,"Trolls World Tour",7.349,1921,"Released",2020-03-11,49276818,90,"False","/ybGEvB6725PkVuUfEo2txLGRwTj.jpg",90000000,"https://www.dreamworks.com/movies/trolls-world-tour","tt6587640","en","Trolls World Tour","Queen Poppy and Branch make a surprising discovery — there are other Troll worlds beyond their own, and their distinct differences create big clashes between these various tribes. When a mysterious threat puts all of the Trolls across the land in danger, Poppy, Branch, and their band of friends must embark on an epic quest to create harmony among the feuding Trolls to unite them against certain doom.",33.796,"/7W0G3YECgDAfnuiHG91r8WqgIOe.jpg","Happiest. Movie. Ever.","Family, Animation, Comedy, Fantasy, Adventure, Music","DreamWorks Animation, Universal Pictures, dentsu","United States of America","English","dancing, friendship, concert, country music, guitar, cloud, saxophone, sequel, jail, based on toy, rock music, alien abduction, singing, king, desert, pop music, flute, mirage, electronic music, k-pop, spaceship, jukebox musical"
"133",619730,"Don't Worry Darling",6.81,1911,"Released",2022-09-21,86669039,123,"False","/3ibGaDmgTdXY448ENZmtHEmhP6o.jpg",35000000,"https://www.dontworrydarling.movie","tt10731256","en","Don't Worry Darling","Alice and Jack are lucky to be living in the idealized community of Victory, the experimental company town housing the men who work for the top-secret Victory Project and their families. But when cracks in their idyllic life begin to appear, exposing flashes of something much more sinister lurking beneath the attractive façade, Alice can’t help questioning exactly what they’re doing in Victory, and why.",30.556,"/wjAJWfuE5OQm5zerlOAbTxdHFMV.jpg","Are you ready to live the life you deserve?","Thriller, Mystery, Drama","Vertigo Entertainment, New Line Cinema, Warner Bros. Pictures","United States of America","English","suburbian idyll, cult, palm springs, psychological thriller, stepford wife, woman director, 1950s, cultists, unhappy wife"
"134",937278,"A Man Called Otto",7.814,1857,"Released",2022-12-28,108961677,126,"False","/v2LilmCylr3bL9TCZSj6syjowZh.jpg",50000000,"https://www.amancalledotto.movie","tt7405458","en","A Man Called Otto","When a lively young family moves in next door, grumpy widower Otto Anderson meets his match in a quick-witted, pregnant woman named Marisol, leading to an unlikely friendship that turns his world upside down.",60.746,"/130H1gap9lFfiTF9iDrqNIkFvC9.jpg","Fall in love with the grumpiest man in America.","Comedy, Drama","Playtone, SF Studios, Artistic Films, Columbia Pictures, 2DUX²","Sweden, United States of America","English, Spanish","friendship, based on novel or book, suicide attempt, flashback, remake, miscarriage, new neighbor, mourning, social media, forced retirement, death of wife, bus accident, grumpy man, loss of wife, transgender, happy marriage, hopeful"
"135",934433,"Scream VI",7.2,1836,"Released",2023-03-08,168961389,123,"False","/44immBwzhDVyjn87b3x3l9mlhAD.jpg",35000000,"https://www.paramountmovies.com/movies/scream-vi","tt17663992","en","Scream VI","Following the latest Ghostface killings, the four survivors leave Woodsboro behind and start a fresh chapter.",231.85,"/wDWwtvkRRlgTiUr6TyLSMX8FCuZ.jpg","New York. New rules.","Horror, Crime, Thriller","Radio Silence, Project X Entertainment, Spyglass Media Group, Paramount","United States of America","English","mask, new york city, trauma, halloween, college, fake identity, sequel, conspiracy theory, revenge, public murder, murder, social commentary, serial killer, police corruption, slasher, whodunit, multiple stabbings, brutality, killing spree, self-referential, crime spree, aftercreditsstinger, movie fan, copycat killer, generation z, fbi agent"
"136",631842,"Knock at the Cabin",6.351,1828,"Released",2023-02-01,54708659,100,"False","/1dubuCInk9DM9JBjiItBGkkkZx0.jpg",20000000,"https://www.knockatthecabin.com","tt15679400","en","Knock at the Cabin","While vacationing at a remote cabin, a young girl and her two fathers are taken hostage by four armed strangers who demand that the family make an unthinkable choice to avert the apocalypse. With limited access to the outside world, the family must decide what they believe before all is lost.",68.135,"/dm06L9pxDOL9jNSK4Cb6y139rrG.jpg","Save your family or save humanity. Make the choice.","Thriller, Mystery, Horror","Blinding Edge Pictures, Universal Pictures, FilmNation Entertainment, Wishmore, dentsu","Japan, United States of America","English","based on novel or book, sacrifice, faith, end of the world, apocalypse, home invasion, lgbt, aftercreditsstinger, adopted child, adopted daughter, gay theme, same sex relationship, religious symbolism, derogatory"
"137",796499,"Army of Thieves",6.867,1756,"Released",2021-10-27,46900000,127,"False","/mu8RKavbv7Ml48twHQ6XVk7zw8e.jpg",30000000,"https://www.netflix.com/title/81185548","tt13024674","en","Army of Thieves","A mysterious woman recruits bank teller Ludwig Dieter to lead a group of aspiring thieves on a top-secret heist during the early stages of the zombie apocalypse.",22.46,"/iPTZGFmPs7HsXHYxiuxGolihjOH.jpg","BEFORE VEGAS, ONE LOCKSMITH BECAME A LEGEND.","Action, Thriller, Crime, Comedy","Pantaleon Films, The Stone Quarry, Film United","Germany, United States of America","German, English, Czech, Georgian, French","europe, interpol, prequel, zombie, safecracker, bank teller"
"138",804095,"The Fabelmans",7.723,1755,"Released",2022-11-11,45598614,151,"False","/2OnmtVOEpCwt0sYtss5kNxyYM2W.jpg",40000000,"https://www.thefabelmans.movie","tt14208870","en","The Fabelmans","Growing up in post-World War II era Arizona, young Sammy Fabelman aspires to become a filmmaker as he reaches adolescence, but soon discovers a shattering family secret and explores how the power of films can help him see the truth.",35.675,"/h7llKkqkkJtJrTOaDLuVeUYDQ7I.jpg","Capture every moment.","Drama","Amblin Entertainment, Reliance Entertainment","United States of America","English","high school, husband wife relationship, arizona, bullying, family relationships, coming of age, anti-semitism, teenage boy, filmmaking, childhood, semi autobiographical, marital problem, big dreams, thoughtful, father son relationship, mother son relationship, inspirational, adoring, comforting, compassionate, powerful, sympathetic"
"139",646389,"Plane",6.997,1753,"Released",2023-01-12,5.1e+07,107,"False","/9Rq14Eyrf7Tu1xk0Pl7VcNbNh1n.jpg",25000000,"https://www.plane.movie","tt5884796","en","Plane","After a heroic job of successfully landing his storm-damaged aircraft in a war zone, a fearless pilot finds himself between the agendas of multiple militias planning to take the plane and its passengers hostage.",95.197,"/qi9r5xBgcc9KTxlOLjssEbDgO0J.jpg","Survive together or die alone.","Action, Adventure, Thriller","MadRiver Pictures, di Bonaventura Pictures, G-BASE, Olive Hill Media, Riverstone Pictures","United States of America, Puerto Rico, United Kingdom","English, Turkish","airplane, pilot, philippines, held hostage, plane crash"
"140",335977,"Indiana Jones and the Dial of Destiny",6.679,1748,"Released",2023-06-28,382891104,155,"False","/35z8hWuzfFUZQaYog8E9LsXW3iI.jpg",294700000,"https://movies.disney.com/indiana-jones-and-the-dial-of-destiny","tt1462764","en","Indiana Jones and the Dial of Destiny","Finding himself in a new era, and approaching retirement, Indy wrestles with fitting into a world that seems to have outgrown him. But as the tentacles of an all-too-familiar evil return in the form of an old rival, Indy must don his hat and pick up his whip once more to make sure an ancient and powerful artifact doesn't fall into the wrong hands.",579.252,"/Af4bXE63pVsb2FtbW8uYIyPBadD.jpg","A legend will face his destiny.","Adventure, Action","Lucasfilm Ltd.","United States of America","English","treasure hunt, ancient rome, sequel, flashback, knife fight, archaeologist, adventurer, 1960s, nazi germany, action adventure, suspenseful"
"141",585216,"Escape Room: Tournament of Champions",6.58,1746,"Released",2021-07-01,65774490,88,"False","/kiqHtUr8ohIxwu60rs8G9FFMhNF.jpg",15000000,"https://www.sonypictures.com/movies/escaperoomtournamentofchampions","tt9844522","en","Escape Room: Tournament of Champions","Six people unwittingly find themselves locked in another series of escape rooms, slowly uncovering what they have in common to survive as they discover all the games that they've played before.",28.594,"/jGYJyPzVgrVV2bgClI9uvEZgVLE.jpg","Winning was just the beginning.","Horror, Thriller, Mystery","Original Film, Columbia Pictures, Shaken, Not Stirred Productions","United States of America","English","sequel, no escape, escape room, death game"
"142",724495,"The Woman King",7.749,1723,"Released",2022-09-16,97250903,135,"False","/xTsERrOCW15OIYl5aPX7Jbj38wu.jpg",50000000,"https://www.thewomanking.movie/","tt8093700","en","The Woman King","The story of the Agojie, the all-female unit of warriors who protected the African Kingdom of Dahomey in the 1800s with skills and a fierceness unlike anything the world has ever seen, and General Nanisca as she trains the next generation of recruits and readies them for battle against an enemy determined to destroy their way of life.",67.582,"/438QXt1E3WJWb3PqNniK0tAE5c1.jpg","Her reign begins.","Action, Drama, History","TriStar Pictures, JuVee Productions, Entertainment One, Welle Entertainment, TSG Entertainment II","Canada, United States of America","English, Portuguese","africa, arranged marriage, warrior woman, based on true story, slave trade, duringcreditsstinger, woman director, military unit, 19th century, mother daughter reunion, freed slave, female warrior, west africa, weapons training"
"143",763285,"Ambulance",6.7,1714,"Released",2022-03-16,51783040,136,"False","/rdOIqwR7P7fvTpC6LILSmQxEg6O.jpg",40000000,"https://www.ambulance.movie","tt4998632","en","Ambulance","Decorated veteran Will Sharp, desperate for money to cover his wife's medical bills, asks for help from his adoptive brother Danny. A charismatic career criminal, Danny instead offers him a score: the biggest bank heist in Los Angeles history: $32 million.",31.656,"/kuxjMVuc3VTD7p42TZpJNsSrM1V.jpg","It was supposed to be a simple heist.","Thriller, Action","Universal Pictures, Bay Films, Endeavor Content, New Republic Pictures, Project X Entertainment","United States of America","English","ambulance, car crash, remake, officer involved shooting, los angeles, california, bank robbery, veteran, heist gone wrong, bank heist, police helicopter, brother brother relationship"
"144",913290,"Barbarian",6.916,1711,"Released",2022-09-08,45352337,103,"False","/b5Sq1p2qnLNlaU9XOwjNNdbWmkP.jpg",4500000,"https://www.barbariantickets.ca/","tt15791034","en","Barbarian","In town for a job interview, a young woman arrives at her Airbnb late at night only to find that it has been mistakenly double-booked and a strange man is already staying there. Against her better judgement, she decides to stay the night anyway.",29.977,"/idT5mnqPcJgSkvpDX7pJffBzdVH.jpg","Some stay for a night. Some stay for a week. Some never leave.","Horror, Mystery, Thriller","BoulderLight Pictures, Vertigo Entertainment, Regency Enterprises, Hammerstone Studios, Almost Never Films, 20th Century Studios","United States of America","English","monster, sexual abuse, paranoia, flashback, basement, serial killer, duringcreditsstinger, airbnb, abduction, metoo, plot twist, secret room"
"145",629542,"The Bad Guys",7.629,1666,"Released",2022-03-17,250162278,100,"False","/9IDJpHROaC0S1ZlIxrvzOcOX5yC.jpg",80000000,"https://www.dreamworks.com/movies/the-bad-guys","tt8115900","en","The Bad Guys","When the Bad Guys, a crew of criminal animals, are finally caught after years of heists and being the world’s most-wanted villains, Mr. Wolf brokers a deal to save them all from prison.",54.776,"/7qop80YfuO0BwJa1uXk1DXUUEwv.jpg","Good is no fun at all.","Animation, Action, Adventure, Crime, Comedy, Family","DreamWorks Animation, Universal Pictures","United States of America","English","based on comic, based on graphic novel, duringcreditsstinger"
"146",602734,"Spiral: From the Book of Saw",6.028,1659,"Released",2021-05-12,40618920,93,"False","/g15PR8eQV9DehSWlagvdnJZqoRq.jpg",20000000,"https://spiral.movie/","tt10342730","en","Spiral: From the Book of Saw","Working in the shadow of an esteemed police veteran, brash Detective Ezekiel “Zeke” Banks and his rookie partner take charge of a grisly investigation into murders that are eerily reminiscent of the city’s gruesome past.  Unwittingly entrapped in a deepening mystery, Zeke finds himself at the center of the killer’s morbid game.",199.136,"/qkl6mRoFexK2FGWCbAsvrRxjWaF.jpg","","Horror, Crime, Mystery","Twisted Pictures, Lionsgate, Serendipity Productions, Dahlstar","United States of America","English","sequel, murder, police corruption, survival horror, body count, procedural, father son relationship, mystery killings, murder of a policeman, death game"
"147",700391,"65",6.122,1653,"Released",2023-03-02,5.5e+07,92,"False","/eEF40Xk2twM3WjRNZftfo771gjv.jpg",45000000,"https://www.65.movie","tt12261776","en","65","65 million years ago, the only 2 survivors of a spaceship from Somaris that crash-landed on Earth, must fend off dinosaurs to reach the escape vessel in time before an imminent asteroid strike threatens to destroy the planet.",85.473,"/rzRb63TldOKdKydCvWJM8B6EkPM.jpg","65 million years ago, prehistoric Earth had a visitor.","Science Fiction, Action, Adventure","Raimi Productions, Beck/Woods, Bron Studios, Columbia Pictures, TSG Entertainment","Canada, United States of America","English","monster, asteroid, cave, giant monster, prehistory, dinosaur, quicksand, crash landing, alien race, sick child, shipwrecked, man vs nature, father daughter relationship, alien spaceship"
"148",882569,"Guy Ritchie's The Covenant",7.814,1651,"Released",2023-04-19,2e+07,123,"False","/eTvN54pd83TrSEOz6wbsXEJktCV.jpg",55000000,"https://www.mgmstudios.com/the-covenant","tt4873118","en","Guy Ritchie's The Covenant","During the war in Afghanistan, a local interpreter risks his own life to carry an injured sergeant across miles of grueling terrain.",188.559,"/kVG8zFFYrpyYLoHChuEeOGAd6Ru.jpg","A bond. A pledge. A commitment.","War, Action, Thriller","STX Films, Toff Guy Films","United Kingdom, United States of America","Arabic, English","rescue, ambush, interpreter, afghanistan, afghanistan war (2001- ), grim, war, exhilarated"
"149",497828,"Triangle of Sadness",7.125,1631,"Released",2022-09-18,24733572,147,"False","/jENycYiYGr5NvMs789zj06JkW5l.jpg",15600000,"https://www.triangleofsadness.film","tt7322224","en","Triangle of Sadness","A celebrity model couple are invited on a luxury cruise for the uber-rich, helmed by an unhinged, alcoholic captain. What first appears Instagrammable ends catastrophically, leaving the survivors stranded on a desert island in a struggle of hierarchy.",30.999,"/k9eLozCgCed5FGTSdHu0bBElAV8.jpg","","Comedy, Drama","30WEST, ARTE, BBC Film, TRT, Turkish Radio & Television, Bord Cadre Films, Coproduction Office, Film i Väst, Heretic, Imperative Entertainment, Piano, Sovereign Films, Plattform Produktion, SVT, Svensk Filminspelning, Essential Films, ZDF, Svenska Filminstitutet, Eurimages, Medienboard Berlin-Brandenburg, The Danish Film Institute, Canal+, Ciné+, DR, Nordisk Film & TV Fond, BFI, MOIN Filmförderung Hamburg Schleswig-Holstein, SF Studios, Bac Films, Curzon Film World","Denmark, France, Germany, Greece, Mexico, Sweden, Turkey, United Kingdom, United States of America","Akan, German, English, French, Greek, Swedish, Tagalog","dark comedy, satire, survival, stranded, cruise ship, class differences, gender roles, sinking ship, food rationing, power struggle, luxury yacht, open ended, social media influencer, social climber, wealth inequality"
"150",585245,"Clifford the Big Red Dog",7.202,1618,"Released",2021-11-10,107347356,97,"False","/1Wlwnhn5sXUIwlxpJgWszT622PS.jpg",64000000,"https://www.cliffordmovie.com/","tt2397461","en","Clifford the Big Red Dog","As Emily struggles to fit in at home and at school, she discovers a small red puppy who is destined to become her best friend. When Clifford magically undergoes one heck of a growth spurt, becomes a gigantic dog and attracts the attention of a genetics company, Emily and her Uncle Casey have to fight the forces of greed as they go on the run across New York City. Along the way, Clifford affects the lives of everyone around him and teaches Emily and her uncle the true meaning of acceptance and unconditional love.",47.616,"/oifhfVhUcuDjE61V5bS5dfShQrm.jpg","Adventure has never been bigger.","Family, Adventure, Comedy, Fantasy","Paramount, Entertainment One, Kerner Entertainment Company, Scholastic Entertainment, New Republic Pictures, Walden Media","Canada, United Kingdom, United States of America","English","based on novel or book, dog, giant dog, pets, live action and animation, cgi-live action hybrid, animated character"
"151",559907,"The Green Knight",6.57,1605,"Released",2021-07-29,18888418,130,"False","/kIQc0kkqIYTo65x5XjlKgqdDQ6a.jpg",15000000,"http://thegreenknight.movie","tt9243804","en","The Green Knight","An epic fantasy adventure based on the timeless Arthurian legend, The Green Knight tells the story of Sir Gawain, King Arthur's reckless and headstrong nephew, who embarks on a daring quest to confront the eponymous Green Knight, a gigantic emerald-skinned stranger and tester of men.",19.04,"/if4hw3Ou5Sav9Em7WWHj66mnywp.jpg","When honor was everything.","Adventure, Drama, Fantasy","A24, Bron Studios, Sailor Bear, Ley Line Entertainment, Wild Atlantic Pictures, Creative Wealth Media Finance","Canada, Ireland, United Kingdom, United States of America","English","winter, fox, camelot, king arthur, middle ages (476-1453), excalibur, knights of the round table, aftercreditsstinger, decapitated head, based on myths, legends or folklore, christmas, quest, myth, gawain, medieval knight"
"152",899112,"Violent Night",7.479,1595,"Released",2022-11-30,75734910,112,"False","/4osLKux8s7ieEdP9XwmNk446uxm.jpg",20000000,"https://www.violentnightmovie.com","tt12003946","en","Violent Night","When a team of mercenaries breaks into a wealthy family compound on Christmas Eve, taking everyone inside hostage, the team isn’t prepared for a surprise combatant: Santa Claus is on the grounds, and he’s about to show why this Nick is no saint.",60.01,"/1XSYOP0JjjyMz1irihvWywro82r.jpg","You better watch out.","Action, Comedy, Crime, Thriller","87North Productions, Universal Pictures","United States of America","English","holiday, santa claus, mercenary, saving christmas, booby trap, duringcreditsstinger, christmas"
"153",581032,"News of the World",6.99,1579,"Released",2020-12-25,12668325,118,"False","/oyBZyY5GdzZdofVVsDda49QmvFP.jpg",38000000,"https://www.universalpictures.com/movies/news-of-the-world","tt6878306","en","News of the World","A Texan traveling across the wild West bringing the news of the world to local townspeople, agrees to help rescue a young girl who was kidnapped.",12.601,"/fYQCgVRsQTEfUrP7cW5iAFVYOlh.jpg","Find where you belong.","Drama, Western, Adventure","Playtone, Pretty Pictures, Universal Pictures, Perfect World Pictures","United States of America","German, English","newspaper, based on novel or book, texas, horse, native american, shootout, orphan, american civil war, civil war veteran, horse and wagon, 19th century, injured horse"
"154",385103,"Scoob!",7.112,1576,"Released",2020-07-08,28588425,93,"False","/fKtYXUhX5fxMxzQfyUcQW9Shik6.jpg",90000000,"https://www.scoob.movie/","tt3152592","en","Scoob!","In Scooby-Doo’s greatest adventure yet, see the never-before told story of how lifelong friends Scooby and Shaggy first met and how they joined forces with young detectives Fred, Velma, and Daphne to form the famous Mystery Inc. Now, with hundreds of cases solved, Scooby and the gang face their biggest, toughest mystery ever: an evil plot to unleash the ghost dog Cerberus upon the world. As they race to stop this global “dogpocalypse,” the gang discovers that Scooby has a secret legacy and an epic destiny greater than anyone ever imagined.",21.788,"/jHo2M1OiH9Re33jYtUQdfzPeUkx.jpg","Mystery loves company.","Animation, Comedy, Family, Mystery","Warner Bros. Pictures Animation, Warner Bros. Pictures","United States of America","English","friendship, superhero, heroism, talking dog, prequel, friends, based on cartoon, criminal investigation, boy and dog, caveman, fright"
"155",579047,"Reminiscence",6.664,1558,"Released",2021-08-18,18717947,116,"False","/8yhWlFcJ8zCqjfCvLy3lWFuawR1.jpg",68000000,"https://www.reminiscencemovie.com","tt3272066","en","Reminiscence","Nicolas Bannister, a rugged and solitary veteran living in a near-future Miami flooded by rising seas, is an expert in a dangerous occupation: he offers clients the chance to relive any memory they desire. His life changes when he meets a mysterious young woman named Mae. What begins as a simple matter of lost and found becomes a passionate love affair. But when a different client's memories implicate Mae in a series of violent crimes, Bannister must delve through the dark world of the past to uncover the truth about the woman he fell for.",19.501,"/17siH6wJRQ2jZiqz9BWUhy1UtZ.jpg","Don't look back.","Mystery, Science Fiction","FilmNation Entertainment, Michael De Luca Productions, Kilter Films","United States of America","English","miami, florida, drug addiction, new orleans, louisiana, flashback, murder, memory, woman director, neo-noir"
"156",648579,"The Unbearable Weight of Massive Talent",6.801,1499,"Released",2022-04-20,29116320,107,"False","/M7Kiquud2bjrhQvZXeIrvW0J4a.jpg",30000000,"https://www.nickcage.movie","tt11291274","en","The Unbearable Weight of Massive Talent","Creatively unfulfilled and facing financial ruin, Nick Cage must accept a $1 million offer to attend the birthday of a dangerous superfan. Things take a wildly unexpected turn when Cage is recruited by a CIA operative and forced to live up to his own legend, channeling his most iconic and beloved on-screen characters in order to save himself and his loved ones.",34.057,"/aqhLeieyTpTUKPOfZ3jzo2La0Mq.jpg","Nicolas Cage is Nick Cage.","Action, Comedy, Crime","Saturn Films, Burr! Productions","United States of America","English, Spanish","cia, undercover, screenplay, birthday party, drug lord, struggling actor, father daughter relationship, actor playing themself"
"157",716612,"Spencer",6.858,1475,"Released",2021-11-04,1.4e+07,117,"False","/uAf1Ua3UDm8cDR2CgNGbZepOqDV.jpg",18000000,"https://neonrated.com/films/spencer","tt12536294","en","Spencer","During her Christmas holidays with the royal family at the Sandringham estate in Norfolk, England, Diana decides to leave her marriage to Prince Charles.",13.478,"/7GcqdBKaMM9BWXWN07BirBMkcBF.jpg","Every fairy tale ends.","Drama","FilmNation Entertainment, Komplizen Film, Shoebox Films, Fabula, Fabula","Chile, Germany, United Kingdom, United States of America","English","princess, marriage crisis, royal family, biography, based on true story, psychological abuse, norfolk, christmas, 1990s, british royal family, british monarchy, body horror, princess diana"
"158",614560,"Mank",6.733,1449,"Released",2020-11-13,122252,132,"False","/hBOH4PNnhcGPgZbZjBwkx9gnNxI.jpg",25000000,"http://www.netflix.com/title/81117189","tt10618286","en","Mank","1930s Hollywood is reevaluated through the eyes of scathing social critic and alcoholic screenwriter Herman J. Mankiewicz as he races to finish the screenplay of Citizen Kane.",10.68,"/4yzTcAtvzyZLLto4z04xobUK9el.jpg","","Drama, History","Netflix International Pictures","United States of America","English","movie business, screenwriter, biography, hollywood, alcoholic, 1930s, old hollywood"
"159",804150,"Cocaine Bear",6.213,1449,"Released",2023-02-22,87649532,96,"False","/a2tys4sD7xzVaogPntGsT1ypVoT.jpg",32500000,"https://www.cocainebear.movie/","tt14209916","en","Cocaine Bear","Inspired by a true story, an oddball group of cops, criminals, tourists and teens converge in a Georgia forest where a 500-pound black bear goes on a murderous rampage after unintentionally ingesting cocaine.",97.888,"/gOnmaxHo0412UVr1QM5Nekv1xPi.jpg","Get in line.","Thriller, Comedy, Crime","Universal Pictures, Brownstone Productions, Lord Miller, dentsu","United States of America","English","cocaine, animal attack, georgia, based on true story, rampage, duringcreditsstinger, woman director, black bear, apex predator, casual"
"160",634528,"The Marksman",6.911,1420,"Released",2021-01-15,23076711,108,"False","/5Zv5KmgZzdIvXz2KC3n0MyecSNL.jpg",23000000,"https://www.themarksmanmovie.com","tt6902332","en","The Marksman","Jim Hanson’s quiet life is suddenly disturbed by two people crossing the US/Mexico border – a woman and her young son – desperate to flee a Mexican cartel. After a shootout leaves the mother dead, Jim becomes the boy’s reluctant defender. He embraces his role as Miguel’s protector and will stop at nothing to get him to safety, as they go on the run from the relentless assassins.",32.218,"/6vcDalR50RWa309vBH1NLmG2rjQ.jpg","Justice comes down to him.","Action","Sculptor Media, Zero Gravity Management, Cutting Edge Group, Stonehouse Motion Pictures, Voltage Pictures","United States of America","English, Spanish","assassin, mexico, war veteran, usa–mexico border, murder, drug cartel, farmer, dead dog, road movie"
"161",616820,"Halloween Ends",6.212,1413,"Released",2022-10-12,104361355,111,"False","/aTovumsNlDjof7YVoU5nW2RHaYn.jpg",20000000,"https://www.halloweenmovie.com","tt10665342","en","Halloween Ends","Four years after the events of Halloween in 2018, Laurie has decided to liberate herself from fear and rage and embrace life. But when a young man is accused of killing a boy he was babysitting, it ignites a cascade of violence and terror that will force Laurie to finally confront the evil she can’t control, once and for all.",45.067,"/q06saepaXeBdkMibuN4R2fXmgIw.jpg","This Halloween, their saga ends.","Horror, Thriller","Universal Pictures, Blumhouse Productions, Miramax, Rough House Pictures, Trancas International Films","United States of America","English","mask, sadism, radio station, psychopath, homicide, insanity, trauma, halloween, forbidden love, babysitter, illinois, bullying, sequel, halloween party, rampage, serial killer, slasher, accidental death, multiple stabbings, motorcycle, stabbing, sewer, evil, death of son, reboot, homeless man, mentor protégé relationship, autumn, halloween costume, grieving father, memoir, murder spree, human monster, death of a child, doomed romance, sadistic killer, grandmother granddaughter relationship, masked killer, junkyard, holiday horror"
"162",551804,"Freaky",6.574,1410,"Released",2020-11-12,15104310,102,"False","/rY26gy8isPcBLAe3NBIsVTPVb0Z.jpg",5000000,"https://www.freaky.movie/","tt10919380","en","Freaky","A mystical, ancient dagger causes a notorious serial killer to magically switch bodies with a 17-year-old girl.",20.475,"/8xC6QSyxrpm0D5A6iyHNemEWBVe.jpg","Basic switch. Killer new look.","Comedy, Fantasy, Horror, Thriller","Universal Pictures, Blumhouse Productions, Divide / Conquer","United States of America","English, Spanish","high school, gore, murder, serial killer, chainsaw, body-swap, high school student, dead father, stabbed"
"163",615643,"Minari",7.361,1402,"Released",2021-02-12,12886100,115,"False","/cpDoykGqISrjXb4SG1L18OkmWAf.jpg",2000000,"https://a24films.com/films/minari","tt10633456","en","Minari","A Korean American family moves to an Arkansas farm in search of its own American dream. Amidst the challenges of this new life in the strange and rugged Ozarks, they discover the undeniable resilience of family and what really makes a home.",16.285,"/6mPNdmjdbVKPITv3LLCmQoKs9Zw.jpg","","Drama","Plan B Entertainment","United States of America","English, Korean","american dream, arkansas, church, east asian lead, farmland, farmer, heart condition, family tension, hatchery, 1980s, vegetable farm, korean american, mobile home, rural setting, grandmother grandson relationship, korean, asian american, korean food, korean immigrant"
"164",884605,"No Hard Feelings",7.166,1401,"Released",2023-06-15,82995526,104,"False","/rRcNmiH55Tz0ugUsDUGmj8Bsa4V.jpg",45000000,"https://www.nohardfeelingsmovie.com","tt15671028","en","No Hard Feelings","On the brink of losing her childhood home, Maddie discovers an intriguing job listing: wealthy helicopter parents looking for someone to “date” their introverted 19-year-old son, Percy, before he leaves for college. To her surprise, Maddie soon discovers the awkward Percy is no sure thing.",298.801,"/gD72DhJ7NbfxvtxGiAzLaa0xaoj.jpg","Pretty. Awkward.","Comedy, Romance","Excellent Cadaver, Odenkirk Provissiero Entertainment, Columbia Pictures, Saks Picture Company","United States of America","English","friendship, older woman seduces younger guy, romantic comedy, summer, new york state, teen comedy, hometown, bankruptcy, craigslist, animal shelter, socially awkward, uber, late coming of age, nude swimming, graduation party, helicopter parenting"
"165",568620,"Snake Eyes: G.I. Joe Origins",6.538,1397,"Released",2021-07-22,36964325,121,"False","/2OFg5p9yarI5zZsUWKCRgBgPctj.jpg",88000000,"https://www.snakeeyesmovie.com","tt8404256","en","Snake Eyes: G.I. Joe Origins","After saving the life of their heir apparent, tenacious loner Snake Eyes is welcomed into an ancient Japanese clan called the Arashikage where he is taught the ways of the ninja warrior. But, when secrets from his past are revealed, Snake Eyes' honor and allegiance will be tested – even if that means losing the trust of those closest to him.",46.458,"/uIXF0sQGXOxQhbaEaKOi2VYlIL0.jpg","Every warrior has a beginning.","Action, Adventure","Paramount, Metro-Goldwyn-Mayer, di Bonaventura Pictures, Entertainment One, Skydance, Hasbro","Canada, Japan, United States of America","English, Arabic, Italian, Japanese","prequel, ninja, based on cartoon, based on toy, spin off, origin of hero, gi joe, female fighter, action hero, female warrior, based on tv series"
"166",578701,"Those Who Wish Me Dead",6.704,1385,"Released",2021-05-05,23384502,100,"False","/ouOojiypBE6CD1aqcHPVq7cJf2R.jpg",20000000,"https://www.warnerbros.com/movies/those-who-wish-me-dead","tt3215824","en","Those Who Wish Me Dead","A young boy finds himself pursued by two assassins in the Montana wilderness, with a survival expert determined to protect him, and a forest fire threatening to consume them all.",29.947,"/xCEg6KowNISWvMh8GvPSxtdf9TO.jpg","Nature finds a way.","Thriller, Action","Bron Studios, Film Rites, New Line Cinema, Bosque Ranch Productions","Canada, United States of America","English","assassin, based on novel or book, older woman younger man relationship, neo-western, wildfire"
"167",964980,"Air",7.385,1384,"Released",2023-04-05,87078875,112,"False","/aT3sRVqgpkyCo23fp9myVfKPWbA.jpg",90000000,"https://www.mgmstudios.com/air","tt16419074","en","Air","Discover the game-changing partnership between a then undiscovered Michael Jordan and Nike's fledgling basketball division which revolutionized the world of sports and culture with the Air Jordan brand.",38.283,"/76AKQPdH3M8cvsFR9K8JsOzVlY5.jpg","Some icons are meant to fly.","Drama, History","Amazon Studios, Skydance Sports, Mandalay Pictures, Artists Equity","United States of America","German, English","sports, based on true story, basketball, shoe, nba, duringcreditsstinger, 1980s"
"168",565028,"Candyman",6,1381,"Released",2021-08-25,77411570,91,"False","/xENKhotB6aYBlnDH2lE0m2y22v1.jpg",25000000,"https://www.candymanmovie.com/","tt9347730","en","Candyman","Anthony and his partner move into a loft in the now gentrified Cabrini-Green. After a chance encounter with an old-timer exposes Anthony to the true story behind Candyman, he unknowingly opens a door to a complex past that unravels his own sanity and unleashes a terrifying wave of violence.",22.957,"/ygyoaQ8bCp4kDcLc6SdP5GvqmDW.jpg","Dare to say his name.","Horror, Mystery, Thriller","Metro-Goldwyn-Mayer, Monkeypaw Productions, Bron Studios, Universal Pictures, Creative Wealth Media Finance","Canada, United States of America","English, French","sequel, murder, urban legend, bee, evil, mirror"
"169",513310,"Boss Level",6.882,1364,"Released",2021-02-19,2e+06,94,"False","/1Yc5hIRh3skhsEKLbCHE7v1FBOa.jpg",45000000,"https://www.hulu.com/movie/boss-level-622e81d6-ba3b-47f3-8e78-71fe742ade9f","tt7638348","en","Boss Level","A former special forces agent is trapped in a time loop and relives his death over and over again. To escape the terrible situation, he must track down those responsible and stop them.",30.218,"/i6QFXv4lZyxRMknH0EDkCIz02XP.jpg","Running out of time. And lives.","Action, Science Fiction, Thriller","WarParty Films, Highland Film Group, Ingenious Media, Paradox Film Group, EFO Films, Big Red Films, Diamond Film Productions, Edver Films, Orca Entertainment Group, River Bay Films, The Fyzz, Scott Free Productions","United Kingdom, United States of America","English","video game, time loop"
"170",583406,"Judas and the Black Messiah",7.359,1344,"Released",2021-02-12,6416063,126,"False","/fatz1aegtBGh7KS0gipcsw9MqUn.jpg",26000000,"https://www.judasandtheblackmessiah.com","tt9784798","en","Judas and the Black Messiah","Bill O'Neal infiltrates the Black Panthers on the orders of FBI Agent Mitchell and J. Edgar Hoover. As Black Panther Chairman Fred Hampton ascends—falling for a fellow revolutionary en route—a battle wages for O’Neal’s soul.",17.74,"/iIgr75GoqFxe1X5Wz9siOODGe9u.jpg","You can kill a revolutionary but you can't kill the revolution.","Drama, History","MACRO, Bron Studios, Participant, Proximity Media, Warner Bros. Pictures","Canada, United States of America","English","chicago, illinois, assassination, black panther party, based on true story, betrayal, betrayal by friend, 1960s, african american history, rainbow coalition"
"171",539681,"DC League of Super-Pets",7.3,1336,"Released",2022-07-27,2.03e+08,105,"False","/mzFlwK2WN5KGCgEc4ExJmooJy97.jpg",90000000,"https://www.dcleagueofsuperpets.com","tt8912936","en","DC League of Super-Pets","When Superman and the rest of the Justice League are kidnapped, Krypto the Super-Dog must convince a rag-tag shelter pack - Ace the hound, PB the potbellied pig, Merton the turtle and Chip the squirrel - to master their own newfound powers and help him rescue the superheroes.",53.697,"/qpPMewlugFaejXjz4YNDnpTniFX.jpg","Sit, stay, save the world.","Animation, Action, Family, Comedy, Science Fiction","Warner Bros. Pictures Animation, DC Entertainment, Seven Bucks Productions, Animal Logic, Warner Bros. Pictures","United States of America","English","superhero, based on comic, super power, aftercreditsstinger, duringcreditsstinger, evil mastermind, talking animal"
"172",511809,"West Side Story",7.036,1334,"Released",2021-12-08,74530532,157,"False","/tHnHTp50qDx7br1i9ulh74MUW0A.jpg",100000000,"https://www.20thcenturystudios.com/movies/west-side-story","tt3581652","en","West Side Story","Two youngsters from rival New York City gangs fall in love, but tensions between their respective friends build toward tragedy.",22.831,"/myAX5qoD6YVLNGiWpk2wcU66Vfq.jpg","","Drama, Romance, Crime","Amblin Entertainment, 20th Century Studios","United States of America","","new york city, dancing, dance, street gang, love at first sight, forbidden love, musical, based on play or musical, interracial relationship, racism, young love, broadway musical, 1950s, romeo & juliet, latino"
"173",840326,"Sisu",7.532,1325,"Released",2023-01-27,13009289,91,"False","/o9bbojtrrpl0yriiTmzC3Lp3OhA.jpg",6200000,"","tt14846026","fi","Sisu","Deep in the wilderness of Lapland, Aatami Korpi is searching for gold but after he stumbles upon Nazi patrol, a breathtaking and gold-hungry chase through the destroyed and mined Lapland wilderness begins.",157.379,"/ygO9lowFMXWymATCrhoQXd6gCEh.jpg","Vengeance is golden.","Action, War","Subzero Film Entertainment, Good Chaos, Stage 6 Films","Finland, United Kingdom, United States of America","English, Finnish","world war ii, lapland, nordic mythology, soldier, finnish mythology, bloody, violence"
"174",682507,"Where the Crawdads Sing",7.552,1322,"Released",2022-07-14,144353965,126,"False","/4js6A53tpvUbCEcUsKwuetRnVGb.jpg",24000000,"https://www.sonypictures.com/movies/wherethecrawdadssing","tt9411972","en","Where the Crawdads Sing","Abandoned by her family, Kya raises herself all alone in the marshes outside of her small town. When her former boyfriend is found dead, Kya is instantly branded by the local townspeople and law enforcement as the prime suspect for his murder.",19.642,"/6h5OCqRnWH7Dcm4IeP4JypBdtuI.jpg","Secrets are buried just beneath the surface.","Drama, Mystery, Romance","3000 Pictures, Hello Sunshine, HarperCollins Publishers","United States of America","English","based on novel or book, bullying, coming of age, survival, domestic abuse, first love, marsh, boyfriend girlfriend relationship, jury trial, naturalist, murder mystery, murder trial, 1960s, abusive boyfriend, abandoned child, southern culture"
"175",626735,"Dog",7.352,1293,"Released",2022-02-17,84774243,102,"False","/cGnaZm6EQOJESde3Vv4v53Zk4gN.jpg",20000000,"https://www.unitedartistsreleasing.com/dog","tt11252248","en","Dog","An army ranger and his dog embark on a road trip along the Pacific Coast Highway to attend a friend's funeral.",48.525,"/zHQy4h36WwuCetKS7C3wcT1hkgA.jpg","A filthy animal unfit for human company and a... dog.","Drama, Comedy","FilmNation Entertainment, Metro-Goldwyn-Mayer, Free Association","United States of America","English","military working dogs, emotional support animal, belgian malinois, baddi-flies, ranger regiment"
"176",818397,"Memory",6.883,1293,"Released",2022-04-28,13897255,114,"False","/9zXPnbVpaDfTniLBuc5vgXGfzAP.jpg",30000000,"https://www.memorymov.com/","tt11827628","en","Memory","Alex, an assassin-for-hire, finds that he's become a target after he refuses to complete a job for a dangerous criminal organization. With the crime syndicate and FBI in hot pursuit, Alex has the skills to stay ahead, except for one thing: he is struggling with severe memory loss, affecting his every move. Alex must question his every action and whom he can ultimately trust.",56.091,"/4Q1n3TwieoULnuaztu9aFjqHDTI.jpg","His mind is fading. His conscience is clear.","Action, Thriller, Crime","Black Bear Pictures, Welle Entertainment, Saville Productions, Open Road Films, Briarcliff Entertainment, STX Films","United States of America","Spanish, English","assassin, alzheimer's disease, remake"
"177",542224,"Gretel & Hansel",5.99,1281,"Released",2020-01-30,22304357,87,"False","/en1XAePgWqNSXb82luUMmo5u3cF.jpg",5000000,"https://gretelandhanselthemovie.com/","tt9086228","en","Gretel & Hansel","A long time ago in a distant fairy tale countryside, a young girl leads her little brother into a dark wood in desperate search of food and work, only to stumble upon a nexus of terrifying evil.",16.122,"/mBBBXseq4k4dI63k06XIrsc02j8.jpg","A grim fairy tale","Fantasy, Horror, Mystery","Automatik Entertainment, Bron Studios, Creative Wealth Media Finance, Orion Pictures, Wild Atlantic Pictures","Canada, Ireland, United States of America","English","witch, fairy tale, woods, tale, witchcraft, dark fantasy, based on fairy tale, folk horror, re-imagining, brother sister relationship, supernatural power"
"178",575264,"Mission: Impossible - Dead Reckoning Part One",7.74,1171,"Released",2023-07-08,563148955,164,"False","/TFTfzrkX8L7bAKUcch6qLmjpLu.jpg",291000000,"https://www.missionimpossible.com","tt9603212","en","Mission: Impossible - Dead Reckoning Part One","Ethan Hunt and his IMF team embark on their most dangerous mission yet: To track down a terrifying new weapon that threatens all of humanity before it falls into the wrong hands. With control of the future and the world's fate at stake and dark forces from Ethan's past closing in, a deadly race around the globe begins. Confronted by a mysterious, all-powerful enemy, Ethan must consider that nothing can matter more than his mission—not even the lives of those he cares about most.",401.083,"/NNxYkU70HPurnNCSiCjYAmacwm.jpg","We all share the same fate.","Action, Thriller","Paramount, Skydance, TC Productions","United States of America","French, English, Italian, Russian","race against time, mission, rome, italy, chase, secret mission, secret agent, sequel, intelligence agency, rogue agent, based on tv series, secret government agency, serious, northern norway, exhilarated"
"179",614479,"Insidious: The Red Door",6.85,1161,"Released",2023-07-05,185582093,107,"False","/i2GVEvltEu3BXn5crBSxgKuTaca.jpg",16000000,"https://www.insidious.movie","tt13405778","en","Insidious: The Red Door","To put their demons to rest once and for all, Josh Lambert and a college-aged Dalton Lambert must go deeper into The Further than ever before, facing their family's dark past and a host of new and more horrifying terrors that lurk behind the red door.",305.896,"/d07phJqCx6z5wILDYqkyraorDPi.jpg","It ends where it all began.","Horror, Mystery, Thriller","Blumhouse Productions, Stage 6 Films, Screen Gems, Oren Peli Productions, Solana Films","United States of America","English","sequel, demon, franchise, insidious, supernatural horror, evil spirits, fifth part"
"180",664469,"Amsterdam",6.066,1158,"Released",2022-09-27,31245810,134,"False","/79PcXPpbDWql74h8Y00mNwbYMbS.jpg",80000000,"https://www.20thcenturystudios.com/movies/amsterdam","tt10304142","en","Amsterdam","In the 1930s, three friends—a doctor, a nurse, and an attorney—witness a murder, become suspects themselves and uncover one of the most outrageous plots in American history.",26.845,"/6sJcVzGCwrDCBMV0DU6eRzA2UxM.jpg","Let the love, murder and conspiracy begin.","Mystery, History, Thriller","DreamCrew, Keep Your Head Productions, Corazon Hayagriva, New Regency Productions, Regency Enterprises","United States of America","English, French","investigation, based on true story, conspiracy, duringcreditsstinger, framed for murder, 1930s"
"181",555974,"Brahms: The Boy II",5.984,1150,"Released",2020-02-20,20311536,86,"False","/jeiVmutYPZyQRSYk7OvyWENGIrA.jpg",10000000,"","tt9173418","en","Brahms: The Boy II","After a family moves into the Heelshire Mansion, their young son soon makes friends with a life-like doll called Brahms.",14.342,"/tIpGQ9uuII7QVFF0GHCFTJFfXve.jpg","He's made a friend.","Horror, Mystery, Thriller","STX Films, Lakeshore Entertainment","Australia, Canada, China, United States of America","Spanish, English","country house, murder, mansion, home invasion, doll"
"182",675445,"PAW Patrol: The Movie",7.425,1142,"Released",2021-08-09,144327371,86,"False","/a17F3zXnmuwqxfiDa46mtlosjrv.jpg",26000000,"https://www.pawpatrol.movie","tt11832046","en","PAW Patrol: The Movie","Ryder and the pups are called to Adventure City to stop Mayor Humdinger from turning the bustling metropolis into a state of chaos.",217.613,"/ic0intvXZSfBlYPIvWXpU1ivUCO.jpg","Our fate is in their paws.","Animation, Family, Adventure, Comedy","Spin Master, Nickelodeon Movies, Paramount, Mikros Image, Elevation Pictures","United States of America","English","cartoon, dog, animal, kids"
"183",585244,"I Still Believe",7.603,1089,"Released",2020-03-12,16069730,115,"False","/21Q8bzu10YF9i4O5amBkJBombYo.jpg",12000000,"https://www.lionsgate.com/movies/i-still-believe","tt9779516","en","I Still Believe","The true-life story of Christian music star Jeremy Camp and his journey of love and loss that looks to prove there is always hope.",15.677,"/dqA2FCzz4OMmXLitKopzf476RVB.jpg","One love can change your life.","Music, Drama, Romance","Kevin Downes Productions","United States of America","English","biography, romance, christian film"
"184",877269,"Strange World",6.424,1062,"Released",2022-11-23,73621640,102,"False","/5wDBVictj4wUYZ31gR5WzCM9dLD.jpg",180000000,"https://movies.disney.com/strange-world","tt10298840","en","Strange World","A journey deep into an uncharted and treacherous land, where fantastical creatures await the legendary Clades—a family of explorers whose differences threaten to topple their latest, and by far most crucial, mission.",39.93,"/fHMqfsYyl3lskPK2RiFRwhzwuep.jpg","Journey to a place where nothing is as it appears!","Animation, Family, Adventure, Science Fiction","Walt Disney Pictures, Walt Disney Animation Studios","United States of America","English","monster, harmony, farmer, explorer, lgbt teen, aggressive, alternative world"
"185",739405,"Operation Fortune: Ruse de Guerre",6.582,1047,"Released",2023-01-04,37846713,114,"False","/7TdVWAO7vV9j1OLDq1hQJS3pb4U.jpg",50000000,"https://www.operationfortune.movie","tt7985704","en","Operation Fortune: Ruse de Guerre","Special agent Orson Fortune and his team of operatives recruit one of Hollywood's biggest movie stars to help them on an undercover mission when the sale of a deadly new weapons technology threatens to disrupt the world order.",56.248,"/uo7vWfQUlVwueYTDRicXOJa8Oow.jpg","In this operation, everyone has a part to play.","Action, Thriller, Comedy","Miramax, STX Films, Toff Guy Films, AZ Celtic Films","Czech Republic, Turkey, United Kingdom, United States of America","English","martial arts, london, england, showdown, madrid, spain, espionage, spy, secret agent, shootout, cannes, france"
"186",565770,"Blue Beetle",7.139,1023,"Released",2023-08-16,124818235,128,"False","/1syW9SNna38rSl9fnXwc9fP7POW.jpg",120000000,"https://www.dc.com/bluebeetle","tt9362930","en","Blue Beetle","Recent college grad Jaime Reyes returns home full of aspirations for his future, only to find that home is not quite as he left it. As he searches to find his purpose in the world, fate intervenes when Jaime unexpectedly finds himself in possession of an ancient relic of alien biotechnology: the Scarab.",2994.357,"/mXLOHHc1Zeuwsl4xYKjKh2280oL.jpg","Jaime Reyes is a superhero whether he likes it or not.","Action, Science Fiction, Adventure","Warner Bros. Pictures, The Safran Company, DC Films","United States of America","English, Portuguese, Spanish","armor, superhero, family relationships, family, high tech, job hunting, mexican american, aftercreditsstinger, duringcreditsstinger, immigrant family, college graduate, dc extended universe (dceu), alien technology, brother sister relationship, latino"
"187",791177,"Bones and All",7.135,1019,"Released",2022-11-18,14134907,131,"False","/8sPxa4sdRvjgRG3GgkO8RQxUR9P.jpg",18000000,"https://www.bonesandallfilm.net/","tt10168670","it","Bones and All","Abandoned by her father, a young woman embarks on a thousand-mile odyssey through the backroads of America where she meets a disenfranchised drifter. But despite their best efforts, all roads lead back to their terrifying pasts and to a final stand that will determine whether their love can survive their otherness.",22.262,"/rGnKs2joPvJRKnboqDSf81Ap6Mn.jpg","Maybe love will set you free.","Drama, Horror, Romance","Frenesy Film, Per Capita Productions, MeMo Films, The Apartment Pictures, 3 Marys Entertainment, Tenderstories, Elafilm","Italy, United States of America","English","based on novel or book, sense of guilt, homelessness, addiction, road trip, love, interracial romance, teenage girl, family abandonment, cannibal, guilt, sensuality, first love, pickup truck, flesh eating, road movie, genre bending, 1980s, american midwest, abandonment, romantic thriller, estranged mother, brother sister relationship, love story, body horror"
"188",616651,"Stillwater",6.666,1019,"Released",2021-07-29,19754272,139,"False","/ckCrunvxJ1SqL1w4goJGGGZ5PGP.jpg",20000000,"https://www.focusfeatures.com/stillwater","tt10696896","en","Stillwater","Bill Baker, an American oil-rig roughneck from Oklahoma, travels to Marseille to visit his estranged daughter, Allison, who is in prison for a murder she claims she did not commit. Confronted with language barriers, cultural differences, and a complicated legal system, Bill builds a new life for himself in France as he makes it his personal mission to exonerate his daughter.",22.616,"/cPdmPwcIcmu0ugfKcdFtI3vmOJq.jpg","Secrets run deep.","Drama, Crime, Thriller","Anonymous Content, Slow Pony Pictures, DreamWorks Pictures, Participant, Amblin Partners, Focus Features, Firstep, 3dot Productions","France, United States of America","English, French, Spanish","marseille, france, fish out of water, father daughter relationship"
"189",441130,"Wolfwalkers",8.249,1018,"Released",2020-10-26,1266570,103,"False","/yHtB4KHNigx3ZoxDvQbW2SOXGfq.jpg",12000000,"http://wolfwalkersmovie.com/","tt5198068","en","Wolfwalkers","In a time of superstition and magic, when wolves are seen as demonic and nature an evil to be tamed, a young apprentice hunter comes to Ireland with her father to wipe out the last pack. But when she saves a wild native girl, their friendship leads her to discover the world of the Wolfwalkers and transform her into the very thing her father is tasked to destroy.",18.931,"/ehAKuE48okTuonq6TpsNQj8vFTC.jpg","Be fierce. Be wild. Be free.","Animation, Family, Adventure, Fantasy","Cartoon Saloon, Melusine Productions, Value&Power Culture Communications, Film Fund Luxembourg, Fís Éireann/Screen Ireland, Broadcasting Authority of Ireland, Haut et Court, Canal+, RTÉ, OCS, Pôle Image Magelis, Folivari, GKIDS","China, France, Ireland, Luxembourg, United States of America","English, Irish","friendship, wolf, magic, fairy tale, shapeshifting, wolf's lair, feral child, forest, woods, female protagonist, ireland, family, folklore, werewolf child, healer, wolves, irish folklore, hand drawn animation, father daughter relationship, mother daughter relationship, fantasy, 1600s, enchanted forest"
"190",649609,"Renfield",6.723,1014,"Released",2023-04-07,26348156,93,"False","/nBEFrdcVhwceGSFw83RksxY9Blg.jpg",65000000,"https://www.renfieldmovie.com","tt11358390","en","Renfield","Having grown sick and tired of his centuries as Dracula's lackey, Renfield finds a new lease on life — and maybe even redemption — when he falls for feisty, perennially angry traffic cop Rebecca Quincy.",63.941,"/jG83l0tDwoQj3hBAioIsJ5rTPHw.jpg","Sucks to be him.","Comedy, Horror, Fantasy","Skybound Entertainment, Universal Pictures, Giant Wildcat, dentsu","Japan, United States of America","English, Thai","police, vampire, gore, bugs, mob family, crooked cops, horror comedy, immortal, dracula, abusive relationship, bloody death, violence"
"191",529485,"The Way Back",6.618,1010,"Released",2020-03-05,14590514,107,"False","/5mubFanEHVFJff4jLQH0uIOThMz.jpg",23000000,"","tt8544498","en","The Way Back","A former basketball all-star, who has lost his wife and family foundation in a struggle with addiction, attempts to regain his soul and salvation by becoming the coach of a disparate ethnically mixed high school basketball team at his alma mater.",9.852,"/ylPnfaphW3FrLBUVwAREVtiL9My.jpg","Every loss is another fight.","Drama","Warner Bros. Pictures, Pearl Street Films, Mayhem Pictures, Bron Studios","United States of America, Canada","English, Italian","change, alcoholism, widower, basketball team, basketball coach, addiction recovery"
"192",516329,"Antlers",6.276,963,"Released",2021-10-28,18867659,99,"False","/9fzNf2QcsHVvdx5g5QUOgAWpADw.jpg",17000000,"https://www.searchlightpictures.com/antlers","tt7740510","en","Antlers","A small-town Oregon teacher and her brother, the local sheriff, discover a young student is harbouring a dangerous secret that could have frightening consequences.",24.05,"/cMch3tiexw3FdOEeZxMWVel61Xg.jpg","Pray it desires not you.","Drama, Horror, Mystery","Searchlight Pictures, Phantom Four, Double Dare You Productions, Mirada Studio, TSG Entertainment","United States of America","English","sheriff, superstition, trauma, native american, oregon, usa, creature, meth lab, school teacher, mining town, based on short story, wendigo, folk horror, myth"
"193",823625,"Blacklight",6.226,950,"Released",2022-02-10,15902207,104,"False","/3VqxfyYUD23Q5G11ruSMnSU7zIL.jpg",43000000,"https://www.blacklightmov.com/","tt14060094","en","Blacklight","Travis Block is a shadowy Government agent who specializes in removing operatives whose covers have been exposed. He then has to uncover a deadly conspiracy within his own ranks that reaches the highest echelons of power.",49.396,"/8jIyu2UfEsCYlxg2vFUaHeALeoD.jpg","They're gonna need more men.","Action, Thriller","The Solution, Zero Gravity Management, Film Victoria, Lightstream Entertainment, Screen Australia, Universal Pictures, Footloose Productions, Sina Studios, Fourstar Film Partners Production, Elevate Production Finance, Monty the Dog Productions","United States of America, Australia","English","undercover agent, hitman, blackmail, fbi, conspiracy, fixer"
"194",531876,"The Outpost",6.885,924,"Released",2020-06-24,2133452,123,"False","/n1RohH2VoK1CdVI2fXvcP19dSlm.jpg",18000000,"https://screenmediafilms.net/productions/details/3168/The-Outpost","tt3833480","en","The Outpost","A small unit of U.S. soldiers, alone at the remote Combat Outpost Keating, located deep in the valley of three mountains in Afghanistan, battles to defend against an overwhelming force of Taliban fighters in a coordinated attack. The Battle of Kamdesh, as it was known, was the bloodiest American engagement of the Afghan War in 2009 and Bravo Troop 3-61 CAV became one of the most decorated units of the 19-year conflict.",22.097,"/hPkqY2EMqWUnFEoedukilIUieVG.jpg","The mission was survival.","War, Drama, History, Action","Millennium Media, York Films, Perfection Hunter Productions","Bulgaria, United States of America","English","based on novel or book, afghanistan, based on true story, afghanistan war (2001- ), soldier, warfield, beating the odds, 2000s"
"195",492611,"The Turning",5.813,904,"Released",2020-01-23,19428166,94,"False","/tYm0Yk9k9W0hb9Xy4coOXqoGfNT.jpg",14000000,"https://www.uphe.com/movies/the-turning","tt7510346","en","The Turning","A young woman quits her teaching job to be a private tutor for two wealthy young kids, but soon starts to suspect there’s more to their house than what meets the eye.",11.319,"/j0W7tW3g8NoLrt5gWqQ5RsPMVDQ.jpg","Watch the children with care.","Horror, Thriller","Amblin Entertainment, DreamWorks Pictures, Universal Pictures, Vertigo Entertainment","United States of America","English","based on novel or book, woman director"
"196",817758,"TÁR",7.2,904,"Released",2022-09-23,29182623,158,"False","/fwhN9a0oRZvzc2tDuu5BZ59MOPz.jpg",35000000,"https://www.focusfeatures.com/tar","tt14444726","en","TÁR","Renowned musician Lydia Tár is days away from recording the symphony that will elevate her career.  However, Lydia's elaborate facade begins to unravel, revealing dirty secrets and the corrosive nature of power.",29.977,"/dRVAlaU0vbG6hMf2K45NSiIyoUe.jpg","","Drama, Music","Focus Features, Standard Film Company, EMJAG Productions","Germany, United States of America","English, French, German, Tagalog","infidelity, new york city, berlin, germany, composer, musician, classical music, conductor, orchestra, philippines, lgbt, character study, adopted child, concert pianist, fictional biography, metoo, cancel culture"
"197",749274,"Cry Macho",5.998,889,"Released",2021-09-16,16481544,104,"False","/g6wufgtycJCP508tlC3crSYFCgC.jpg",33000000,"https://www.crymachofilm.com","tt1924245","en","Cry Macho","Mike Milo, a one-time rodeo star and washed-up horse breeder, takes a job from an ex-boss to bring the man's young son home from Mexico.",13.513,"/bzJBmh8U5ofExJara4nrdqlW8f3.jpg","A story of being lost... and found.","Drama, Western","Malpaso Productions, Albert S. Ruddy Productions, Warner Bros. Pictures","United States of America","English, Spanish","mexico, based on novel or book, kidnapping, 1970s, neo-western, animal whisperer"
"198",717728,"Jeepers Creepers: Reborn",5.591,870,"Released",2022-09-15,6175213,88,"False","/jpipejVjqn7ifln05xeq9zpvprf.jpg",5000000,"https://www.jeeperscreepersreborn.com/","tt14121726","en","Jeepers Creepers: Reborn","Forced to travel with her boyfriend to a horror festival, Laine begins to experience disturbing visions associated with the urban legend of The Creeper. As the festival arrives and the blood-soaked entertainment builds to a frenzy, she becomes the center of it while something unearthly has been summoned.",69.478,"/pyFyhcXx4kNnLbzEY5z5fc3RehQ.jpg","Evil's Back. For More.","Horror, Thriller, Mystery","Orwo Studios (US), Screen Media Films, Black Hangar Studios, Infinity Films, Ink Pine Media","United States of America, United Kingdom","English",""
"199",574060,"Gunpowder Milkshake",6.375,862,"Released",2021-07-14,1015760,114,"False","/bOYso1vEWhcus8P97lTj2Vw1wkB.jpg",30000000,"","tt8368408","en","Gunpowder Milkshake","To protect an 8-year-old girl, a dangerous assassin reunites with her mother and her lethal associates to take down a ruthless crime syndicate and its army of henchmen.",22.403,"/5AaKulwpUtkscAokKWtLenGTfVS.jpg","Revenge is best served ice cold.","Action, Crime, Thriller","Studio Babelsberg, Canal+, Ciné+, The Picture Company, STX Films, StudioCanal","France, Germany, United States of America","English, Russian","assassin, hitwoman, mother daughter estrangement"
"200",522016,"The 355",6.139,859,"Released",2022-01-05,55700000,122,"False","/dEE5tjmrxf4xrKrTnyghLsPSt6f.jpg",75000000,"https://www.the355movie.com","tt8356942","en","The 355","A group of top female agents from American, British, Chinese, Colombian, and German government agencies are drawn together to try and stop an organization from acquiring a deadly weapon to send the world into chaos.",29.949,"/k26FYPVrLRHYnv5ZbMsIHFsjdIM.jpg","Work together or die alone.","Action, Thriller","Freckle Films, Genre Films, FilmNation Entertainment, Universal Pictures, Demei Holdings Limited, CNC, Firstep, Episode Films Co., Zak Productions","France, Hong Kong, Morocco, Taiwan, United States of America","Arabic, English, French, Mandarin, Spanish, German","spy, airplane crash, agent, safe house, cyber terrorism"
"201",766475,"See How They Run",6.392,851,"Released",2022-09-09,21921551,98,"False","/cn9GQzCaeYylEV2hymVR8bskRMJ.jpg",40000000,"https://www.seehowtheyrunmovie.com","tt13640696","en","See How They Run","In the West End of 1950s London, plans for a movie version of a smash-hit play come to an abrupt halt after a pivotal member of the crew is murdered. When world-weary Inspector Stoppard and eager rookie Constable Stalker take on the case, the two find themselves thrown into a puzzling whodunit within the glamorously sordid theater underground, investigating the mysterious homicide at their own peril.",14.737,"/r3rpSAi2yukZwr9H2km0WKGODWo.jpg","The greatest murder ever staged.","Mystery, Comedy, Thriller","Searchlight Pictures, DJ Films, TSG Entertainment","United Kingdom, United States of America","English, Italian","london, england, investigation, theater play, murder, whodunit, murder mystery, 1950s, film adaptation"
"202",425001,"The War with Grandpa",6.417,845,"Released",2020-08-27,43387445,98,"False","/a9jZrU7LJk6mAUjmkbEmTiC52l0.jpg",18000000,"https://warwithgrandpa.com/","tt4532038","en","The War with Grandpa","Peter is thrilled that his Grandpa is coming to live with his family. That is, until Grandpa moves into Peter's room, forcing him upstairs into the creepy attic. And though he loves his Grandpa, he wants his room back - so he has no choice but to declare war.",30.701,"/ltyARDw2EFXZ2H2ERnlEctXPioP.jpg","Old school vs new cool","Comedy, Family","Marro Films, EFO Films, Tri G, West Madison Entertainment","United States of America","English, Italian","friendship, birthday, grandfather, teenage girl, family, family conflict, attic, changing room, resentment, duringcreditsstinger"
"203",800939,"Ticket to Paradise",6.6,840,"Released",2022-09-08,168763270,104,"False","/n4elrbXCYyhBGHuw3YrUHbwmQBo.jpg",20000000,"https://www.tickettoparadise.movie/","tt14109724","en","Ticket to Paradise","A divorced couple teams up and travels to Bali to stop their daughter from making the same mistake they think they made 25 years ago.",20.569,"/1tzERH50P5c2mFWtLbgixzLZS1L.jpg","They’re in this together for better or worse.","Comedy, Romance","Working Title Films, Smoke House Pictures, Red Om Films, Fin Design & Effects","Australia, United States of America, United Kingdom","English, French, Indonesian, Italian","paradise, exotic island, architect, family relationships, indonesia, stranded, cultural difference, wedding, falling in love, american abroad, ex-husband ex-wife relationship, divorced parents, exotic locale, bali, drinking game, young lovers, airplane pilot, relationship sabotage, father daughter relationship, mother daughter relationship, memories, competitive, disapproving parent, balinese culture, daughter's wedding, college graduation, bali, indonesia, wedding customs, art gallery owner"
"204",615904,"Marry Me",6.782,836,"Released",2022-02-09,4.4e+07,112,"False","/mJQf866IDnWw7ZkFEM2Oz7QfhW0.jpg",23000000,"https://www.marryme.movie/","tt10223460","en","Marry Me","Music superstars Kat Valdez and Bastian are getting married before a global audience of fans. But when Kat learns, seconds before her vows, that Bastian has been unfaithful, she decides to marry Charlie, a stranger in the crowd, instead.",21.375,"/ko1JVbGj4bT8IhCWqjBQ6ZtF2t.jpg","Say yes.","Romance, Comedy, Music","Universal Pictures, Nuyorican Productions, Perfect World Pictures","China, United States of America","English","marriage, celebrity, based on comic, wedding, duringcreditsstinger"
"205",627290,"Antebellum",6.27,830,"Released",2020-09-02,7060384,105,"False","/vSZOMuSfXScuxExCtxZsDIFDQCI.jpg",15000000,"https://antebellum.movie/","tt10065694","en","Antebellum","Successful author Veronica finds herself trapped in a horrifying reality and must uncover the mind-bending mystery before it's too late.",15.438,"/irkse1FMm9dWemwlxKJ7RINT9Iy.jpg","If it chooses you, nothing can save you.","Horror","Lionsgate, QC Entertainment","United States of America","English","civil war, strong woman, kidnapping, slavery, racism, reenactment, white supremacist, antebellum south"
"206",455476,"Knights of the Zodiac",6.635,828,"Released",2023-04-27,6794519,113,"False","/oqP1qEZccq5AD9TVTIaO6IGUj7o.jpg",60000000,"https://kotzmovie.com","tt6528290","en","Knights of the Zodiac","When a headstrong street orphan, Seiya, in search of his abducted sister unwittingly taps into hidden powers, he discovers he might be the only person alive who can protect a reincarnated goddess, sent to watch over humanity. Can he let his past go and embrace his destiny to become a Knight of the Zodiac?",191.639,"/qW4crfED8mpNDadSmMdi7ZDzhXF.jpg","Go beyond your destiny.","Fantasy, Action, Adventure","Stage 6 Films, Toei Animation, Convergence Entertainment","Japan, United States of America","English","superhero, reincarnation, goddess, orphan, based on manga"
"207",747188,"Asteroid City",6.606,823,"Released",2023-06-08,47281670,105,"False","/gcbZ2ZdVzfBsGmfjTy8g7UaZS16.jpg",25000000,"https://www.focusfeatures.com/asteroid-city","tt14230388","en","Asteroid City","In an American desert town circa 1955, the itinerary of a Junior Stargazer/Space Cadet convention is spectacularly disrupted by world-changing events.",81.734,"/tcKBclNUdkas4Jis8RYYZnPdTIm.jpg","","Comedy, Drama","American Empirical Pictures, Indian Paintbrush","United States of America","English","quarantine, asteroid, diner, grandfather, war photographer, alien, grief, space, family, widower, astronomy, story within the story, existentialism, parent-in-law child-in-law relationship, stage play, death of wife, 1950s, convention, stargazing, meta, science fiction, desert town"
"208",501979,"Bill & Ted Face the Music",5.907,808,"Released",2020-08-27,6274027,91,"False","/oazPqs1z78LcIOFslbKtJLGlueo.jpg",25000000,"https://www.billandted3.com/","tt1086064","en","Bill & Ted Face the Music","Yet to fulfil their rock and roll destiny, the now middle-aged best friends Bill and Ted set out on a new adventure when a visitor from the future warns them that only their song can save life as we know it. Along the way, they are helped by their daughters, a new batch of historical figures and a few music legends — to seek the song that will set their world right and bring harmony to the universe.",20.525,"/4V2nTPfeB59TcqJcUfQ9ziTi7VN.jpg","The future awaits","Comedy, Science Fiction, Adventure","Endeavor Content, Hammerstone Studios, Lakeview Entertainment, TinRes Entertainment, Many Rivers Productions, Cittadino/Dugan Entertainment, Dial 9, Orion Pictures, Metro-Goldwyn-Mayer, Bloom","Canada, United States of America","German, English, Spanish","guitar, time travel, sequel, aftercreditsstinger, father daughter relationship, 2030s"
"209",643586,"Willy's Wonderland",6.025,800,"Released",2021-02-12,431020,88,"False","/jFINtstDUh0vHOGImpMAmLrPcXy.jpg",5000000,"","tt8114980","en","Willy's Wonderland","When his car breaks down, a quiet loner agrees to clean an abandoned family fun center in exchange for repairs. He soon finds himself waging war against possessed animatronic mascots while trapped inside Willy's Wonderland.",23.177,"/keEnkeAvifw8NSEC4f6WsqeLJgF.jpg","Their idea of fun is killer!","Action, Horror, Comedy","Saturn Films, JD Entertainment, Landafar Entertainment, Landmark Studio Group, Almost Never Films","United States of America","Spanish, English","dying and death, nightmare, possession, carnival, mascot, evil doll, apocalypse, demon, amusement park, animatronic, demonic"
"210",635910,"The Last Voyage of the Demeter",7.318,715,"Released",2023-08-09,21576744,119,"False","/qEm4FrkGh7kGoEiBOyGYNielYVc.jpg",45000000,"https://www.demetermovie.com","tt1001520","en","The Last Voyage of the Demeter","The crew of the merchant ship Demeter attempts to survive the ocean voyage from Carpathia to London as they are stalked each night by a merciless presence onboard the ship.",307.895,"/nrtbv6Cew7qC7k9GsYSf5uSmuKh.jpg","The legend of Dracula is born.","Thriller, Horror","Phoenix Pictures, DreamWorks Pictures, Wise Owl Media, Reliance Entertainment, Studio Babelsberg, StoryWorks Productions","Germany, India, United Kingdom, United States of America","English, Russian","ship, based on novel or book, sacrifice, vampire, supernatural, gothic horror, dracula, 1890s, excited"
"211",597890,"Voyagers",6,715,"Released",2021-04-08,4298184,108,"False","/9dBSwftCzkC4K4zgMZTwcm58VUR.jpg",20000000,"https://www.voyagers.movie","tt9664108","en","Voyagers","With the future of the human race at stake, a group of young men and women -- bred for intelligence and obedience -- embark on an expedition to colonize a distant planet. When they uncover disturbing secrets about the mission, they defy their training and begin to explore their most primitive natures. As life on the ship descends into chaos, they soon become consumed by fear, lust and an insatiable hunger for power.",21.498,"/gn2vCmWO7jQBBto9SYuBHYZARaU.jpg","What does it feel like?","Science Fiction, Thriller","Nota Bene Film Group, Thunder Road","Czech Republic, Romania, United Kingdom, United States of America","English","space travel, sexual tension, space, sexual behavior"
"212",522478,"Peter Rabbit 2: The Runaway",7.171,714,"Released",2021-03-25,1.53e+08,93,"False","/5HjzYTihkH7EvOWSE7KcsF6pBMM.jpg",45000000,"https://www.peterrabbit-movie.com/","tt8376234","en","Peter Rabbit 2: The Runaway","Peter Rabbit runs away from his human family when he learns they are going to portray him in a bad light in their book. Soon, he crosses paths with an older rabbit who ropes him into a heist.",27.237,"/cycDz68DtTjJrDJ1fV8EBq2Xdpb.jpg","The Garden was Small Potatoes.","Family, Comedy, Adventure, Animation, Fantasy","Columbia Pictures, Olive Bridge Entertainment, Animal Logic, MRC, 2.0 Entertainment","Australia, United States of America","English","peter rabbit"
"213",768362,"Missing",7.531,707,"Released",2023-01-19,45100756,111,"False","/tVH1qEFyKiCpP6kNDFyXKW2Tiif.jpg",7000000,"https://www.missing.movie","tt10855768","en","Missing","When her mother disappears while on vacation in Colombia with her new boyfriend, June’s search for answers is hindered by international red tape. Stuck thousands of miles away in Los Angeles, June creatively uses all the latest technology at her fingertips to try and find her before it’s too late. But as she digs deeper, her digital sleuthing raises more questions than answers... and when June unravels secrets about her mom, she discovers that she never really knew her at all.",27.68,"/wEOUYSU5Uf8J7152PT6jdb5233Y.jpg","No one disappears without a trace.","Thriller, Mystery","Stage 6 Films, Search Party, Bazelevs Entertainment, Screen Gems","United States of America","English, Spanish","kidnapping, fbi, fake identity, detective story, sequel, teenage girl, los angeles, california, missing person, found footage, mysterious, abuse, generation z, amateur sleuth, complex, mother daughter relationship, screenlife, colombia, direct, empathetic"
"214",590995,"The Craft: Legacy",6.193,703,"Released",2020-10-28,2300000,94,"False","/lIE7kfdLBRd0KENNtOaIqPPWNqh.jpg",18000000,"https://www.sonypictures.com/movies/blumhousesthecraftlegacy","tt4685762","en","The Craft: Legacy","An eclectic foursome of aspiring teenage witches get more than they bargained for as they lean into their newfound powers.",23.708,"/lhMIra0pqWNuD6CIXoTmGwZ0EBS.jpg","Let the ritual begin","Horror, Drama, Fantasy","Blumhouse Productions, Red Wagon Entertainment, Columbia Pictures","United States of America","English","witch, magic, black magic, teen witch, woman director, karma, love spell"
"215",980489,"Gran Turismo",8.068,702,"Released",2023-08-09,114800000,135,"False","/xFYpUmB01nswPgbzi8EOCT1ZYFu.jpg",60000000,"https://www.granturismo.movie","tt4495098","en","Gran Turismo","The ultimate wish-fulfillment tale of a teenage Gran Turismo player whose gaming skills won him a series of Nissan competitions to become an actual professional racecar driver.",2680.593,"/51tqzRtKMMZEYUpSYkrUE7v9ehm.jpg","From gamer to racer.","Action, Drama, Adventure","PlayStation Productions, 2.0 Entertainment, Columbia Pictures","United States of America","English, German, Japanese","based on true story, racing, based on video game, duringcreditsstinger, exhilarated, joyful"
"216",1040148,"Ruby Gillman, Teenage Kraken",7.474,677,"Released",2023-06-28,43716515,91,"False","/f7UI3dYpr7ZUHGo0iIr1Qvy1VPe.jpg",70000000,"https://www.teenagekrakenmovie.com","tt27155038","en","Ruby Gillman, Teenage Kraken","Ruby Gillman, a sweet and awkward high school student, discovers she's a direct descendant of the warrior kraken queens. The kraken are sworn to protect the oceans of the world against the vain, power-hungry mermaids. Destined to inherit the throne from her commanding grandmother, Ruby must use her newfound powers to protect those she loves most.",321.777,"/kgrLpJcLBbyhWIkK7fx1fM4iSvf.jpg","Discover the hero just beneath the surface.","Animation, Family, Fantasy, Comedy","Universal Pictures, DreamWorks Animation, dentsu","United States of America","English","high school, ocean, boat, transformation, fisherman, mermaid, coming of age, prom, female protagonist, kraken, female villain, coastal town, fitting in, trident, 3d animation, teenager, animation"
"217",656663,"Jackass Forever",6.876,668,"Released",2022-02-01,80340218,96,"False","/f2J8DpT5bqV0AiI9VVcfiuqKo5l.jpg",10000000,"https://www.jackassmovie.com","tt11466222","en","Jackass Forever","The Jackass crew, along with some newcomers, returns for one final round of hilarious, absurd, and dangerous stunts.",23.527,"/ugIdyvtAzHWOguD91UjHKoAvfum.jpg","Some people never learn.","Comedy, Documentary","Paramount, MTV Entertainment Studios, Dickhouse Productions, Gorilla Flicks","United States of America","English","stunts, california, surf"
"218",614930,"Teenage Mutant Ninja Turtles: Mutant Mayhem",7.328,652,"Released",2023-07-31,1.72e+08,100,"False","/w2nFc2Rsm93PDkvjY4LTn17ePO0.jpg",70000000,"https://www.teenagemutantninjaturtlesmovie.com","tt8589698","en","Teenage Mutant Ninja Turtles: Mutant Mayhem","After years of being sheltered from the human world, the Turtle brothers set out to win the hearts of New Yorkers and be accepted as normal teenagers through heroic acts. Their new friend April O'Neil helps them take on a mysterious crime syndicate, but they soon get in over their heads when an army of mutants is unleashed upon them.",484.876,"/ueO9MYIOHO7M1PiMUeX74uf8fB9.jpg","Heroes aren't born. They're mutated.","Animation, Comedy, Action","Paramount, Nickelodeon Movies, Point Grey Pictures, Mikros Animation, Cinesite Animation","Canada, France, United States of America","English, Mandarin","new york city, sibling relationship, skateboarding, crime fighter, superhero, turtle, ninja, nostalgic, duringcreditsstinger, teenage mutant ninja turtles, aspiring journalist, anthropomorphic animal, excited, exhilarated"
"219",516632,"The Empty Man",6.162,650,"Released",2020-10-22,4796993,137,"False","/hwpbTeZEaKKUfiUjc2FJZpv7uAI.jpg",16000000,"https://www.20thcenturystudios.com/movies/the-empty-man","tt5867314","en","The Empty Man","Retired cop James Lasombra is asked by a friend to investigate the disappearance of her daughter, who seemingly packed in the night and left an ominous message on the bathroom mirror - ""The Empty Man Made Me Do It."" As he investigates this mysterious figure further, James begins to see and hear strange things, and is forced to come to terms with his past and what it means for his future.",28.287,"/8apzu9JFTUMtOpYkHk6LNPOs3pY.jpg","The first night you hear him. The second night you see him. The third night he finds you.","Horror, Mystery, Thriller","BOOM! Studios, Out of Africa Entertainment, 20th Century Fox","South Africa, United States of America","English","experiment, detective, cave, missouri, investigation, bridge, cult, based on comic, ex-cop, hospital, based on graphic novel, alcoholic, bhutan, missing person, occult, cosmic horror, folk lore"
"220",807356,"Watcher",6.512,647,"Released",2022-06-03,2543216,96,"False","/2cQMVHBaP1wK0UBX5SGDahB3lp3.jpg",5000000,"http://watchermovie.com","tt12004038","en","Watcher","As a serial killer stalks the city, Julia — a young actress who just moved to town with her husband — notices a mysterious stranger watching her from across the street.",31.143,"/dXCjoI3jdtBrwPHgVsyNLkl8Rvs.jpg","Evil wants to be seen.","Horror, Mystery, Thriller","Imagenation Abu Dhabi FZ, Lost City, Spooky Pictures, AGC Studios","United Arab Emirates, United States of America","Romanian, English","husband wife relationship, window, paranoia, language barrier, stalker, decapitation, neighbor, serial killer, psychological thriller, voyeurism, romania, woman director, apartment"
"221",245842,"The King's Daughter",7.12,640,"Released",2022-01-21,2182492,94,"False","/o3U4733mGsmieBeqs4Sw2ze6n53.jpg",40500000,"https://thekingsdaughtermovie.com/","tt2328678","en","The King's Daughter","King Louis XIV's quest for immortality leads him to capture and steal a mermaid's life force, a move that is further complicated by his illegitimate daughter's discovery of the creature.",15.721,"/zwRf07ECh7nV7xlahKzN5wFYhGx.jpg","What on Earth can hold more power than a king?","Fantasy, Adventure, Family","Firstep, Brookwell-McNamara Entertainment, Kylin Pictures, Bliss Media, Lightstream Entertainment, Ingenious Media, Gravitas Ventures, Fame Universal Entertainment, Interface Productions","Australia, China, France, Hong Kong, United Kingdom, United States of America","English","based on novel or book, immortality, mermaid, period drama, illegitimate child, quest, 17th century"
"222",467909,"In the Heights",7.221,634,"Released",2021-06-10,4.3e+07,143,"False","/uEJuqp08dH6IQwZJGASlPZOXqKu.jpg",55000000,"https://www.warnerbros.com/movies/heights","tt1321510","en","In the Heights","The story of Usnavi, a bodega owner who has mixed feelings about closing his store and retiring to the Dominican Republic or staying in Washington Heights.",13.347,"/RO4KoJyoQMQzh9z76d4v4FJMmJ.jpg","The time has come.","Drama, Romance","Likely Story, SGS Pictures, 5000 Broadway Productions, Barrio Grrrl!, Endeavor Content","United States of America","English, Spanish","musical, based on play or musical, aftercreditsstinger, love and romance"
"223",830788,"The Invitation",6.242,621,"Released",2022-08-24,33628000,105,"False","/yo0qfH2dQGGMxkfivdkz5zxVatD.jpg",10000000,"https://www.theinvitation.movie","tt12873562","en","The Invitation","After the death of her mother, Evie is approached by an unknown cousin who invites her to a lavish wedding in the English countryside. Soon, she realizes a gothic conspiracy is afoot and must fight for survival as she uncovers twisted secrets in her family’s history.",29.604,"/jcTq6gIskCsHlKDvCKKouEfiU66.jpg","You are cordially invited to a nightmare generations in the making.","Horror, Thriller","Screen Gems, Mid Atlantic Films, TSG Entertainment","United States of America","English","suicide, vampire, marriage, mansion, english countryside, caterer, drinking blood, ceramics, dracula"
"224",536437,"Hypnotic",6.5,603,"Released",2023-05-11,9464308,94,"False","/8FhKnPpql374qyyHAkZDld93IUw.jpg",70000000,"https://www.ketchupentertainment.com/hypnotic","tt8080204","en","Hypnotic","A detective becomes entangled in a mystery involving his missing daughter and a secret government program while investigating a string of reality-bending crimes.",149.609,"/m0mYmlN9AewOGSOl7Q1ZgZvEeUU.jpg","Control is an illusion.","Mystery, Thriller, Science Fiction","Studio 8, Solstice Productions, Ingenious Media, Double R Productions","United Kingdom, United States of America","English","hypnotism, missing daughter"
"225",862965,"Emily the Criminal",6.804,601,"Released",2022-08-12,2157673,97,"False","/c6BEspznv2528qaOGzvqtpktn1J.jpg",2000000,"https://www.emilythecriminal.com","tt15255876","en","Emily the Criminal","Desperate for income, Emily takes a shady gig buying goods with stolen credit cards supplied by a charismatic middleman named Youcef. Seduced by the quick cash and illicit thrills, they hatch a plan to take their business to the next level.",30.735,"/iZvzMpREGiqDQ5eYbx8z70qPgst.jpg","High risks come with even higher rewards.","Crime, Drama, Thriller","Low Spark Films, Evil Hag Productions","United States of America","English, Spanish, Arabic, Korean","job interview, organized crime, los angeles, california, criminal underworld, credit card fraud, criminal record, food delivery, student debt"
"226",526019,"Like a Boss",6.309,597,"Released",2020-01-09,26925979,83,"False","/cH0AXST2dsHcD62qTbS4Cte6Wjb.jpg",29000000,"https://www.paramountmovies.com/movies/like-a-boss","tt7545266","en","Like a Boss","Two female friends with very different ideals decide to start a beauty company together. One is more practical, while the other wants to earn her fortune and live a lavish lifestyle.",10.745,"/yce0CZPWd0GGudksRJi8p4gDj1M.jpg","The world of beauty is about to get ugly.","Comedy","Artists First, Paramount","United States of America","English","investor, cosmetics"
"227",571384,"Come Play",6.408,576,"Released",2020-10-28,8119285,96,"False","/gkvOmVXdukAwpG8LjTaHo2l2cWU.jpg",9000000,"https://www.focusfeatures.com/come-play","tt8004664","en","Come Play","A lonely young boy feels different from everyone else. Desperate for a friend, he seeks solace and refuge in his ever-present cell phone and tablet. When a mysterious creature uses the boy’s devices against him to break into our world, his parents must fight to save their son from the monster beyond the screen.",19.343,"/9jy9OzZi0Oy8Hdv603QWujbfCwx.jpg","He's good at taking friends.","Horror, Mystery, Thriller","Focus Features, Amblin Partners, Reliance Entertainment, The Picture Company, DreamWorks Pictures","United States of America","English","monster, autism, supernatural, loneliness, based on short film"
"228",532710,"Firestarter",5.679,570,"Released",2022-05-12,15039250,94,"False","/bIFrsAcqkLUUxaaiqqpFexYPeCh.jpg",12000000,"https://www.firestartermovie.com","tt1798632","en","Firestarter","For more than a decade, parents Andy and Vicky have been on the run, desperate to hide their daughter Charlie from a shadowy federal agency that wants to harness her unprecedented gift for creating fire into a weapon of mass destruction. Andy has taught Charlie how to defuse her power, which is triggered by anger or pain. But as Charlie turns 11, the fire becomes harder and harder to control. After an incident reveals the family's location, a mysterious operative is deployed to hunt down the family and seize Charlie once and for all. Charlie has other plans.",15.038,"/2MTGip0nfahQ1jPQCZSfCsPBZes.jpg","Never play with fire.","Science Fiction, Thriller, Horror","Blumhouse Productions, Weed Road Pictures, BoulderLight Pictures, Universal Pictures, dentsu","Canada, Japan, United States of America","English","fire, based on novel or book, telepathy, psychic power, psychic, female magician, supernatural power, secret government agency, psychic force, pyrokinesis"
"229",632617,"C'mon C'mon",7.281,567,"Released",2021-11-19,4300000,109,"False","/zs1I3ZFUDEWa5rFyph7OrMH1aJ9.jpg",8300000,"https://a24films.com/films/cmon-cmon","tt10986222","en","C'mon C'mon","Johnny and his young nephew forge a tenuous but transformational relationship when they embark on a cross-country trip to see life away from Los Angeles.",15.474,"/hROb7nFIM3cnk28J0jk4rFBXGQ9.jpg","","Drama","A24, Be Funny When You Can","United States of America","English","new york city, new orleans, louisiana, interview, los angeles, california, black and white, parenting, childhood, uncle nephew relationship, motherhood, bipolar disorder, brother sister relationship, kids speaking"
"230",653851,"Devotion",7.231,566,"Released",2022-11-23,2e+07,139,"False","/5pMy5LF2JAleBNBtuzizfCMWM7k.jpg",90000000,"https://www.devotion.movie","tt7693316","en","Devotion","The harrowing true story of two elite US Navy fighter pilots during the Korean War. Their heroic sacrifices would ultimately make them the Navy's most celebrated wingmen.",34.79,"/26yQPXymbWeCLKwcmyL8dRjAzth.jpg","In America’s forgotten war, they made history.","War, Drama, Action","Black Label Media, STX Films","United States of America","English, Italian","korean war, aftercreditsstinger, duringcreditsstinger"
"231",524369,"The Many Saints of Newark",6.398,562,"Released",2021-09-22,13037403,120,"False","/hrzoy8vvUrxQixOM11pwW9AX7Bu.jpg",50000000,"https://www.themanysaintsofnewarkmovie.com","tt8110232","en","The Many Saints of Newark","Young Anthony Soprano is growing up in one of the most tumultuous eras in Newark, N.J., history, becoming a man just as rival gangsters start to rise up and challenge the all-powerful DiMeo crime family. Caught up in the changing times is the uncle he idolizes, Dickie Moltisanti, whose influence over his nephew will help shape the impressionable teenager into the all-powerful mob boss, Tony Soprano.",19.667,"/1UkbPQspPbq1FPbFP4VV1ELCfSN.jpg","Who made Tony Soprano?","Crime","Warner Bros. Pictures, HBO Films, New Line Cinema, Chase Films","United States of America","English, Italian, Latin","new jersey, italian american, prequel, mobster, mafia, gang, criminal, 1960s, gangsters, newark, new jersey"
"232",590706,"Jiu Jitsu",4.896,561,"Released",2020-11-20,99924,102,"False","/jeAQdDX9nguP6YOX6QSWKDPkbBo.jpg",23000000,"https://www.paramountmovies.com/movies/jiu-jitsu","tt9624766","en","Jiu Jitsu","Every six years, an ancient order of jiu-jitsu fighters joins forces to battle a vicious race of alien invaders. But when a celebrated war hero goes down in defeat, the fate of the planet and mankind hangs in the balance.",15.758,"/eLT8Cu357VOwBVTitkmlDEg32Fs.jpg","From the darkness, the ultimate fighter rises.","Action, Science Fiction, Fantasy","Acme Rocket Fuel, Green Olive Films, Double Tree Entertainment","Cyprus, United States of America","English, Burmese","martial arts, based on comic, jiu-jitsu"
"233",596161,"Let Him Go",6.833,559,"Released",2020-11-05,7997460,114,"False","/ZLD4pjmMLt9I3t1a7SFJBekIh1.jpg",21000000,"https://www.focusfeatures.com/let-him-go","tt9340860","en","Let Him Go","Following the loss of their son, a retired sheriff and his wife leave their Montana ranch to rescue their young grandson from the clutches of a dangerous family living off the grid in the Dakotas.",14.235,"/EsLZoT8oHhQlGd1QpdbnvnwTzO.jpg","Fight for family.","Drama, Thriller, Crime, Western","Mazur / Kaplan Company, Focus Features","Canada, United States of America","English","based on novel or book, loss of loved one, montana, horse, north dakota, grief, grandson, death of son, neo-western, 1960s, abusive father, abusive husband, daughter–in–law, shooting an animal, retired lawman"
"234",466622,"The Rhythm Section",5.526,549,"Released",2020-01-31,5989583,109,"False","/ivEOcnP78Xbp8jwd7O5jazfeKwK.jpg",50000000,"https://www.paramountmovies.com/movies/the-rhythm-section","tt7134096","en","The Rhythm Section","When she discovers the plane crash that claimed the lives of her family was no accident, Stephanie Patrick enters the dark, complex world of international espionage seeking vengeance. With nothing left to lose, Stephanie transforms from victim to assassin and discovers that neither revenge nor the truth are what they appear.",14.002,"/spTr0VYyRtl36Lkk6nCnnbFXhus.jpg","Witness the birth of an assassin.","Action, Thriller","Eon Productions, Global Road Entertainment, Babieka Films, Ingenious Media, Whitebeard Films, AGC Studios, Paramount","Spain, United Kingdom, United States of America","Arabic, English, French, Spanish","based on novel or book, spy, revenge, terrorism"
"235",744594,"White Noise",5.58,549,"Released",2022-11-25,71476,136,"False","/4QB2TfxmzgMDLmsVVk1HM4tt7ef.jpg",100000000,"https://whitenoise-movie.com","tt6160448","en","White Noise","Jack Gladney, professor of Hitler studies at The-College-on-the-Hill, husband to Babette, and father to four children/stepchildren, is torn asunder by a chemical spill from a rail car that releases an ""Airborne Toxic Event"" forcing Jack to confront his biggest fear - his own mortality.",14.945,"/1a48bfLQm57ByADdw05uRMoFCZc.jpg","You can’t hear it if it's everywhere.","Comedy, Drama, Science Fiction","Heyday Films, NB/GG Pictures, A24","United Kingdom, United States of America","English, German","based on novel or book, natural disaster, new hampshire, dysfunctional family, toxic waste, ivy league college, airborne attack, hitler studies, dartmouth"
"236",550231,"The Secret: Dare to Dream",7.334,529,"Released",2020-04-16,3215636,107,"False","/3FGbEzpiceLUdO8c5rNTiBPRldq.jpg",21000000,"","tt4411584","en","The Secret: Dare to Dream","A widow with three children hires a handyman to fix her house during a major storm. When not doing home repairs, he shares his philosophy of believing in the power of the universe to deliver what we want.",13.015,"/5mCqEeBA0MW7H6akFrFQXJu68rU.jpg","","Drama, Romance","Savvy Media Holdings, Covert Media, Roadside Attractions, Illumination Productions, Robert Cort Productions, Shine Box Media Group, Tri G","United States of America","English","based on novel or book, love"
"237",798286,"Beau Is Afraid",6.8,527,"Released",2023-04-14,1e+07,179,"False","/o3YleBe0QGNNlUqm6CnJVqGQQH4.jpg",35000000,"https://a24films.com/films/beau-is-afraid","tt13521006","en","Beau Is Afraid","A paranoid man embarks on an epic odyssey to get home to his mother.",44.044,"/wgVkkjigF31r1nZV80uV0xNIoun.jpg","From his darkest fears comes the greatest adventure.","Comedy, Adventure, Fantasy","A24, Square Peg, IPR.VC, Access Entertainment","Finland, United States of America","English","suicide, nightmare, therapist, paranoia, orgasm, trauma, dark comedy, satire, surrealism, childhood trauma, crude humor, grief, fear, maniac, birth, attic, death of mother, entrepreneur, existentialism, anxiety disorder, absurdist, mother son relationship, based on short film, anxiety, odyssey"
"238",945729,"A Haunting in Venice",6.786,519,"Released",2023-09-13,89800000,104,"False","/kHlX3oqdD4VGaLpB8O78M25KfdS.jpg",60000000,"https://www.20thcenturystudios.com/movies/a-haunting-in-venice","tt22687790","en","A Haunting in Venice","Celebrated sleuth Hercule Poirot, now retired and living in self-imposed exile in Venice, reluctantly attends a Halloween séance at a decaying, haunted palazzo. When one of the guests is murdered, the detective is thrust into a sinister world of shadows and secrets.",147.584,"/1Xgjl22MkAZQUavvOeBqRehrvqO.jpg","Death was only the beginning.","Mystery, Thriller, Crime","20th Century Studios, Scott Free Productions, The Mark Gordon Company, Genre Films, Agatha Christie Limited","United Kingdom, United States of America","English, Italian","based on novel or book, venice, italy, loss of loved one, detective, medium, grief, whodunit, investigator, guilt, novelist, post world war ii, murder investigation, ghost, séance, murder mystery, spiritism, halloween night, palazzo, retired detective"
"239",678512,"Sound of Freedom",7.973,503,"Released",2023-07-03,212587173,131,"False","/eMPxmNvJjxVZIQWI2t1VmNC5IuR.jpg",15000000,"https://www.soundoffreedommovie.com/","tt7599146","en","Sound of Freedom","The story of Tim Ballard, a former US government agent, who quits his job in order to devote his life to rescuing children from global sex traffickers.",1111.036,"/kSf9svfL2WrKeuK8W08xeR5lTn8.jpg","Fight for the light. Silence the darkness.","Action, Drama","Santa Fe Films","United States of America","English, Spanish","kidnapping, human trafficking, based on true story, child kidnapping, lost children, children in danger, colombia"
"240",681887,"Cosmic Sin",4.139,495,"Released",2021-03-12,349757,88,"False","/h45FD8MlMoY8ozz87OaHPMCCMiY.jpg",20000000,"","tt11762434","en","Cosmic Sin","In the year 2524, four centuries after humans started colonizing the outer planets, retired General James Ford gets called back into service when a hostile alien fleet attacks soldiers on a remote planet. The threat against mankind soon escalates into an interstellar war as Ford and a team of elite soldiers try to stop the imminent attack before it's too late.",22.248,"/6Wm7P6y22UZA40QuPYHyWyJ6leI.jpg","First contact has been made. It's war.","Action, Adventure, Science Fiction","308 Enterprises, BondIt Media Capital, Buffalo 8, The Exchange","United States of America","English","space battle, space war, space colony, alien contact, future war, alien race, alien space craft, human vs alien, alien attack"
"241",637693,"Spirit Untamed",7.3,469,"Released",2021-05-20,17635215,88,"False","/fZkhO3JhRajayNejQUaIiBegayM.jpg",30000000,"http://www.dreamworks.com/movies/spirit-untamed","tt11084896","en","Spirit Untamed","Lucky Prescott's life is changed forever when she moves from her home in the city to a small frontier town and befriends a wild mustang named Spirit.",30.837,"/q4WaFHk9Vp1poc88X1szwFRtYc5.jpg","Adventure awaits.","Animation, Adventure, Family, Western","Universal Pictures, DreamWorks Animation","United States of America","English","horse, mustang, female protagonist, animal, wild horse, reboot, 3d animation"
"242",830784,"Lyle, Lyle, Crocodile",7.2,465,"Released",2022-10-07,104088441,106,"False","/eIeCUHk8q7smdd2KAiPBmceN7QS.jpg",50000000,"https://www.lylelylecrocodile.movie/","tt14668630","en","Lyle, Lyle, Crocodile","When the Primm family moves to New York City, their young son Josh struggles to adapt to his new school and new friends. All of that changes when he discovers Lyle — a singing crocodile who loves baths, caviar and great music — living in the attic of his new home. But when Lyle’s existence is threatened by evil neighbor Mr. Grumps, the Primms must band together to show the world that family can come from the most unexpected places.",45.932,"/irIS5Tn3TXjNi1R9BpWvGAN4CZ1.jpg","He knows every scale.","Comedy, Family, Music","Eagle Pictures, Columbia Pictures","Italy, United States of America","English","crocodile, musical, based on children's book, outsider, live action and animation, talking animal"
"243",619592,"Force of Nature",5.214,462,"Released",2020-07-02,638221,91,"False","/eIqyISB5j99OSRZUuvdN9g2bBsS.jpg",15000000,"","tt10308928","en","Force of Nature","A gang of thieves plan a heist during a hurricane and encounter trouble when a disgraced cop tries to force everyone in the building to evacuate.",19.02,"/ucktgbaMSaETUDLUBp1ubGD6aNj.jpg","When the perfect crime meets the perfect storm.","Action, Adventure, Crime, Thriller","Ingenious Media, Blue Box International, FON Film Production, Force of Nature Film, Grindstone Entertainment Group, Pimienta, River Bay Films, SSS Entertainment, Way Down East Entertainment, EFO Films","Puerto Rico, United Kingdom, United States of America","English, Spanish","robbery, police, puerto rico, hurricane, gang of thieves, heist, murder, suicidal, storm, apartment building, art theft"
"244",809140,"Father Stu",7.241,462,"Released",2022-04-13,21591034,124,"False","/rmhMB6KBxdSYatfiFoas60uF6Fc.jpg",4000000,"https://www.sonypictures.com/movies/fatherstu","tt14439896","en","Father Stu","The true-life story of boxer-turned-priest. When an injury ends his amateur boxing career, Stuart Long moves to Los Angeles to find money and fame. While scraping by as a supermarket clerk, he meets Carmen, a Sunday school teacher who seems immune to his bad-boy charm. Determined to win her over, the longtime agnostic starts going to church to impress her. However, a motorcycle accident leaves him wondering if he can use his second chance to help others, leading to the surprising realization that he's meant to be a Catholic priest.",15.17,"/pLAeWgqXbTeJ2gQtNvRmdIncYsk.jpg","God wanted a fighter… and He found one.","Drama","Municipal Pictures, Palm Drive Productions","United States of America","English","based on true story"
"245",589761,"Chernobyl: Abyss",6.199,445,"Released",2021-04-15,6459306,136,"False","/qDqorNvx3P86LSoWOIAmJwMPdRH.jpg",9100000,"","tt10648714","ru","Чернобыль","The aftermath of a shocking explosion at the Chernobyl nuclear power station made hundreds of people sacrifice their lives to clean up the site of the catastrophe and to successfully prevent an even bigger disaster that could have turned a large part of the European continent into an uninhabitable exclusion zone. This is their story.",43.656,"/AmJLuHjxPdIJO6vmymeWADG6jK5.jpg","","Drama, History, Adventure, Action, Fantasy, Mystery","Non-Stop Productions, DK Entertainment, Central Partnership, KIT Film Studio","Russia, United States of America","English, Russian","diving, radiation, based on true story, firefighter, chernobyl"
"246",632322,"All My Life",7.852,438,"Released",2020-10-23,2e+06,93,"False","/7Gzsn4yiwMSXvYcbWXsoDhq8QO2.jpg",25000000,"https://www.allmylifethemovie.com/","tt8305852","en","All My Life","It was a chance meeting started by one of Sol’s friends trying to chat up Jennifer. However, in the end, it was those two who hit it off. Sol enjoyed Jen’s smile, her effort, and how silly she could be. Jen enjoyed Sol’s cooking, his athleticism, and that he would join her in fun moments. As you can imagine, love bloomed, and things got serious. Jen’s investment in Sol led to her pushing him to follow his dreams and even move in to save money. Sol’s investment in Jen well, it led to him proposing. But what started as a liver tumor grew into full-on cancer, so with a diagnosis of 6 months to live, Sol and Jennifer try to make the best of it.",12.716,"/xoKZ4ZkVApcTaTYlGoZ3J8xcIzG.jpg","Based on a true love story.","Romance, Drama","Broken Road Productions, Perfect World Pictures","China, United States of America","English","cancer"
"247",800497,"Werewolves Within",6.054,437,"Released",2021-06-25,937490,97,"False","/ae25gpphxDPEYGUxvAGmR07oQqC.jpg",6500000,"https://vanishingangle.com/werewolves-within","tt9288692","en","Werewolves Within","When a proposed pipeline creates hostilities between residents of a small town, a newly-arrived forest ranger must keep the peace after a snowstorm confines the townspeople to an old lodge. But when a mysterious creature begins terrorizing the group, their worst tendencies and prejudices rise to the surface, and it is up to the ranger to keep the residents alive, both from each other and the monster which plagues them.",14.105,"/5CGgbgyvmE39Yoqa80GKsgClbQm.jpg","A whodunnit with teeth.","Horror, Comedy","Vanishing Angle, Ubisoft Film & Television","United States of America","English","hotel, isolation, transformation, snowstorm, forest ranger, murder, werewolf, power outage, based on video game, blizzard, lycanthrope, pipeline, whodunnit"
"248",667216,"Infinity Pool",6.122,430,"Released",2023-01-27,5078400,118,"False","/1xhcEecvRJXQ2OAVO7l9btlrN6D.jpg",4500000,"https://neonrated.com/films/infinity-pool","tt10365998","en","Infinity Pool","While staying at an isolated island resort, James and Em are enjoying a perfect vacation of pristine beaches, exceptional staff, and soaking up the sun. But guided by the seductive and mysterious Gabi, they venture outside the resort grounds and find themselves in a culture filled with violence, hedonism, and untold horror. A tragic accident leaves them facing a zero tolerance policy for crime: either you'll be executed, or, if you’re rich enough to afford it, you can watch yourself die instead.",42.701,"/kHLm4E0jSGnDRqo2ZFgEQQeQK6M.jpg","Find out what kind of a creature you really are.","Horror, Science Fiction, Thriller","Topic Studios, Elevation Pictures, Film Forge Productions, Hero Squared, Celluloid Dreams, Neon, Téléfilm Canada, Eurimages","Canada, France, Hungary, United States of America","English","infidelity, island, identity, clone, eroticism, orgy, hallucination, surrealism, vacation, writer's block, drug trip, interracial relationship, execution, humiliation, hedonism, body horror, nepotism"
"249",531499,"The Tax Collector",5.647,421,"Released",2020-08-07,942666,95,"False","/zogWnCSztU8xvabaepQnAwsOtOt.jpg",30000000,"https://us.rljentertainment.com/franchise/239186/Tax-Collector-The","tt8461224","en","The Tax Collector","David Cuevas is a family man who works as a gangland tax collector for high ranking Los Angeles gang members. He makes collections across the city with his partner Creeper making sure people pay up or will see retaliation. An old threat returns to Los Angeles that puts everything David loves in harm’s way.",20.516,"/3eg0kGC2Xh0vhydJHO37Sp4cmMt.jpg","Payback comes with interest.","Action, Crime, Drama","Cross Creek Pictures, Cedar Park Entertainment, Faster Horse Pictures, Kodiak Pictures, RLJE Films","United States of America","Spanish, English","family relationships"
"250",532408,"The Boogeyman",6.767,415,"Released",2023-05-31,66978229,99,"False","/AvSeU3ji59QLN2tfWXzVqI6hg8x.jpg",41900000,"https://www.20thcenturystudios.com/movies/the-boogeyman","tt3427252","en","The Boogeyman","Still reeling from the tragic death of their mother, a teenage girl and her younger sister find themselves plagued by a sadistic presence in their house and struggle to get their grieving father to pay attention before it’s too late.",184.621,"/pYwZdnXVnVxAr7dx4MEK7tTK9gI.jpg","It's not real. It's not real. It's not real.","Horror, Thriller, Mystery","21 Laps Entertainment, 20th Century Studios","United States of America","English","based on novel or book, cliché"
"251",614939,"Bros",6.89,403,"Released",2022-09-30,14800000,115,"False","/mezKuuKtAKPENnAVlT3TghkMACv.jpg",22000000,"https://www.brosthemovie.com","tt9731598","en","Bros","Two emotionally unavailable men attempt a relationship.",14.485,"/op02Hv5i4Z049nGJYmk6BScRqHO.jpg","A romantic comedy that gives you all the feels.","Comedy, Romance","Universal Pictures, Apatow Productions, Stoller Global Solutions","United States of America","English","chocolate, screenwriter, museum, romantic comedy, lgbt, emotional vulnerability, gay pride, pride parade, investment banker, gay romance, emotional breakdown, gay theme, gay relationship"
"252",442065,"The Last Full Measure",7.5,400,"Released",2020-01-23,3364426,110,"False","/eZwwJ5yRpMDhZzfMS7XeWwUzLSE.jpg",20000000,"https://www.thelastfullmeasurefilm.com/","tt0783640","en","The Last Full Measure","The incredible true story of Vietnam War hero William H. Pitsenbarger, a U.S. Air Force Pararescuemen medic who personally saved over sixty men. Thirty-two years later, Pentagon staffer Scott Huffman investigates a Congressional Medal of Honor request for Pitsenbarger and uncovers a high-level conspiracy behind the decades-long denial of the medal, prompting Huffman to put his own career on the line to seek justice for the fallen airman.",11.729,"/bMG8c80lyEkBXVgyHVqsdQhjgf6.jpg","The ultimate sacrifice deserves the highest honor.","Drama, Action, War","Foresight Unlimited, Provocator, SSS Entertainment, BCL Finance Group, Boss Collaboration, SC Films Thailand Co., Production Capital, Hollywood Gold, Hero Entertainment Group","United States of America","English","vietnam war"
"253",837881,"She Said",7.297,391,"Released",2022-11-17,10632378,129,"False","/5tb7RjF0OAAaiGDUXsuedvhoGqV.jpg",32000000,"https://www.shesaidmovie.com","tt11198810","en","She Said","New York Times reporters Megan Twohey and Jodi Kantor break one of the most important stories in a generation — a story that helped launch the #MeToo movement and shattered decades of silence around the subject of sexual assault in Hollywood.",16.602,"/jG4UI2dbNWlWtTTupjeU3fRJ5Fn.jpg","""Will you go on the record?""","Drama, History","Plan B Entertainment, Annapurna Pictures, Universal Pictures, dentsu","United States of America","English","based on novel or book, journalism, biography, sexual violence, sexual harassment, hollywood, female journalist, new york times, sexual assault, judiciary, abuse of power, metoo, 2010s, harvey weinstein"
"254",912908,"Strays",7.531,389,"Released",2023-08-17,3.2e+07,93,"False","/1HzL603WOer58xtnrRYdSIL5K04.jpg",46000000,"https://www.uphe.com/movies/strays-2023","tt15153532","en","Strays","When Reggie is abandoned on the mean city streets by his lowlife owner, Doug, Reggie is certain that his beloved owner would never leave him on purpose. But once Reggie falls in with Bug, a fast-talking, foul-mouthed stray who loves his freedom and believes that owners are for suckers, Reggie finally realizes he was in a toxic relationship and begins to see Doug for the heartless sleazeball that he is.",419.527,"/n1hqbSCtyBAxaXEl1Dj3ipXJAJG.jpg","Go fetch yourself.","Comedy, Adventure","Universal Pictures, PictureStart, Lord Miller, Gloria Sanchez Productions, Rabbit Hole Productions, dentsu","United States of America","English","talking dog, magic mushroom, crude humor, male masturbation, duringcreditsstinger, animal liberation, self-liberation, abandonment, abandoned puppy, toxic relationship, talking animal"
"255",693113,"Midnight in the Switchgrass",6.005,365,"Released",2021-07-23,229811,99,"False","/clU0V12kgvK6ubQVxAQ3fLrP6te.jpg",15000000,"https://www.lionsgate.com/movies/midnight-in-the-switchgrass","tt11656220","en","Midnight in the Switchgrass","FBI Agent Karl Helter and his partner Rebecca Lombardo are very close to busting a sex-trafficking ring. When they realize their investigation has crossed the path of a brutal serial killer, they team up with a Texas Ranger to put an end to the infamous 'Truck Stop Killer'.",21.731,"/1OTSuh2HNcTRfme8caU8DjgJ39K.jpg","Can they stop a serial killer who can't stop himself?","Crime, Mystery, Thriller, Action","Pimienta, BondIt Media Capital, EFO Films, Lionsgate, River Bay Films, Verdi Productions","Puerto Rico, United States of America","English","fbi, texas ranger, based on true story, serial killer, truck stop"
"256",968051,"The Nun II",6.545,365,"Released",2023-09-06,231200000,110,"False","/53z2fXEKfnNg2uSOPss2unPBGX1.jpg",38500000,"https://www.warnerbros.com/movies/nun2","tt10160976","en","The Nun II","In 1956 France, a priest is violently murdered, and Sister Irene begins to investigate. She once again comes face-to-face with a powerful evil.",1692.778,"/c9kVD7W8CT5xe4O3hQ7bFWwk68U.jpg","Confess your sins.","Horror, Mystery, Thriller","New Line Cinema, Atomic Monster, The Safran Company","United States of America","English, French","france, bullying, sequel, religion, demon, gothic horror, demonic possession, praying, duringcreditsstinger, 1950s, demonic, girls' school, convent, the conjuring universe"
"257",906221,"Magic Mike's Last Dance",6.8,355,"Released",2023-02-09,5.2e+07,112,"False","/wVxlmhk4OS2eCr0wTQcM4zJ20ml.jpg",45000000,"https://www.magicmikeslastdancemovie.com/","tt16280138","en","Magic Mike's Last Dance","Mike Lane takes to the stage again after a lengthy hiatus, following a business deal that went bust, leaving him broke and taking bartender gigs in Florida. For what he hopes will be one last hurrah, Mike heads to London with a wealthy socialite who lures him with an offer he can’t refuse… and an agenda all her own. With everything on the line, once Mike discovers what she truly has in mind, will he—and the roster of hot new dancers he’ll have to whip into shape—be able to pull it off?",27.894,"/9a9pyJZRhUWUSBT8BQqWihtqbI8.jpg","The final tease.","Comedy, Drama, Romance","Warner Bros. Pictures, Nick Wechsler Productions, Free Association","United States of America","English","london, england, sequel, dancehall girl, male stripper, bar dancer, dancefilm, abusive relationship"
"258",652004,"The Wolf of Snow Hollow",6.162,345,"Released",2020-10-23,239828,84,"False","/hLtv6gYV9hIPWPFDniLSCodhmq.jpg",2000000,"https://orionpictures.com","tt11140488","en","The Wolf of Snow Hollow","A stressed-out police officer struggles not to give in to the paranoia that grips his small mountain town as bodies turn up after each full moon.",11.189,"/nXeTSXR5ryFwxrlpmD9hhXJTAuc.jpg","Welcome To Snow Hollow.","Horror, Thriller","Vanishing Angle, New Form Digital, XYZ Films","United States of America","English","small town, utah, investigation, dark comedy, full moon, murder, serial killer, crime scene"
"259",763329,"Red Rocket",6.706,326,"Released",2021-12-10,2200000,130,"False","/gsJQcNtnZEzfkJVi1S8bdzLR4LX.jpg",1100000,"http://redrocket.movie","tt13453006","en","Red Rocket","Finding himself down and out in Los Angeles, ex porn star Mikey Saber decides to crawl back to his hometown of Texas City, Texas, where his estranged wife and mother-in-law are living. Just as this dysfunctional family seems to be making things work, Mikey meets a young woman named Strawberry working the cash register at a local doughnut shop.",7.197,"/345gLhiNpItU1ICx8OxJQwjgPmH.jpg","","Drama","FilmNation Entertainment, Cre Film","United States of America","English","texas, narcissism, relationship problems, porn star, estranged wife, selfishness, ex-husband ex-wife relationship, return home, 2010s, return to hometown, texas city, unlikeable protagonist"
"260",615952,"Armageddon Time",6.58,325,"Released",2022-10-28,6100000,114,"False","/giveZjQGE4Pn3kJvsTn7uHqLjZS.jpg",15000000,"https://www.focusfeatures.com/armageddon-time","tt10343028","en","Armageddon Time","In 1980, Queens, New York, a young Jewish boy befriends a rebellious African-American classmate to the disapproval of his privileged family and begins to reckon with growing up in a world of inequality and prejudice.",14.695,"/d0fkTMTN91f0tehqVKG9D9JMsDR.jpg","The end of an era. The beginning of everything.","Drama","RT Features, Spacemaker Productions, Keep Your Head Productions, MadRiver Pictures, Focus Features","Brazil, United States of America","English","school friend, grandparent grandchild relationship, grandfather, arrest, ronald reagan, stealing, pta, semi autobiographical, 1980s, school board, jimmy carter"
"261",852438,"Final Cut",7,325,"Released",2022-05-18,2046233,110,"False","/y3gzaSi1ODm8XoFhOBeeyLpv7U9.jpg",4300000,"","tt14317880","fr","Coupez !","Things go badly for a small film crew shooting a low-budget zombie movie when they are attacked by real zombies.",12.399,"/hBUdnylt2a84PwGIPQcZDkCVB5M.jpg","","Horror, Comedy","Wild Bunch, La Classe américaine, Getaway Films, BlueLight, Pan-Européenne, ENBU Seminar, GAGA Corporation, France 2 Cinéma, Ivanhoe Pictures, Sidney Kimmel Entertainment","France, Japan, United Kingdom, United States of America","French, Japanese","zombie, filmmaking, horror filmmaking, film crew"
"262",696157,"Whitney Houston: I Wanna Dance with Somebody",7.04,323,"Released",2022-12-20,4.1e+07,144,"False","/AcKPLFva3hnfdsArF5bcPTESVCo.jpg",50000000,"https://www.iwannadancewithsomebody.movie","tt12193804","en","Whitney Houston: I Wanna Dance with Somebody","The joyous, emotional, heartbreaking celebration of the life and music of Whitney Houston, the greatest female R&B pop vocalist of all time. Tracking her journey from obscurity to musical superstardom.",15.865,"/oodPJ3Op1pWBhnEFyw5fampRCWf.jpg","Celebrate the untold story of an icon.","Music, History, Drama","Compelling Pictures, Black Label Media, TriStar Pictures, West Madison Entertainment, Primary Wave Entertainment, Muse of Fire","United States of America","English","musician, drug addiction, biography, rhythm and blues, singer, pop music, lgbt, spousal abuse, soul music"
"263",429422,"Capone",4.96,321,"Released",2020-06-26,858281,103,"False","/x7iqHlTbFpZDOMZJHNxfQsG7E13.jpg",20600000,"","tt6199572","en","Capone","The 47-year old Al Capone, after 10 years in prison, starts suffering from dementia and comes to be haunted by his violent past.",10.141,"/75gDv38UgRtAukSxNXcjatyQmEa.jpg","We all pay for our crimes in the end.","Crime, Drama","Bron Studios, A Band Apart, Addictive Pictures, Creative Wealth Media Finance, Lawrence Bender Productions, Endeavor Content, AI Film Entertainment","Canada, United States of America","English, Italian","gangster, biography, based on true story"
"264",680813,"Flee",7.823,308,"Released",2021-06-17,712229,89,"False","/CKGSEnFTpcxPJM5TzTFUJz53s.jpg",3400000,"https://fleemovie.com/","tt8430054","da","Flugt","Recounted mostly through animation to protect his identity, Amin looks back over his past as a child refugee from Afghanistan as he grapples with a secret he’s kept hidden for 20 years.",8.691,"/vlMIbqOpYG553J1kOJXA7mwQvE6.jpg","","Documentary, Animation","Final Cut for Real, ARTE, RYOT Films, Det Danske Filminstitut, Svenska Filminstitutet, Norsk Filminstitutt, Nordisk Film & TV Fond, Den Vestdanske Filmpulje, MEDIA sub-programme of Creative Europe, Région Bretagne, Pictanovo, CNC, La Procirep-Angoa, Mer Film AS, VICE Media, Copenhagen Film Fund, DR, I Wonder Pictures, Movistar+, Cinephil, Left Handed Films, SVT, Vivement lundi !, Sun Creature, Participant, Fritt Ord","Denmark, Estonia, Finland, France, Italy, Norway, Slovenia, Spain, Sweden, United Kingdom, United States of America","Danish, English, French, Persian, Russian, Swedish","refugee, trauma, afghanistan, therapy, war trauma, memories, war refugees, gay theme, animated documentary"
"265",803114,"The Requin",4.997,302,"Released",2022-01-28,130493,89,"False","/eVSa4TpyXbOdk9fXSD6OcORJGtv.jpg",8500000,"","tt11348232","en","The Requin","A couple on a romantic getaway find themselves stranded at sea when a tropical storm sweeps away their villa. In order to survive, they are forced to fight the elements, while sharks circle below.",31.283,"/i0z8g2VRZP3dhVvvSMilbOZMKqR.jpg","Terror will surface.","Thriller, Horror","Film Bridge International, Paper Street Pictures, Saban Films","United States of America","English","shark attack, shark, great white shark, storm at sea, survival at sea"
"266",826749,"Fortress",5.958,301,"Released",2021-12-17,52169,100,"False","/yxEaXRxFJqSmL0oXswDSBInBeIM.jpg",20000000,"","tt14577300","en","Fortress","The story revolves around a top-secret resort for retired U.S. intelligence officers. A group of criminals led by Balzary breach the compound, hellbent on revenge on Robert, forcing the retired officer and his son to save the day.",19.836,"/vQxtoPJVfpHgL7DCg9hQFZKDWJa.jpg","This prison has no bars.","Action, Thriller, Crime","EFO Films, Grindstone Entertainment Group, Verdi Productions","United States of America","English",""
"267",517412,"Tesla",5.89,282,"Released",2020-08-14,459051,102,"False","/4tphk3VbqoRtCVuOzlEQxUrpR6c.jpg",5000000,"https://www.tesla.movie","tt5259822","en","Tesla","The story of the Promethean struggles of Nikola Tesla, as he attempts to transcend entrenched technology—including his own previous work—by pioneering a system of wireless energy that would change the world.",15.759,"/v0guO0krvyz8IfKGxEje04LVM9d.jpg","","History, Drama","Campbell Grobman Films, Intrinsic Value Films, Jeff Rice Films, Passage Pictures, Millennium Media, Under the Influence Productions","United States of America","English, French","inventor, biography, based on true story, nikola tesla, tesla coil"
"268",567690,"Dear Evan Hansen",6.343,270,"Released",2021-09-24,19200000,137,"False","/anl65DJYFyp2m0lXaFvlCrSOT8E.jpg",27500000,"https://www.dehmovie.com","tt9357050","en","Dear Evan Hansen","Evan Hansen, a high schooler with social anxiety, unintentionally gets caught up in a lie after the family of a classmate who committed suicide mistakes one of Hansen’s letters for their son’s suicide note.",14.564,"/hKjBQhsnCMt86kPKpPwV4meeFPo.jpg","An honest and original story for the outsider in all of us.","Drama","Universal Pictures, Marc Platt Productions, Perfect World Pictures, dentsu","Japan, United States of America","English","high school, suicide, letter, musical, based on play or musical, grief, teenage boy, guilt, mental illness, mental health, emotional vulnerability, social anxiety, mother son relationship, gaslighting"
"269",762430,"Retribution",6.816,258,"Released",2023-08-23,12905464,91,"False","/iiXliCeykkzmJ0Eg9RYJ7F2CWSz.jpg",20000000,"https://iiil.io/jCT7","tt6906292","en","Retribution","When a mysterious caller puts a bomb under his car seat, Matt Turner begins a high-speed chase across the city to complete a specific series of tasks. With his kids trapped in the back seat and a bomb that will explode if they get out of the car, a normal commute becomes a twisted game of life or death as Matt follows the stranger's increasingly dangerous instructions in a race against time to save his family.",1547.22,"/oUmmY7QWWn7OhKlcPOnirHJpP1F.jpg","All roads lead to the truth.","Action, Mystery, Thriller, Crime","StudioCanal, The Picture Company, Ombra Films","France, United States of America","English, German","assassination, bomb, remake, divorce, duringcreditsstinger, phone call, berlin"
"270",504827,"The Bob's Burgers Movie",6.978,252,"Released",2022-05-26,34148750,102,"False","/rQccrEIXtZr7KZHwcy9a3QFHGdQ.jpg",38000000,"https://www.20thcenturystudios.com/movies/the-bobs-burgers-movie","tt7466442","en","The Bob's Burgers Movie","When a ruptured water main creates an enormous sinkhole right in front of Bob's Burgers, it blocks the entrance indefinitely and ruins the Belchers’ plans for a successful summer. While Bob and Linda struggle to keep the business afloat, the kids try to solve a mystery that could save their family's restaurant. As the dangers mount, these underdogs help each other find hope and fight to get back behind the counter, where they belong.",13.801,"/AvV2nHEDQMWuRqAUrpcx2fB97CB.jpg","Get your buns in theaters.","Animation, Adventure, Comedy, Music","20th Century Studios, Bento Box Entertainment","United States of America","English","test of courage, crime scene, aftercreditsstinger, based on tv series, secret playroom, carney town"
"271",730047,"Cyrano",6.436,251,"Released",2021-12-17,3e+06,124,"False","/cfDQh8STZvzXtyr1iyb4cXzkLju.jpg",20000000,"https://www.unitedartistsreleasing.com/cyrano/synopsis/","tt12889404","en","Cyrano","A man ahead of his time, Cyrano de Bergerac dazzles whether with ferocious wordplay at a verbal joust or with brilliant swordplay in a duel. But, convinced that his appearance renders him unworthy of the love of a devoted friend, the luminous Roxanne, Cyrano has yet to declare his feelings for her—and Roxanne has fallen in love, at first sight, with Christian.",11.365,"/e4koV8iC2cCM57bqUnEnIL2a2zH.jpg","Have you ever loved someone?","Drama, Romance","Metro-Goldwyn-Mayer, Working Title Films, Bron Studios, Creative Wealth Media Finance","Canada, United Kingdom, United States of America","English","paris, france, love triangle, theater play, musical, remake, 17th century"
"272",926393,"The Equalizer 3",6.914,251,"Released",2023-08-30,158300000,109,"False","/h0nmmdFAdBjQttN8Y0q825MWzZp.jpg",70000000,"https://www.equalizer.movie","tt17024450","en","The Equalizer 3","Robert McCall finds himself at home in Southern Italy but he discovers his friends are under the control of local crime bosses. As events turn deadly, McCall knows what he has to do: become his friends' protector by taking on the mafia.",359.237,"/b0Ej6fnXAP8fK75hlyi2jKqdhHz.jpg","Justice knows no borders.","Action, Thriller, Crime","Escape Artists, Columbia Pictures, Eagle Pictures, ZHIV Productions","Italy, United States of America","English, Italian","italy, vigilante justice, italian mafia"
"273",366672,"Paws of Fury: The Legend of Hank",6.7,248,"Released",2022-07-14,42500000,94,"False","/92PJmMopfy64VYjd0HvIQaHGZX0.jpg",45000000,"https://www.pawsoffurymovie.com","tt4428398","en","Paws of Fury: The Legend of Hank","A hard-on-his-luck hound finds himself in a town full of cats in need of a hero to defend them from a ruthless villain's wicked plot to wipe their village off the map. With help from a reluctant mentor, our underdog must assume the role of town samurai and team up with the villagers to save the day.",25.529,"/vccE9bBa9mgghFpkWzU1fQqmOKB.jpg","Time to mark some territory.","Animation, Action, Adventure, Comedy, Family, Western","Flying Tigers Entertainment, Aniventure, HB Wink Animation, Cinesite Animation, Align, GFM Animation, Nickelodeon Movies, Brooksfilms Ltd., Mass Animation, Blazing Productions, Paramount, Sky Cinema","China, United Kingdom, United States of America","English","japan, samurai, remake, racism, cartoon cat, tyrant, sumo, cartoon dog, aftercreditsstinger, duringcreditsstinger, fury, good versus evil"
"274",844417,"Marlowe",6,232,"Released",2023-02-15,6262663,109,"False","/k88X6FXbypxL6OeoV5bDcTK1gfM.jpg",20000000,"https://www.marlowemovie.com","tt6722802","en","Marlowe","Private detective Philip Marlowe becomes embroiled in an investigation involving a wealthy Californian family after a beautiful blonde hires him to track down her former lover.",19.999,"/vjAMj81oYBryzGBhJk4gcK0M636.jpg","Los Angeles 1939. Outside the spotlight lies a city of secrets.","Mystery, Thriller, Crime","Parallel Films, H2L Media Group, Nickel City Pictures, StoryBoard Media, Davis Films, Aperture Media Partners, Elipsis Capital, Jeff Rice Films, The Foley Lab, Briarcliff Entertainment, Fís Éireann/Screen Ireland","France, Ireland, Spain, United States of America","English","los angeles, california, private detective, missing person, 1930s, old hollywood"
"275",629017,"Run Hide Fight",6.79,231,"Released",2021-06-17,34561,109,"False","/iHthPe72Jfb3du2MeQcQsETUBsI.jpg",2000000,"https://www.dailywire.com/videos/run-hide-fight","tt11456054","en","Run Hide Fight","A 17-year-old girl uses her wits, survival skills, and compassion to fight for her life, and those of her fellow classmates, against a group of live-streaming school shooters.",19.13,"/wlP25H14OvKoFORIwuKomZzioA5.jpg","","Action, Crime, Thriller","Cinestate, Rebeller, Bonfire Legend","United States of America","English","high school, hero, war veteran, killing, murder, shootout, explosion, school shooting, disturbed teenager"
"276",615115,"The Secrets We Keep",6.002,223,"Released",2020-09-16,615233,97,"False","/2ldAA1P4byx3aUdKDBT4mmSwYsK.jpg",7200000,"https://bleeckerstreetmedia.com/the-secrets-we-keep","tt9252488","en","The Secrets We Keep","In post-World War II America, a woman, rebuilding her life in the suburbs with her husband, kidnaps her neighbor and seeks vengeance for the heinous war crimes she believes he committed against her.",12.629,"/llH79Avl9IYYoHTKRv0iA8rzpuO.jpg","A quiet neighborhood. A deadly past.","Thriller, History, Drama","AGC Studios, di Bonaventura Pictures, Echo Lake Entertainment, Fibonacci Films, Kirkhaus Films","United States of America","English","post world war ii, vengeance"
"277",616747,"Haunted Mansion",6.8,217,"Released",2023-07-26,9.1e+07,123,"False","/Als2QyqbLgT5G3rwTGJta8QQfqP.jpg",157800000,"https://movies.disney.com/haunted-mansion","tt1695843","en","Haunted Mansion","A woman and her son enlist a motley crew of so-called spiritual experts to help rid their home of supernatural squatters.",86.751,"/kpLx1gDYolWLBNOmuFVvrqFKQK3.jpg","Home is where the haunt is.","Fantasy, Comedy","Walt Disney Pictures, Rideback","United States of America","English","magic, haunted house, grief, ghost, taunting, horror comedy, haunted mansion, based on theme park ride, absurd, incredulous, ridiculous, sardonic"
"278",601165,"Legacy of Lies",5.57,215,"Released",2020-07-28,94583,101,"False","/nxxODhq9I05Ze9uLONGvfDrzaUO.jpg",4500000,"","tt6834916","en","Legacy of Lies","An ex-MI6 agent is thrown back into the world of espionage and high stakes to uncover the shocking truth about operations conducted by unknown secret services.",10.33,"/bhNHCeJDFDaB00A46AoCw2mggdE.jpg","He's afraid of nothing... except the truth.","Thriller, Action","Film Polska Production, Sarke Studio, Legacy Films, Eager Films B.V., 13 Films, Ukrainian State Film Agency, Toy Cinema","Netherlands, Poland, Ukraine, United Kingdom, United States of America","English",""
"279",854239,"Till",7.5,202,"Released",2022-10-14,8900000,131,"False","/9FwnUYt9mYnXCfhWL6AWymMsfyT.jpg",20000000,"https://www.unitedartistsreleasing.com/till/","tt4960748","en","Till","The true story of Mamie Till Mobley’s relentless pursuit of justice for her 14 year old son, Emmett Till, who, in 1955, was lynched while visiting his cousins in Mississippi.",18.844,"/cmDs0CYlgioyP2AQQTTmavt3uoO.jpg","Witness the power of a mother’s love.","Drama, History","Frederick Zollo Productions, Whoop/One Ho Productions/Lil' Whoop Productions, Eon Productions, Orion Pictures","United Kingdom, United States of America","English","chicago, illinois, mother, funeral, son, based on true story, racist, grief, murder, racism, justice, casket, lynching, death of son, woman director, 1950s, civil rights movement"
"280",811631,"Infinite Storm",5.843,194,"Released",2022-03-25,1564696,97,"False","/o0JpLYCadyUCR4KwxN7hrzFE968.jpg",4749917,"https://www.infinitestorm.movie/","tt14060232","en","Infinite Storm","One woman's journey for self-discovery and turns into a harrowing tale of survival.",18.138,"/4B34NKfHCFVHriYfKhbsunHYl4x.jpg","","Thriller, Adventure, Drama","Maven Screen Media, JamTart Productions, Stage 6 Films, Bleecker Street, Off Media, Studio Orka, PISF","Australia, United States of America","English","rescue, mountain, hiking, survival, life after personal tragedy"
"281",539565,"Zola",6.142,193,"Released",2020-01-24,3500000,86,"False","/zL7CozbpAbGSdhBsuTI847tu5Fo.jpg",5000000,"https://a24films.com/films/zola","tt5439812","en","Zola","A waitress agrees to accompany an exotic dancer, her put-upon boyfriend, and her mysterious and domineering roommate on a road trip to Florida to seek their fortune at a high-end strip club.",15.705,"/bJLCPROp9bmNndurwZpVnOioVpB.jpg","Y'all wanna hear a story?","Comedy, Crime","Killer Films, Ramona Films, Gigi Films","United States of America","English, Spanish","florida, waitress, narration, stripper, based on true story, pole dancer, boyfriend, twitter, road movie, woman director, sex worker, tampa, florida"
"282",589049,"The Photograph",6.479,190,"Released",2020-02-14,20690779,106,"False","/kU5qE5b6ksL3osaqKCUlMS08Ays.jpg",16000000,"https://www.thephotographmovie.com/","tt7798646","en","The Photograph","When famed photographer Christina Eames dies unexpectedly, she leaves her estranged daughter, Mae, hurt, angry and full of questions. When Mae finds a photograph tucked away in a safe-deposit box, she soon finds herself delving into her mother's early life -- an investigation that leads to an unexpected romance with a rising journalist.",9.85,"/cdqZqIcWt0Ne2Io2OA9iWqqMuCA.jpg","","Drama, Romance","Will Packer Productions, Universal Pictures, Perfect World Pictures","Canada, United States of America","English","new york city, journalist, photographer, louisiana, letter, cancer, death of mother, first love, old photograph, woman director, memories"
"283",758336,"Love Again",6.65,183,"Released",2023-05-04,1e+07,104,"False","/jv9WTuEk7kW8JxgpjQ872CyiifP.jpg",9000000,"https://www.loveagain.movie","tt10276482","en","Love Again","Mira Ray, dealing with the loss of her fiancé, sends a series of romantic texts to his old cell phone number… not realizing the number was reassigned to Rob Burns' new work phone. A journalist, Rob is captivated by the honesty in the beautifully confessional texts. When he’s assigned to write a profile of megastar Céline Dion, he enlists her help in figuring out how to meet Mira in person and win her heart.",25.145,"/koswMk0y7jGcyofV1sBccnNtY0B.jpg","Destiny has a plan.","Romance, Drama, Comedy","Screen Gems, Thunder Road, 2.0 Entertainment","United States of America","English","journalist, based on novel or book, text message, duringcreditsstinger, celebrity cameo, new york, loss and grief"
"284",1016084,"BlackBerry",7.196,180,"Released",2023-02-13,2600000,119,"False","/cUHxmWfkp6se0Rt10Kr86bMCYDE.jpg",5000000,"https://www.blackberrymovie.com/","tt21867434","en","BlackBerry","Two mismatched entrepreneurs – egghead innovator Mike Lazaridis and cut-throat businessman Jim Balsillie – joined forces in an endeavour that was to become a worldwide hit in little more than a decade. The story of the meteoric rise and catastrophic demise of the world's first smartphone.",28.508,"/neV35lK7em4rIY9QIoH1cruErPA.jpg","Work hard. Fail hard.","Comedy, Drama, History","Zapruder Films, Elevation Pictures, Rhombus Media, Téléfilm Canada, Ontario Creates, CBC, IPR.VC, XYZ Films","Canada, Finland, United States of America","English","based on novel or book, technology, it-expert, silicon valley, satire, biography, rise and fall, cell phone, phone, information technology, social history, communicating via phone, 1990s, science and technology, it professional, new technology, history and legacy, phone message, smartphone, digital technology, satellite technology, advanced technology, make it happen"
"285",635891,"Clerks III",6.087,178,"Released",2022-09-04,4717597,100,"False","/whn480SyRnaHxYqZlKR4COASykD.jpg",7000000,"https://clerks3.movie/","tt11128440","en","Clerks III","After narrowly surviving a massive heart attack, Randal enlists his old friend Dante to help him make a movie immortalizing their youthful days at the little convenience store that started it all.",12.213,"/apzIqZIQLc8fNx5nbbcSSfPFtax.jpg","They're too old for this shift.","Comedy","View Askew Productions, BondIt Media Capital","United States of America","English","heart attack, sequel, aftercreditsstinger"
"286",607430,"Nine Days",6.837,156,"Released",2021-07-15,969204,124,"False","/6lrlxSDk4gAhmOHtstgtVUfJfau.jpg",10000000,"","tt10451852","en","Nine Days","A reclusive man conducts a series of interviews with human souls for a chance to be born.",8.511,"/kl8J3WvzJq6QGX7qNmP0ps4ZTSO.jpg","","Drama, Fantasy","30WEST, Juniper Productions, MACRO, Sony Pictures Classics, Baked Studios","United States of America","English",""
"287",883502,"Fortress: Sniper's Eye",5.457,140,"Released",2022-04-29,69075,87,"False","/qNRkfXBdAuXk9Qs3BEDIfmbAK9w.jpg",22000000,"","tt14577304","en","Fortress: Sniper's Eye","Weeks after the deadly assault on Fortress Camp, Robert makes a daring rescue to save Sasha, the widow of his old nemesis Balzary. But back in the camp's command bunker, it appears Sasha may have devious plans of her own. As a new attack breaks out, Robert is confronted with a familiar face he thought he'd never see again…",24.262,"/61J34xHVVdQHbJ4MSCWQo4e727v.jpg","The war isn't over. It's just starting.","Action, Thriller, Crime","EFO Films, Grindstone Entertainment Group","United States of America","English",""
"288",566927,"Impractical Jokers: The Movie",6.6,134,"Released",2020-02-21,10700000,92,"False","/ummzpRlgm6iSP4wIsTmEZHHlkrG.jpg",3000000,"http://www.ImpracticalJokerstheMovie.com","tt9208444","en","Impractical Jokers: The Movie","The story of a humiliating high school mishap from 1992 that sends the Impractical Jokers on the road competing in hidden-camera challenges for the chance to turn back the clock and redeem three of the four Jokers.",7.97,"/kTHzM6pPIjs4LHX33thyZpnKiOP.jpg","10 challenges. 3 tickets. 1 wild ride.","Comedy","Funny or Die, truTV","United States of America","English","prank, prankster"
"289",555285,"Are You There God? It's Me, Margaret.",7.3,132,"Released",2023-03-29,21826840,107,"False","/qNmLEOGZy37vKAPqcTuZ47uCOS9.jpg",30000000,"https://www.itsmemargaret.movie","tt9185206","en","Are You There God? It's Me, Margaret.","When her family moves from New York City to New Jersey, an 11-year-old girl navigates new friends, feelings, and the beginning of adolescence.",35.788,"/yb6UB4WC3znlwU0L4AqMnjR9G9S.jpg","Discovering who you are is a journey that lasts a lifetime.","Comedy, Drama","Gracie Films, Lionsgate","United States of America","English, Hebrew","puberty, adolescence, new jersey, based on novel or book, christianity, 1970s, female friendship, coming of age, religion, insecurity, woman director, speculative, mother daughter relationship, grandmother granddaughter relationship, jewish, stay-at-home mom"
"290",586101,"Music",5.608,130,"Released",2021-01-14,645949,107,"False","/a5PNkyt8zx6sSXCzgKpKAaAXNJw.jpg",16000000,"","tt7541720","en","Music","Zu, a free spirit estranged from her family, suddenly finds herself the sole guardian of her half-sister, Music, a teenager on the autism spectrum whose whole world order has been beautifully crafted by her late grandmother. The film soon challenges whether it is Zu or Music who has a better view of the world, and that love, trust, and being able to be there for each other is everything.",7.873,"/xzDXq7ofNkvIovB6Vb8KZpjqkK0.jpg","","Music, Drama","Atlantic Films, Pineapple Lasagne Productions, Landay Entertainment, HanWay Films, Vertical Entertainment","United States of America","English","drug dealer, autism"
"291",972230,"Maybe I Do",5.7,128,"Released",2023-01-27,4393504,95,"False","/h1jF78eKPrqejbXe3OHQ2KxmTJ9.jpg",7500000,"","tt20879602","en","Maybe I Do","Michelle and Allen, who have reached the point in their relationship where they are considering next steps, decide to invite  their parents to finally meet and to offer some understanding of why marriage works. Except the parents already know each other quite well, which leads to some very distinct opinions about the value of marriage.",14.849,"/hy96dnwz562U3PhXMzJvKNPBGS.jpg","Maybe you stay married for the kids.","Drama, Romance, Comedy","Fifth Season, Vertical Entertainment, Vincent Newman Entertainment","United States of America","English","cheating, based on play or musical, dating, relationship, parents, long term relationship, unfaithful wife, difficult choice, relationship changes, cheating husband, life advice"
"292",878361,"Big George Foreman",7.7,128,"Released",2023-04-27,3800000,129,"False","/xLsMxgMjko1rWbIUbvf6UBjToBE.jpg",32000000,"https://www.biggeorgeforeman.movie","tt12226632","en","Big George Foreman","Fueled by an impoverished childhood, George Foreman channeled his anger into becoming an Olympic Gold medalist and World Heavyweight Champion, followed by a near-death experience that took him from the boxing ring to the pulpit. But when he sees his community struggling spiritually and financially, Foreman returns to the ring and makes history by reclaiming his title, becoming the oldest and most improbable World Heavyweight Boxing Champion ever.",68.121,"/fdVd6thTstt0MQ4dUC1IXiOXpxv.jpg","When life gives you a second chance, don't do it for yourself. Do it for everyone you love.","Drama, History","Mandalay Pictures, Affirm Films, State Street Pictures","United States of America","English","adultery, sports, 1970s, texas, biography, family, 1980s, 1960s, boxing, biopic"
"293",809787,"Mafia Mamma",6.268,127,"Released",2023-04-13,3902761,101,"False","/gGZxCy9keK0D6TxbmS8GJj85Ut4.jpg",41000000,"https://www.mafiamammamovie.com","tt13923456","en","Mafia Mamma","A suburban American woman inherits her grandfather’s Mafia empire and, guided by the Firm’s trusted consigliere, defies everyone’s expectations, including her own, as the new head of the family business.",35.316,"/x83FFyGGux31l7OiF9NZHeq6ZWv.jpg","From suburban Mom to mafia Don.","Comedy, Action, Crime","Idea(L), Vocab Films, New Sparta Films, Ingenious Media, Lipsync Productions, Cornerstone Films","United Kingdom, United States of America","English, Italian","italy, mafia boss, mafia, camp, family, woman director, family establishment, heritage"
"294",747803,"One Way",6.1,115,"Released",2022-09-02,30272,96,"False","/vmDa8HijINCAFYKqsMz0YM3sVyE.jpg",5000000,"http://www.23ten.com/one-way","tt13075730","en","One Way","On the run with a bag full of cash after a robbing his former crime boss—and a potentially fatal wound—Freddy slips onto a bus headed into the unrelenting California desert. With his life slipping through his fingers, Freddy is left with very few choices to survive.",18.822,"/uQCxOziq79P3wDsRwQhhkhQyDsJ.jpg","No wrong turn goes unpunished.","Action, Crime, Thriller","Highland Film Group, Bay Point Media, 23ten, Particular Crowd, Streamline Global, Thomasville Pictures, Ignition Film Productions, Source Management + Production, Short Porch Pictures, Baird Film","Ireland, United Kingdom, United States of America","English",""
"295",1008392,"The Blackening",6.212,113,"Released",2023-06-15,1.6e+07,97,"False","/1OD1Uf1934VxlAC19NZcVJUu0Eu.jpg",5000000,"https://www.theblackening.movie","tt11703244","en","The Blackening","Seven black friends go away for the weekend, only to find themselves trapped in a cabin with a killer who has a vendetta. They must pit their street smarts and knowledge of horror movies against the murderer to stay alive.",56.495,"/ooB4KSRRhp7XYRQUmsi82iFnMNC.jpg","We can't all die first.","Horror, Comedy","MRC, CatchLight Studios, Artists First, Tracy Yvonne Productions, The Story Company","United States of America","English","parody, cabin, slasher, group of friends, racial stereotype, black stereotype, duringcreditsstinger, weekend getaway, african american, death game, juneteenth"
"296",693827,"Lansky",6.1,109,"Released",2021-06-24,136579,119,"False","/yagbyodmRIzHOhyRnceeOSYYPe4.jpg",5000000,"","tt5078852","en","Lansky","When the aging Meyer Lansky is investigated one last time by the Feds who suspect he has stashed away millions of dollars over half a century, the retired gangster spins a dizzying tale, revealing the untold truth about his life as the notorious boss of Murder Inc. and the National Crime Syndicate.",11.925,"/weNMzi7WXuzoml2Wvm1VMEE7Ipq.jpg","The man who turned crime into a billion dollar business.","Crime, Drama, Thriller","Above the Clouds Media Group, CaliWood Pictures, 120dB Films, Carte Blanche, LB Entertainment, Lucky 13 Productions","United States of America","English, Hebrew","gangster, crime boss, mafia boss, organized crime, crime syndicate, meyer lansky, lansky, meier suchowlański vel lansky, meier suchowlański"
"297",913673,"Nefarious",7,107,"Released",2023-04-14,5433685,98,"False","/q0AQDPlUaE9OCr9JtuYk6trdwrr.jpg",3000000,"https://www.whoisnefarious.com/","tt14537248","en","Nefarious","On the day of his scheduled execution, a convicted serial killer gets a psychiatric evaluation during which he claims he is a demon, and further claims that before their time is over, the psychiatrist will commit three murders of his own.",50.396,"/uFN5Hb8Gqn7VEmfSOOqPt8Udyb9.jpg","Speak of the devil.","Horror, Thriller","Believe Entertainment, Soli Deo Gloria Releasing","United States of America","English","oklahoma, death row, prison guard, evangelical, serial killer, electrocution, psychiatrist, demonic possession, psychological terror, supernatural horror, christian"
"298",942922,"80 for Brady",6.61,100,"Released",2023-02-03,29637811,98,"False","/aeksAhU6dZl0Fclm3dBRt6cKBmD.jpg",28000000,"https://www.80forbrady.com","tt18079362","en","80 for Brady","A quartet of elderly best friends decide to live life to the fullest by taking a wild trip to the Super Bowl LI to see their hero Tom Brady play.",17.646,"/qhSFHOS9CeXTqGgmbCi5pteIc6k.jpg","Best friends get into the best kind of trouble.","Comedy","199 Productions, Watch This Ready, Fifth Season, Tempesta Films, Paramount, CJ Entertainment","South Korea, United States of America","English","new york city, american football, hallucination, female friendship, based on true story, cannabis, houston, group of friends, vanity project, buddy comedy, erotic novel, ticket scalping, female buddy, chemotherapy, super bowl, cancer survivor, elderly lady, fanfic, control room, chicken wing, cbd gummy"
"299",603206,"Dream Horse",7.03,100,"Released",2021-05-21,6435260,113,"False","/wkaKu3gwAcw3n1mqfFmwNfPGasX.jpg",20000000,"https://bleeckerstreetmedia.com/dream-horse","tt9883996","en","Dream Horse","The inspiring true story of Dream Alliance, an unlikely race horse bred by small town bartender, Jan Vokes. With very little money and no experience, Jan convinces her neighbors to chip in their meager earnings to help raise Dream and compete with the racing elites. Their investment pays off as Dream rises through the ranks and becomes a beacon of hope in their struggling community.",10.19,"/uF1mnSdf9EqDIm5XfODAHU6AcWC.jpg","Hearts will race.","Comedy, Drama","Film4 Productions, RAW, Ffilm Cymru Wales, Ingenious Media, Topic Studios, Cornerstone Films, Stage 6 Films, Bleecker Street","United Kingdom, United States of America","English","wales, sports, horse, racehorse, based on true story, horse racing"
"300",982271,"Book Club: The Next Chapter",6.609,92,"Released",2023-05-11,27849137,108,"False","/xH1fADDlEQMXreGClUCxA0XrJPC.jpg",20000000,"https://www.focusfeatures.com/book-club-2","tt20768712","en","Book Club: The Next Chapter","Four best friends take their book club to Italy for the fun girls' trip they never had. When things go off the rails and secrets are revealed, their relaxing vacation turns into a once-in-a-lifetime cross-country adventure.",29.292,"/lXoeOcWWhPpLH1wzTIhOx8jydBo.jpg","Slightly scandalous. Totally fabulous.","Comedy, Romance","Makeready, Fifth Season, Apartment Story, Focus Features, Universal Pictures","United States of America","English","italy, female friendship, vacation, book club"
"301",835551,"Masquerade",5.8,91,"Released",2021-07-30,8866,80,"False","/pFnEAK3eN8xX9AeggG9ISFYr1OO.jpg",2500000,"","tt11448490","en","Masquerade","A young girl struggles to survive after a group of home invaders break into her house to steal her family's priceless artwork.",9.917,"/1sHH629kR3ZDmPfL90JkUWew4wz.jpg","The ultimate disguise in terror.","Thriller","Rider Entertainment, XYZ Films, Shout! Studios","United States of America","English",""
"302",777831,"9 Bullets",5.088,91,"Released",2022-04-14,193908,96,"False","/o31kGDH9GbAZjVLwPYno8XvQGV2.jpg",3000000,"http://9bulletsmovie.com","tt13680520","en","9 Bullets","A former burlesque dancer turned author discovers a second chance at life and redemption when she risks everything to rescue her young neighbor after he witnesses his parents’ murder. Now on the run from the local crime boss, who happens to be her longtime ex, she makes a desperate attempt to get the boy to safety.",25.474,"/cuFPxoFopAjFUz4oIMUzpzeTA8I.jpg","One shot will change everything.","Action, Thriller","Foresight Entertainment, Pop Films, Screen Media Films","United States of America","English","rescue, dancer, crime boss, rescue mission, loss, ex husband, murder, on the run, neighbor, author, writer, family, second chance, burlesque"
"303",299054,"Expend4bles",6.685,81,"Released",2023-09-15,1.5e+07,103,"False","/rMvPXy8PUjj1o8o1pzgQbdNCsvj.jpg",100000000,"https://expendables.movie/","tt3291150","en","Expend4bles","Armed with every weapon they can get their hands on and the skills to use them, The Expendables are the world’s last line of defense and the team that gets called when all other options are off the table. But new team members with new styles and tactics are going to give “new blood” a whole new meaning.",484.627,"/nbrqj9q8WubD3QkYm7n3GhjN7kE.jpg","They'll die when they're dead.","Action, Adventure, Thriller","Millennium Media, Campbell Grobman Films, Lionsgate","United States of America","English","sequel, nuclear bomb, cargo ship, ring"
"304",719256,"Jesus Revolution",6.9,75,"Released",2023-02-23,52300000,120,"False","/m42PtAhEtEqbNV8Cs8TsXcTN4ha.jpg",15000000,"https://jesusrevolution.movie/","tt10098448","en","Jesus Revolution","In the 1970s, aimless teenager Greg Laurie searches for all the right things in all the wrong places until he meets Lonnie Frisbee, a charismatic hippie/street preacher. Together with local pastor Chuck Smith, they open the doors of a languishing church to an unexpected revival.",25.539,"/A3qqrl8lJvlpRCwkbUEADXzVaDC.jpg","When you open your heart...there's room for everyone.","Drama, History","Lionsgate, Kingdom Story Company","United States of America","English","hippie, 1970s, based on true story, aftercreditsstinger, southern california"
"305",814776,"Bottoms",7.127,75,"Released",2023-08-25,11600000,92,"False","/f9ErVXAyR9EP5WOOp4i5ivBKsKC.jpg",11300000,"https://mgm.com/movies/bottoms","tt17527468","en","Bottoms","Unpopular best friends PJ and Josie start a high school self-defense club to meet girls and lose their virginity. They soon find themselves in over their heads when the most popular students start beating each other up in the name of self-defense.",100.876,"/jeyTQrNEpyE1LZIgVlswYh3sc34.jpg","A movie about empowering women (the hot ones)","Comedy","Brownstone Productions, Orion Pictures, Metro-Goldwyn-Mayer","United States of America","English","high school, cheerleader, female friendship, bullying, loss of virginity, coming of age, teenage girl, school assembly, high school student, teen comedy, lgbt, sex comedy, duringcreditsstinger, teen anger, jocks, archetypes, teen social issues, fight club, toxic masculinity, lesbian, sapphic, absurdist humor, mid credits bloopers, witty, satire comedy, gay"
"306",820525,"After Everything",6.768,69,"Released",2023-09-13,3280152,93,"False","/jkKVLzLWjSvTnc84VzeljhSy6j8.jpg",14000000,"","tt15334488","en","After Everything","Besieged by writer’s block and the crushing breakup with Tessa, Hardin travels to Portugal in search of a woman he wronged in the past – and to find himself. Hoping to win back Tessa, he realizes he needs to change his ways before he can make the ultimate commitment.",474.472,"/gZLGCibvFY4zmt8sWUZcbBTHRtk.jpg","","Romance, Drama","Voltage Pictures, Wattpad","United States of America","English, Portuguese","lisbon, portugal, writer's block, sequel, love, wedding, social media, troubled past, dysfunctional relationship, based on young adult novel, fanfic"
"307",951491,"Saw X",7.321,56,"Released",2023-09-26,29300000,118,"False","/9b3uxqcjkmay20EBZZj1KVow0r5.jpg",13000000,"https://www.saw.movie","tt21807222","en","Saw X","Between the events of 'Saw' and 'Saw II', a sick and desperate John Kramer travels to Mexico for a risky and experimental medical procedure in hopes of a miracle cure for his cancer, only to discover the entire operation is a scam to defraud the most vulnerable. Armed with a newfound purpose, the infamous serial killer returns to his work, turning the tables on the con artists in his signature visceral way through devious, deranged, and ingenious traps.",949.967,"/aQPeznSu7XDTrrdCtT5eLiu52Yu.jpg","Witness the return of Jigsaw.","Crime, Horror, Thriller","Twisted Pictures, Lionsgate","United States of America","English, Spanish","mexico city, mexico, sadism, riddle, gore, sequel, con artist, cancer, scam, serial killer, torture, drugs, survival horror, duringcreditsstinger, franchise, jigsaw, méxico, saw, death game, requel"
"308",824281,"Easter Sunday",6,34,"Released",2022-08-04,13071438,96,"False","/oU3FKoQFp6TRRe6XVXyj8QB0bUy.jpg",17000000,"https://www.uphe.com/movies/easter-sunday","tt11952606","en","Easter Sunday","A man returns home for an Easter celebration with his riotous, bickering, eating, drinking, laughing, loving family, in this love letter to the Filipino-American community.",9.277,"/peyxSGjFpLdoxfvojrYEiTqfEAu.jpg","Home is where the crazy is.","Comedy","Broken Lizard Industries, DreamWorks Pictures, Rideback, Universal Pictures","United States of America","English","duringcreditsstinger"
"309",893723,"PAW Patrol: The Mighty Movie",7.679,14,"Released",2023-09-21,47400000,92,"False","/fwXeTKmJvlv7kbH8QDmbykGfMeK.jpg",30000000,"https://www.pawpatrol.movie","tt15837338","en","PAW Patrol: The Mighty Movie","A magical meteor crash-lands in Adventure City, gives the PAW Patrol pups superpowers, and transforms them into The Mighty Pups. When the PAW Patrol's archrival Humdinger breaks out of jail and teams up with a mad scientist to steal the powers for themselves, the Mighty Pups must save Adventure City and stop the supervillains before it's too late.",257.355,"/oXnSu4raRAd65QVBQXvdHMC6AuW.jpg","Unleash your powers.","Animation, Family, Comedy, Action, Science Fiction","Nickelodeon Movies, Spin Master, Paramount, Mikros Image","Canada, United States of America","English","superhero, cartoon, mad scientist, sequel, dog, animal, elasticity, kids"
"310",1048522,"Fremont",6.3,6,"Released",2023-08-25,281126,92,"False","/jai2IePHlNTKwCNoOM5HQgMVUaj.jpg",3000000,"https://www.musicboxfilms.com/film/fremont/","tt8591526","en","Fremont","Donya, a lonely Afghan refugee and former translator, spends her twenties drifting through a meager existence in Fremont, California. Shuttling between her job writing fortunes for a fortune cookie factory and sessions with her eccentric therapist, Donya suffers from insomnia and survivor's guilt over those still left behind in Kabul as she desperately searches for love.",5.503,"/rp8RRQWLF6hq2BfVdXpLwl3Pi0A.jpg","","Comedy, Drama","Butimar Productions, Extra A Productions, Blue Morning Pictures","United States of America","Cantonese, Mandarin, English, Faroese","immigrant, california, post-traumatic stress disorder (ptsd), san francisco, california, afghanistan, fortune cookie, oakland, california, black and white, racial prejudice, translator, us military"
"311",866362,"ATL 2: The Homecoming",10,2,"Released",2021-08-31,31200000,115,"False","/wHKaqmpsFgdoVCxwTh329YnUYab.jpg",3000000,"http://www.keycinematic.com","tt11784624","en","ATL 2: The Homecoming","As four friends prepare for life after high school, different challenges bring about turning points in each of their lives. The dramas unfold and resolve at their local rollerskating rink, Cascade.",3.128,"/5Bi2Xy6sAkVgCCHZbkV53mX70he.jpg","","Drama, Comedy, Mystery","Overbrook Entertainment, Sweet Tea Pictures LLC","United States of America","English",""
"312",958006,"The Kill Room",7,2,"Released",2023-09-14,476375,98,"False","/aRYhlWtxJoW8URLJJsPtn5788ge.jpg",50000000,"https://www.bluefoxentertainment.com/films/the-kill-room","tt11908172","en","The Kill Room","A hitman, his boss, an art dealer and a money-laundering scheme that accidentally turns the assassin into an overnight avant-garde sensation, one that forces her to play the art world against the underworld.",20.08,"/ciEZWh4fkq394ToQBr91UDUK45O.jpg","Crime is an art form.","Crime, Thriller, Action","Yale Productions, Idiot Savant Pictures, Untitled Entertainment, Such Content, BK Studios, BondIt Media Capital, Head Gear Films, Metrol Technology, Slated, SuperNova Capital, Complex Corp, Great Escape","United States of America","English","hitman, dark comedy, money, modern art, crime"
"313",1270893,"TikTok Rizz Party",10,1,"Released",2024-04-01,3e+09,180,"False","/5dO66jbuKb2EDGZDqLjRmNMrHB1.jpg",250000000,"","","en","TikTok Rizz Party","a band of brothers, torn apart by the constant desire to prove themselves to their leader. Who will become second-in-command to the man in the blue tie, and who will fall down the ranks into social oblivion?",0,"/db5pfZIeNLuZawkDXYylNE1opJO.jpg","","Drama, Comedy","Warner Bros.","United States of America","","party, tiktok, rizz"
"314",1416532,"Martin",8,1,"Released",2025-01-01,2.1e+08,128,"False","/29OogXD4EHEq8b2sKUH2zajJz7J.jpg",103000000,"https://doktorizatv.wixstudio.com/martin","","en","Martin","""Martin"" (2025) is a powerful biographical drama that tells the inspiring story of Dr. Martin Luther King Jr., the leader of the Civil Rights Movement in the United States. The film focuses on pivotal moments in the fight for equality, particularly the Selma-to-Montgomery march of 1965, which changed the course of American history. Beyond the historical events, the movie delves into King’s character, exploring his personal struggles, unwavering vision, and the legacy he left behind",1.4,"/etQ6oLkpXuyVJ6L1lISHWw7L5r0.jpg","I have a dream","Drama, Family, History, Music","BlueBear pictures, PlusVideo media","United States of America","English, Georgian, Japanese, Hebrew, Arabic","fight against racism, against violence, introducing the way of martin luther king"
"315",1233925,"The Bear",10,1,"Released",2022-06-23,2e+07,540,"False","/jpoqiH1ZGyQcUZrzYlIPsnN2GCS.jpg",20000000,"","tt14452776","en","The Bear","A young chef from the fine dining world returns to Chicago to run his family's sandwich shop.",0.6,"/tLnYIbkIKhNbAKzhawKqcY9dmxk.jpg","The Bear","Comedy, Drama","FX Productions","United States of America","English",""
"316",1210350,"Skibidi Toilet: The Movie",0,0,"Released",2023-11-26,1.2e+07,168,"False","/viZ3B0KEpLDYjNc7lTXj1oiwqhX.jpg",2000000,"","","en","Skibidi Toilet: The Movie","""Skibidi Toilet: The Movie"" is a whimsical comedy where toilets, equipped with human heads, find themselves in a quirky battle against the mischievous ""Camera Men."" As these unique characters engage in a hilarious clash, the film explores themes of absurdity and humor, promising a wild ride filled with unexpected twists in the world of anthropomorphic toilets.",1.4,"/pnyk2kZjTMHLeg3SRoZfCRfzPal.jpg","Skibidi Toilet","Action, Science Fiction, Thriller","Universal Pictures Corporation, Ohio State University","Egypt, Saudi Arabia, United Kingdom, United States of America","",""
"317",1270920,"The Meet Arnold: The Movie",0,0,"Released",2022-11-18,9e+07,132,"False","",200000000,"","","en","The Meet Arnold: The Movie","Arnold Movie",0,"","What the F**k Mother Is Going On Here?!","","Vertigo Entertainment, Mandeville Films, Lord Miller, Warner Bros. Pictures, Original Film, Denver & Delilah Films","United States of America","English",""
"318",1734111,"FIFA World Cup 2026 Finals - Spain Vs. Argentina",0,0,"Released",2026-07-19,1.3e+09,210,"False","",380000000,"","","en","FIFA World Cup 2026 Finals - Spain Vs. Argentina","On July 19, 2026, at MetLife Stadium in New York, football history is written as two giants collide for the ultimate prize. Spain, with their possession-based mastery and new generation of attacking talent, face Argentina, the defending champions led by their hunger to cement a dynasty.",0,"","One Game. One Trophy. Spain vs Argentina For The World!","Family, TV Movie, Drama","FIFA+","United States of America","English, Spanish, French","spain, world cup, argentina, sports arena, lionel messi, fifa"
"319",1035490,"Lift (The Downfall of Wade Adrian)",0,0,"Released",2022-10-07,8.9e+07,68,"False","/eLfx0XbbNzIbO16KiZfLxzeSEpX.jpg",23000000,"https://www.youtube.com/watch?v=VtSoEdhw-YA","","en","Lift (The Downfall of Wade Adrian)","Lift is a film following Wade Adrian, a controlling sociopath who loses his girlfriend by being unfaithful. He does not handle the break up well and is desperate to get her back. His best friend Devon is caught in the middle of the two because he is a mutual friend. This creates more and more conflict until it boils over into a horrendous tragedy.",0.6,"/koYhQXe1n7SwiJoGP55GR0CYRP3.jpg","YOU NEVER CARED","Thriller, Action","Audio & Visual Entertainment","United States of America","English",""
