"","date","city_name","province_level_region","city_type","latitude","longitude","temperature_2m_mean_c","temperature_2m_min_c","temperature_2m_max_c","apparent_temperature_max_c","precipitation_sum_mm","rain_sum_mm","wind_speed_10m_max_kmh","shortwave_radiation_sum_mj_m2","pm2_5_mean_ug_m3","pm10_mean_ug_m3","nitrogen_dioxide_mean_ug_m3","ozone_mean_ug_m3","us_aqi_daily_max","european_aqi_daily_max"
"1","2023-01-01","Shanghai","Shanghai","Municipality",31.2304,121.4737,4.5,-0.2,7.8,4.6,0.9,0.9,10.3,3.75,140.875,212.788,127.238,1.292,230,164
"2","2023-01-02","Shanghai","Shanghai","Municipality",31.2304,121.4737,6,4.4,8.3,4.8,0.5,0.5,18,2.56,62.704,109.888,84.892,4.958,215,153
"3","2023-01-03","Shanghai","Shanghai","Municipality",31.2304,121.4737,5.2,1.7,8.9,4.9,0,0,12.9,11.91,35.896,59.762,67.367,10.667,155,90
"4","2023-01-04","Shanghai","Shanghai","Municipality",31.2304,121.4737,3.7,-3.1,9.7,5.9,0,0,14,11.92,84.854,136.767,98.004,12.958,170,107
"5","2023-01-05","Shanghai","Shanghai","Municipality",31.2304,121.4737,7.7,3.5,10.9,8.2,0.2,0.2,12.9,3.49,57.175,100.892,93.392,15.167,171,108
"6","2023-01-06","Shanghai","Shanghai","Municipality",31.2304,121.4737,8.7,4.6,14,9.1,0,0,21.2,12.2,88.483,134.842,123.846,7.125,172,109
"7","2023-01-07","Shanghai","Shanghai","Municipality",31.2304,121.4737,7,-0.2,15.2,12,0,0,13.5,12.85,102.908,153.696,119.913,7.958,187,126
"8","2023-01-08","Shanghai","Shanghai","Municipality",31.2304,121.4737,9.2,4.5,16.2,12.5,0,0,17.9,12.9,48.642,79.654,84.175,21.792,184,122
"9","2023-01-09","Shanghai","Shanghai","Municipality",31.2304,121.4737,9,4.4,15.6,13,0,0,22.3,12.54,73.55,113.358,116.117,10.208,164,100
"10","2023-01-10","Shanghai","Shanghai","Municipality",31.2304,121.4737,7.3,4,11.3,7.5,0,0,16.1,11.16,24.213,39.746,54.158,15.125,163,99
"11","2023-01-11","Shanghai","Shanghai","Municipality",31.2304,121.4737,9.5,3,16.2,14.2,0,0,17.5,10.75,24.363,38.471,61.558,16.792,85,62
"12","2023-01-12","Shanghai","Shanghai","Municipality",31.2304,121.4737,14.6,9.3,21.3,20.8,4.1,4.1,22.3,6.94,23.558,35.742,68.596,20.042,79,57
"13","2023-01-13","Shanghai","Shanghai","Municipality",31.2304,121.4737,15.1,11.5,17.4,19.2,43.9,43.9,15.1,1.4,55.738,79.85,98.646,0,150,84
"14","2023-01-14","Shanghai","Shanghai","Municipality",31.2304,121.4737,8.3,3.3,11.3,9.6,10.7,10.7,32.4,1.8,16.6,25.4,57.242,8.917,150,85
"15","2023-01-15","Shanghai","Shanghai","Municipality",31.2304,121.4737,0.6,-1.5,3.2,-2.5,1.5,0.2,32.1,3.17,16.621,27.062,42.742,29.542,64,33
"16","2023-01-16","Shanghai","Shanghai","Municipality",31.2304,121.4737,-0.2,-3.3,2.8,-2.7,0,0,22.9,11,36.25,54.179,55.3,11.917,99,68
"17","2023-01-17","Shanghai","Shanghai","Municipality",31.2304,121.4737,1.7,-2.3,5.5,0.8,0,0,13.1,13.27,68.512,101.017,78.833,8.417,158,94
"18","2023-01-18","Shanghai","Shanghai","Municipality",31.2304,121.4737,1.9,-3.2,7.5,3.1,0,0,14.1,13.46,94.417,137.508,90.283,9,175,113
"19","2023-01-19","Shanghai","Shanghai","Municipality",31.2304,121.4737,2.5,-3.4,9.3,5.2,0,0,10.1,13.71,169.388,247.896,138,8.292,244,176
"20","2023-01-20","Shanghai","Shanghai","Municipality",31.2304,121.4737,3.6,-0.4,9.3,4.5,0,0,19.3,12.19,69.85,110.429,71.775,12.375,244,176
"21","2023-01-21","Shanghai","Shanghai","Municipality",31.2304,121.4737,5.2,0.4,8.9,4.3,0.5,0.5,19.2,13.34,25.779,43.817,61.125,18.208,160,96
"22","2023-01-22","Shanghai","Shanghai","Municipality",31.2304,121.4737,8,6.6,11.3,9.4,8.1,8.1,15.5,3.57,31.429,46.867,68.296,8.875,92,65
"23","2023-01-23","Shanghai","Shanghai","Municipality",31.2304,121.4737,6.7,3.5,8,5,3.4,3.4,31.9,1.62,23.242,37.637,68.792,7.375,93,65
"24","2023-01-24","Shanghai","Shanghai","Municipality",31.2304,121.4737,-1.2,-5.2,2.8,-4.1,0,0,36.2,14.32,20.042,30.558,41.367,35.042,77,53
"25","2023-01-25","Shanghai","Shanghai","Municipality",31.2304,121.4737,-2.9,-6.3,1.1,-2.3,0,0,16.8,13.09,35.175,51.029,63.496,18.958,98,68
"26","2023-01-26","Shanghai","Shanghai","Municipality",31.2304,121.4737,1.8,-3,7.6,4.2,0,0,19.1,14.47,58.667,85.475,89.887,7.292,152,87
"27","2023-01-27","Shanghai","Shanghai","Municipality",31.2304,121.4737,0.5,-3.1,3.6,-3.6,0,0,32.6,14.01,41.262,64.438,52.833,21.417,152,87
"28","2023-01-28","Shanghai","Shanghai","Municipality",31.2304,121.4737,-0.7,-5.1,4.9,-0.7,0,0,18.7,15.29,77.592,111.154,91.367,12.083,161,96
"29","2023-01-29","Shanghai","Shanghai","Municipality",31.2304,121.4737,1.7,-4.1,9.3,3.8,0,0,19.5,15.19,80.254,115.758,93.192,10.792,179,117
"30","2023-01-30","Shanghai","Shanghai","Municipality",31.2304,121.4737,3.4,-3.8,12.1,9.2,0,0,14.7,15.22,96.583,140.158,114.154,11.917,185,123
"31","2023-01-31","Shanghai","Shanghai","Municipality",31.2304,121.4737,7.7,2,16.9,14.2,0,0,15.7,15.12,70.392,101.679,100.192,19.833,179,117
"32","2023-02-01","Shanghai","Shanghai","Municipality",31.2304,121.4737,6.8,2.3,11.6,6.9,0,0,28.9,9.54,71.617,113.087,99.833,18.875,179,117
"33","2023-02-02","Shanghai","Shanghai","Municipality",31.2304,121.4737,4.6,1.4,7.6,3,0.4,0.4,19,7.68,20.662,34.642,49.046,28.917,162,97
"34","2023-02-03","Shanghai","Shanghai","Municipality",31.2304,121.4737,4.7,2,7.9,4,0.7,0.7,13.7,11.51,29.483,46.85,64.279,13.125,87,63
"35","2023-02-04","Shanghai","Shanghai","Municipality",31.2304,121.4737,4.3,0.6,8.9,5.2,0,0,16.9,14.85,43.146,71.508,75.575,16.75,118,74
"36","2023-02-05","Shanghai","Shanghai","Municipality",31.2304,121.4737,6.8,1.5,11.5,8.2,1.2,1.2,16.1,8.91,41.371,75.933,76.096,29.583,126,77
"37","2023-02-06","Shanghai","Shanghai","Municipality",31.2304,121.4737,8.7,7.8,10.5,8.6,8.8,8.8,14.8,2.15,27.667,43.575,76.296,13.5,115,73
"38","2023-02-07","Shanghai","Shanghai","Municipality",31.2304,121.4737,8.3,6.3,11.5,8,1.6,1.6,16.7,8.62,27.337,45.912,69.996,18.708,85,62
"39","2023-02-08","Shanghai","Shanghai","Municipality",31.2304,121.4737,7.4,5.3,9.8,5.6,0.7,0.7,20.2,6.03,35.717,61.546,74.271,18.792,111,72
"40","2023-02-09","Shanghai","Shanghai","Municipality",31.2304,121.4737,8.4,7.1,10.4,8.1,14.1,14.1,18.7,2.67,34.796,56.304,62.2,25.667,101,69
"41","2023-02-10","Shanghai","Shanghai","Municipality",31.2304,121.4737,6.8,5.4,8.6,4.9,0,0,17.5,5.64,19.2,29.338,64.429,18.542,99,68
"42","2023-02-11","Shanghai","Shanghai","Municipality",31.2304,121.4737,8,5.2,9.5,6.7,7.2,7.2,15.8,2.89,20.5,32.275,68.921,19.417,74,48
"43","2023-02-12","Shanghai","Shanghai","Municipality",31.2304,121.4737,12.2,8.8,17.9,16.4,14.5,14.5,21.9,4.85,31.525,45.625,74.446,11.25,91,65
"44","2023-02-13","Shanghai","Shanghai","Municipality",31.2304,121.4737,6.1,3.5,9.4,7,13.5,13.5,28.1,2.95,24.604,39.154,60.567,25.333,97,67
"45","2023-02-14","Shanghai","Shanghai","Municipality",31.2304,121.4737,3.9,2.5,7.1,1.4,0,0,24.1,10.07,21.438,35.637,48.962,37.458,79,58
"46","2023-02-15","Shanghai","Shanghai","Municipality",31.2304,121.4737,4,1.2,7.7,2.7,0,0,20.9,14.88,28.842,47.929,60.275,20.375,87,63
"47","2023-02-16","Shanghai","Shanghai","Municipality",31.2304,121.4737,3.9,-0.8,8.5,6,0,0,13.4,17,39.496,62.912,75.975,18.708,114,73
"48","2023-02-17","Shanghai","Shanghai","Municipality",31.2304,121.4737,9,4.9,14.8,12.2,0.3,0.3,10.2,9.83,39.775,59.883,73.608,17.75,110,72
"49","2023-02-18","Shanghai","Shanghai","Municipality",31.2304,121.4737,13.9,9.6,21.2,20.2,1.5,1.5,14.7,16.13,70.838,103.725,103.196,14.917,163,99
"50","2023-02-19","Shanghai","Shanghai","Municipality",31.2304,121.4737,7.9,2.8,10.5,8,0.8,0.8,21.9,14.49,56.183,84.296,64.904,15.833,173,110
"51","2023-02-20","Shanghai","Shanghai","Municipality",31.2304,121.4737,5.5,0.6,10.8,7.3,0,0,18.6,18.01,47.608,73.217,77.404,16.167,150,85
"52","2023-02-21","Shanghai","Shanghai","Municipality",31.2304,121.4737,4.1,2.4,5.7,0.5,0,0,22.5,8.86,16.808,29.342,47.133,36.833,130,78
"53","2023-02-22","Shanghai","Shanghai","Municipality",31.2304,121.4737,5.6,3.6,8.2,5.4,0.5,0.5,14.1,7.02,25.279,40.658,68.425,19.042,80,59
"54","2023-02-23","Shanghai","Shanghai","Municipality",31.2304,121.4737,5.2,3.1,6.9,3.4,4.4,4.3,13.6,4.09,22.412,34.3,71.838,13.25,83,61
"55","2023-02-24","Shanghai","Shanghai","Municipality",31.2304,121.4737,6.1,3.8,11.1,7,1.6,1.6,19,14.01,32.029,48.213,73.25,19.333,90,64
"56","2023-02-25","Shanghai","Shanghai","Municipality",31.2304,121.4737,4.8,0.8,8.1,2.9,0,0,25.6,18.1,26.967,44.471,54.908,29.542,117,74
"57","2023-02-26","Shanghai","Shanghai","Municipality",31.2304,121.4737,3.6,-0.3,8.4,5.4,0,0,17.6,17.68,37.758,61.317,67.342,19.917,104,70
"58","2023-02-27","Shanghai","Shanghai","Municipality",31.2304,121.4737,5.1,0,11.4,9,0,0,13.6,17.59,42.729,70.313,78.763,28.292,135,80
"59","2023-02-28","Shanghai","Shanghai","Municipality",31.2304,121.4737,9.9,3.8,17,14.7,0.1,0.1,19.7,15.57,44.796,69.171,69.888,28,119,74
"60","2023-03-01","Shanghai","Shanghai","Municipality",31.2304,121.4737,10.8,5.7,16,13.7,1.6,1.6,20.9,11.6,82.375,122.021,92.367,10.958,174,112
"61","2023-03-02","Shanghai","Shanghai","Municipality",31.2304,121.4737,7,3.3,11.4,8.5,0,0,17.4,18.11,36.829,61.992,63.304,21.042,169,106
"62","2023-03-03","Shanghai","Shanghai","Municipality",31.2304,121.4737,6.3,0.3,12.5,10.1,0,0,13.1,16.63,43.562,66.85,80.258,20.708,121,75
"63","2023-03-04","Shanghai","Shanghai","Municipality",31.2304,121.4737,8.3,1.7,16.3,15.6,0,0,13,19.48,36.412,55.725,79.85,21.75,120,75
"64","2023-03-05","Shanghai","Shanghai","Municipality",31.2304,121.4737,10.1,4,18.4,16.2,0,0,14.1,18.8,27.496,42.429,70.417,27.333,102,69
"65","2023-03-06","Shanghai","Shanghai","Municipality",31.2304,121.4737,13,5.5,22.8,20.4,0,0,16.3,19.68,45.175,67.904,93.421,20.417,123,76
"66","2023-03-07","Shanghai","Shanghai","Municipality",31.2304,121.4737,14.4,7.9,22.5,19.8,0,0,17.7,17.94,44.262,67.117,97.638,23.708,138,81
"67","2023-03-08","Shanghai","Shanghai","Municipality",31.2304,121.4737,16.8,10.6,24,22,0,0,16.9,14.01,64.217,96.992,92.333,25.875,154,89
"68","2023-03-09","Shanghai","Shanghai","Municipality",31.2304,121.4737,18,13.2,25.8,23.9,0.6,0.6,14.5,19.6,83.187,121.192,114.025,14.5,169,106
"69","2023-03-10","Shanghai","Shanghai","Municipality",31.2304,121.4737,17.6,11.1,26.5,24.4,0,0,17.8,20.19,62.092,90.267,123.337,17.875,174,111
"70","2023-03-11","Shanghai","Shanghai","Municipality",31.2304,121.4737,15.9,11.3,22.7,19.2,0.1,0.1,23,13.21,26.458,40.971,74.833,43.708,155,90
"71","2023-03-12","Shanghai","Shanghai","Municipality",31.2304,121.4737,10.6,6.3,14.6,14.3,3.2,3.2,35.3,8.8,34.233,55.613,68.004,21.625,98,68
"72","2023-03-13","Shanghai","Shanghai","Municipality",31.2304,121.4737,8.1,4.4,13.8,10.6,0,0,17.1,20.37,24.3,38.429,56.779,35.708,98,68
"73","2023-03-14","Shanghai","Shanghai","Municipality",31.2304,121.4737,11.4,5.1,19.3,15.4,0,0,23.8,21.18,20.35,31.346,60.658,35.042,79,57
"74","2023-03-15","Shanghai","Shanghai","Municipality",31.2304,121.4737,14.4,8.7,24.8,23.3,0,0,24.8,18.12,35.367,55.717,73.6,29.5,112,68
"75","2023-03-16","Shanghai","Shanghai","Municipality",31.2304,121.4737,10.1,7.9,13.5,9.2,0.7,0.7,25.8,18.97,21.1,37.192,35.325,56.375,105,70
"76","2023-03-17","Shanghai","Shanghai","Municipality",31.2304,121.4737,8.4,6.8,9.3,6,19.4,19.4,20.9,2.4,23.304,37.046,56.954,27.583,76,52
"77","2023-03-18","Shanghai","Shanghai","Municipality",31.2304,121.4737,8.6,6.5,12.1,8.9,0,0,16.6,9.27,31.867,53.254,63.525,15.792,92,65
"78","2023-03-19","Shanghai","Shanghai","Municipality",31.2304,121.4737,9.3,6.3,12.2,8.7,0.2,0.2,15.7,8.19,44.329,82.95,70.279,22.708,122,75
"79","2023-03-20","Shanghai","Shanghai","Municipality",31.2304,121.4737,12.1,7.1,17.7,17.1,4.6,4.6,16.4,9.6,36.408,59.892,70.533,30.667,122,75
"80","2023-03-21","Shanghai","Shanghai","Municipality",31.2304,121.4737,13.7,11.9,16.1,15.7,9,9,12,9,26.975,38.521,78.104,8.5,102,69
"81","2023-03-22","Shanghai","Shanghai","Municipality",31.2304,121.4737,14.9,12.7,18.9,19.9,32,32,13.5,6.97,24.825,35.454,76.567,11.833,84,62
"82","2023-03-23","Shanghai","Shanghai","Municipality",31.2304,121.4737,12.7,10.2,15.1,14.6,0,0,23.1,7.16,26.233,40.721,74.079,10.542,92,65
"83","2023-03-24","Shanghai","Shanghai","Municipality",31.2304,121.4737,8.9,6.3,10.6,6.6,2.8,2.8,19.8,5.97,23.629,38.633,63.546,24.625,83,61
"84","2023-03-25","Shanghai","Shanghai","Municipality",31.2304,121.4737,7.6,5.5,9.3,6.3,0.4,0.4,13.9,5.96,35.25,56.287,73.908,6,99,68
"85","2023-03-26","Shanghai","Shanghai","Municipality",31.2304,121.4737,9.7,5.6,14.8,12,0,0,18.5,21.54,51.425,87.258,59.917,23.958,136,80
"86","2023-03-27","Shanghai","Shanghai","Municipality",31.2304,121.4737,10.5,5.9,16.3,14.9,0,0,14.2,21.61,46.996,75.004,70.713,25.042,151,86
"87","2023-03-28","Shanghai","Shanghai","Municipality",31.2304,121.4737,10.7,4,17.4,15.1,0,0,15.6,22.81,56.229,85.654,71.704,41.667,151,86
"88","2023-03-29","Shanghai","Shanghai","Municipality",31.2304,121.4737,11.6,8.7,15.1,12.6,3.5,3.5,12.4,6.03,35.071,57.258,71.704,32.333,151,85
"89","2023-03-30","Shanghai","Shanghai","Municipality",31.2304,121.4737,11.2,10.2,12.4,10.4,2.9,2.9,12.6,3.93,52.483,83.142,93.85,14.75,140,81
"90","2023-03-31","Shanghai","Shanghai","Municipality",31.2304,121.4737,12.6,10,16.4,14.1,0.3,0.3,14.7,12.56,36.717,58.688,67.058,38.25,145,83
"91","2023-04-01","Shanghai","Shanghai","Municipality",31.2304,121.4737,14.2,10.2,20.4,18.7,0,0,10.9,16.2,44.383,69.354,87.279,21.792,124,76
"92","2023-04-02","Shanghai","Shanghai","Municipality",31.2304,121.4737,14.2,7.8,21.9,20.8,0,0,16.4,22.7,47.379,74.425,90.188,37.125,136,80
"93","2023-04-03","Shanghai","Shanghai","Municipality",31.2304,121.4737,15.3,11,19.8,16.8,8.9,8.9,29.5,16.97,15.733,26.913,44.717,63.792,130,78
"94","2023-04-04","Shanghai","Shanghai","Municipality",31.2304,121.4737,17.5,15.3,19.8,18,9.2,9.2,39.1,6.6,19.213,32.092,52.346,51.125,68,45
"95","2023-04-05","Shanghai","Shanghai","Municipality",31.2304,121.4737,14.9,10.3,17.9,17.9,1.7,1.7,21.4,15.68,32.829,46.962,65.779,11.667,94,66
"96","2023-04-06","Shanghai","Shanghai","Municipality",31.2304,121.4737,11,7.7,14.7,12.4,7.9,7.9,12.2,8.29,53.667,77.104,71.492,2.292,143,82
"97","2023-04-07","Shanghai","Shanghai","Municipality",31.2304,121.4737,11.7,6.1,17.4,14.5,0.3,0.3,23.7,16.16,63.037,92.762,80.15,13.292,157,92
"98","2023-04-08","Shanghai","Shanghai","Municipality",31.2304,121.4737,11.5,6.4,17.2,16,0,0,12.6,23.34,44.504,68.021,86.583,13.208,155,90
"99","2023-04-09","Shanghai","Shanghai","Municipality",31.2304,121.4737,12.7,6.7,19.3,17.1,0,0,19.2,23.35,28.321,43.112,67.117,29.542,123,76
"100","2023-04-10","Shanghai","Shanghai","Municipality",31.2304,121.4737,16.6,10.3,24.5,23.3,0,0,24.9,22.78,23.908,36.625,60.625,39.167,86,63
"101","2023-04-11","Shanghai","Shanghai","Municipality",31.2304,121.4737,19.6,14.6,26.5,28.1,0.6,0.6,22.5,17.9,44.846,69.808,80.242,35.917,119,75
"102","2023-04-12","Shanghai","Shanghai","Municipality",31.2304,121.4737,14.5,10.3,18.1,15.1,0,0,23,24.09,31.767,54.45,44.379,59.708,137,80
"103","2023-04-13","Shanghai","Shanghai","Municipality",31.2304,121.4737,15.3,9.3,21.5,19,0.6,0.6,20.7,15.23,28.021,45.817,44.504,53.083,96,67
"104","2023-04-14","Shanghai","Shanghai","Municipality",31.2304,121.4737,19.3,16,24.3,25.3,0.7,0.7,16.6,11.15,46.683,67.433,79.358,21,157,82
"105","2023-04-15","Shanghai","Shanghai","Municipality",31.2304,121.4737,17.7,14.2,23.3,22.3,0.1,0.1,21.5,14.73,42.717,69.667,78.842,25.083,135,80
"106","2023-04-16","Shanghai","Shanghai","Municipality",31.2304,121.4737,17.7,12,25.2,25.2,0.9,0.9,20.6,22.26,58.412,93.829,92.512,15.75,158,93
"107","2023-04-17","Shanghai","Shanghai","Municipality",31.2304,121.4737,19.5,13.6,25.6,25.8,0,0,27.7,23.42,29.713,52.138,55.646,57.542,152,87
"108","2023-04-18","Shanghai","Shanghai","Municipality",31.2304,121.4737,23.7,18.6,30.8,32.4,0.6,0.6,22,15.73,49.971,73.029,92.596,25.542,134,79
"109","2023-04-19","Shanghai","Shanghai","Municipality",31.2304,121.4737,19.8,15.6,23.2,23.7,1.5,1.5,19.8,19.11,17.858,25.733,49.45,41.5,137,80
"110","2023-04-20","Shanghai","Shanghai","Municipality",31.2304,121.4737,17.9,14.6,23.2,23.9,0,0,18.1,20.61,22.471,32.863,46.012,48.292,75,48
"111","2023-04-21","Shanghai","Shanghai","Municipality",31.2304,121.4737,15.6,12.4,20.3,17.9,0,0,28.1,20.77,19.346,30.292,52.904,42.875,76,52
"112","2023-04-22","Shanghai","Shanghai","Municipality",31.2304,121.4737,15.2,11,20,17.8,0,0,18.8,20.83,26.246,41.55,58.463,39.375,82,61
"113","2023-04-23","Shanghai","Shanghai","Municipality",31.2304,121.4737,14.7,14,15.4,13.1,5,5,24.1,4.36,24.067,38.762,51.054,51.917,84,62
"114","2023-04-24","Shanghai","Shanghai","Municipality",31.2304,121.4737,13.9,12.7,15.8,11.6,10.9,10.9,29.3,10.77,25.179,40.517,53.592,46.25,80,60
"115","2023-04-25","Shanghai","Shanghai","Municipality",31.2304,121.4737,13.9,11.5,17.3,14.3,0,0,16.6,10.82,42.121,63.683,82.471,11.333,111,72
"116","2023-04-26","Shanghai","Shanghai","Municipality",31.2304,121.4737,15.9,11.3,21.6,19.6,0,0,19.9,23.05,54.554,82.367,83.883,22.125,154,89
"117","2023-04-27","Shanghai","Shanghai","Municipality",31.2304,121.4737,16.3,11.5,21.9,19.3,0,0,24.5,24.46,33.521,55.25,48.375,73.625,148,84
"118","2023-04-28","Shanghai","Shanghai","Municipality",31.2304,121.4737,21,15.2,28.8,28.3,4.1,4.1,18.2,18.61,45.1,68.779,77.638,47.167,122,75
"119","2023-04-29","Shanghai","Shanghai","Municipality",31.2304,121.4737,17.8,13.2,19.9,21.7,5.4,5.4,24.2,6.9,71.058,105.104,87.862,2.833,161,97
"120","2023-04-30","Shanghai","Shanghai","Municipality",31.2304,121.4737,16.9,9,24.6,22.3,0,0,17.9,25.71,65.887,99.654,85.446,9.125,161,97
"121","2023-05-01","Shanghai","Shanghai","Municipality",31.2304,121.4737,19.5,11,28.3,28.3,0,0,20.5,25.68,45.608,68.038,78.504,36.958,157,93
"122","2023-05-02","Shanghai","Shanghai","Municipality",31.2304,121.4737,19.4,13.3,25.2,22.1,0.4,0.4,33.5,25.68,19.488,31.475,37.317,74.625,125,76
"123","2023-05-03","Shanghai","Shanghai","Municipality",31.2304,121.4737,22.6,17.9,27.7,28.5,1.3,1.3,24.6,16.95,14.75,22.9,41.925,49.5,86,39
"124","2023-05-04","Shanghai","Shanghai","Municipality",31.2304,121.4737,24.6,21,31.6,33.2,7.1,7.1,24.2,14.94,28.521,41.825,60.554,23.792,122,62
"125","2023-05-05","Shanghai","Shanghai","Municipality",31.2304,121.4737,22.7,19.3,26.4,27.8,5.9,5.9,21.1,9.44,31.142,45.096,72.396,20.708,162,85
"126","2023-05-06","Shanghai","Shanghai","Municipality",31.2304,121.4737,19,15.6,22.2,21.6,2.9,2.9,20.3,11.37,30.313,45.037,71.488,11.625,100,68
"127","2023-05-07","Shanghai","Shanghai","Municipality",31.2304,121.4737,16.2,14.7,18.5,14.8,16.7,16.7,30.4,9.13,18.475,28.854,69.375,19.75,90,64
"128","2023-05-08","Shanghai","Shanghai","Municipality",31.2304,121.4737,15.5,12.1,19,18.1,0,0,20,22.17,51.537,76.175,60.788,66.292,135,80
"129","2023-05-09","Shanghai","Shanghai","Municipality",31.2304,121.4737,16.1,10.4,22.1,21.8,0,0,14.7,26.65,48.083,71.408,68.129,35.5,155,90
"130","2023-05-10","Shanghai","Shanghai","Municipality",31.2304,121.4737,16.5,10.4,22.1,21.1,0,0,15.8,18.81,37.642,55.867,72.775,37.375,131,78
"131","2023-05-11","Shanghai","Shanghai","Municipality",31.2304,121.4737,17.5,14.7,20.3,18.7,0.3,0.3,9.4,7.8,45.954,67.975,83.979,24.5,124,76
"132","2023-05-12","Shanghai","Shanghai","Municipality",31.2304,121.4737,18.8,15,24.7,24,0,0,14.1,14.95,84.296,122.617,130.088,4.833,177,108
"133","2023-05-13","Shanghai","Shanghai","Municipality",31.2304,121.4737,21.7,13.3,29,29.3,0,0,18.1,24.59,96.996,139.142,112.542,18,180,118
"134","2023-05-14","Shanghai","Shanghai","Municipality",31.2304,121.4737,26,18.1,33.5,34.1,0,0,12.6,24.74,79.492,116.488,116.583,28.417,181,119
"135","2023-05-15","Shanghai","Shanghai","Municipality",31.2304,121.4737,27.1,18.4,35.8,33.1,0,0,23.2,26.58,65.154,96.733,123.346,27.125,173,110
"136","2023-05-16","Shanghai","Shanghai","Municipality",31.2304,121.4737,24.9,19.7,30.9,29.4,0,0,31.4,22.03,29.129,45.167,62.296,55.5,157,92
"137","2023-05-17","Shanghai","Shanghai","Municipality",31.2304,121.4737,21.4,20.4,22.8,23.7,24.2,24.2,31.1,4.77,12.742,20.021,57.808,47.5,88,63
"138","2023-05-18","Shanghai","Shanghai","Municipality",31.2304,121.4737,21.2,18.4,24.5,24.7,0.3,0.3,27.7,15.46,25.55,37.3,85.758,11.167,83,61
"139","2023-05-19","Shanghai","Shanghai","Municipality",31.2304,121.4737,20,16.9,24.3,25.1,0.1,0.1,18.1,17.67,19.204,28.737,72.396,32.5,81,60
"140","2023-05-20","Shanghai","Shanghai","Municipality",31.2304,121.4737,19,15.9,23.3,23.4,0,0,15.4,14.7,16.642,25.396,67.133,44.667,69,53
"141","2023-05-21","Shanghai","Shanghai","Municipality",31.2304,121.4737,21.7,17.3,27.3,30.3,0.7,0.7,19.4,18.49,13.879,22.133,51.65,47.917,64,36
"142","2023-05-22","Shanghai","Shanghai","Municipality",31.2304,121.4737,17.7,15.4,19.9,21.1,23.3,23.3,27.1,7.52,23.092,35.471,64.05,41.167,79,53
"143","2023-05-23","Shanghai","Shanghai","Municipality",31.2304,121.4737,18.6,12.1,24.9,25,0,0,12.2,27.41,48.883,70.942,81.792,31.125,129,78
"144","2023-05-24","Shanghai","Shanghai","Municipality",31.2304,121.4737,17.8,14.7,20.8,20.1,0.8,0.8,16.2,7.69,37.475,55.5,66.113,55.625,145,83
"145","2023-05-25","Shanghai","Shanghai","Municipality",31.2304,121.4737,20.4,14.4,26.4,27.8,0,0,21.7,21.32,27.412,43.213,41.962,67.917,105,70
"146","2023-05-26","Shanghai","Shanghai","Municipality",31.2304,121.4737,22.8,17.5,28.4,32,2.4,2.4,18.4,22.6,21.083,32.358,46.804,56.208,85,62
"147","2023-05-27","Shanghai","Shanghai","Municipality",31.2304,121.4737,23.6,21.5,27.3,28.4,17,17,30.7,16.38,12.538,20.396,52.092,45.542,73,45
"148","2023-05-28","Shanghai","Shanghai","Municipality",31.2304,121.4737,25.6,21.4,31.2,33.8,0.3,0.3,22.5,24.26,15.962,25.062,49.079,37.25,63,34
"149","2023-05-29","Shanghai","Shanghai","Municipality",31.2304,121.4737,27.6,22.9,35.1,42.5,1.5,1.5,18.8,23.65,52.996,76.1,59.029,10.292,140,81
"150","2023-05-30","Shanghai","Shanghai","Municipality",31.2304,121.4737,24,21.2,28.3,31.4,0,0,17.2,16.15,21.362,31.083,52.571,9.917,150,85
"151","2023-05-31","Shanghai","Shanghai","Municipality",31.2304,121.4737,22.7,20.3,27,30.7,1.9,1.9,15.7,18.21,18.229,26.921,62.079,38,75,45
"152","2023-06-01","Shanghai","Shanghai","Municipality",31.2304,121.4737,24.1,20.3,30.3,34,0.2,0.2,20,19.44,16.471,24.104,55.392,8.917,71,42
"153","2023-06-02","Shanghai","Shanghai","Municipality",31.2304,121.4737,26,19.8,32.4,34.6,0,0,20,26.44,60.567,87.837,94.388,30.083,152,86
"154","2023-06-03","Shanghai","Shanghai","Municipality",31.2304,121.4737,23.2,20.3,26.7,26.4,0,0,18.4,19.78,27.275,43.225,68.142,45.583,154,89
"155","2023-06-04","Shanghai","Shanghai","Municipality",31.2304,121.4737,22.1,18.3,26,23.8,0,0,19.6,11.94,32.575,47.912,82.988,28.792,98,67
"156","2023-06-05","Shanghai","Shanghai","Municipality",31.2304,121.4737,23.4,19.1,29.2,31,6.3,6.3,17.9,9.12,34.354,52.75,72.85,35.625,114,67
"157","2023-06-06","Shanghai","Shanghai","Municipality",31.2304,121.4737,21.3,18,26.4,27.7,4.5,4.5,18.7,19.27,32.792,47.825,93.946,9.667,104,70
"158","2023-06-07","Shanghai","Shanghai","Municipality",31.2304,121.4737,22.2,17.5,27.1,28.9,4.1,4.1,18.1,17.14,53.083,76.5,77.604,34.042,153,88
"159","2023-06-08","Shanghai","Shanghai","Municipality",31.2304,121.4737,25.4,21.6,31.7,35.3,4,4,22.3,22.32,112.033,160.471,123.65,21.583,187,126
"160","2023-06-09","Shanghai","Shanghai","Municipality",31.2304,121.4737,27.2,21.5,34,36.6,0,0,17.5,24.17,105.821,151.4,118.854,33.542,201,141
"161","2023-06-10","Shanghai","Shanghai","Municipality",31.2304,121.4737,26.3,21.3,32.1,35.6,0.2,0.2,19.5,23.57,52.404,75.817,58.75,58.167,186,125
"162","2023-06-11","Shanghai","Shanghai","Municipality",31.2304,121.4737,24.5,21.2,28.8,32,0.3,0.3,17.9,19.07,22.429,33.658,60.729,48.875,142,82
"163","2023-06-12","Shanghai","Shanghai","Municipality",31.2304,121.4737,23.9,21.1,27.3,29.5,0.4,0.4,17.4,19.26,11.846,17.771,54.604,20.667,76,51
"164","2023-06-13","Shanghai","Shanghai","Municipality",31.2304,121.4737,22.7,20.3,25.7,27.4,3.1,3.1,16.3,8.05,18.317,27.267,64.438,15.833,66,39
"165","2023-06-14","Shanghai","Shanghai","Municipality",31.2304,121.4737,24.1,19.5,30.7,35.4,9.9,9.9,17.1,21.99,90.875,131.129,102.154,23.167,174,111
"166","2023-06-15","Shanghai","Shanghai","Municipality",31.2304,121.4737,25.2,19.5,31.7,33.2,0,0,16.6,25.42,87.638,127.671,119.608,29.958,192,132
"167","2023-06-16","Shanghai","Shanghai","Municipality",31.2304,121.4737,24.4,20.1,29.5,30.8,1,1,16.4,13.76,75.925,111.988,87.842,35.875,173,110
"168","2023-06-17","Shanghai","Shanghai","Municipality",31.2304,121.4737,22.3,20.5,24.3,25.3,5.1,5.1,20,5.61,13.958,21.5,62.125,42.667,165,101
"169","2023-06-18","Shanghai","Shanghai","Municipality",31.2304,121.4737,23.6,22.1,26.4,31.1,27.4,27.4,13.5,6.19,26.692,38.267,75.513,9.75,81,60
"170","2023-06-19","Shanghai","Shanghai","Municipality",31.2304,121.4737,24.1,22.3,26.3,29.7,64.5,64.5,19.7,7.59,57,81.883,82.333,11.292,152,87
"171","2023-06-20","Shanghai","Shanghai","Municipality",31.2304,121.4737,26.7,23.5,30.4,34.4,2.1,2.1,17.5,19.69,59.558,85.225,109.563,12.5,161,97
"172","2023-06-21","Shanghai","Shanghai","Municipality",31.2304,121.4737,26.8,22.5,31.1,35.5,0.1,0.1,12,24.39,129.517,187.371,126.317,25.25,198,138
"173","2023-06-22","Shanghai","Shanghai","Municipality",31.2304,121.4737,26.3,22.1,31.4,34.1,0,0,8.7,13.92,310.571,444.492,171.925,9.292,387,290
"174","2023-06-23","Shanghai","Shanghai","Municipality",31.2304,121.4737,23.5,20.2,27.3,30.5,2.7,2.7,22,16.37,89.892,128.771,103.125,11.458,385,288
"175","2023-06-24","Shanghai","Shanghai","Municipality",31.2304,121.4737,22.6,20.1,25.2,28.5,116.6,116.6,25.3,3.57,41.225,59.779,58.212,35,175,112
"176","2023-06-25","Shanghai","Shanghai","Municipality",31.2304,121.4737,25.6,23.6,28.7,32.7,7.6,7.6,25,8.2,46.842,67.279,73.925,8.875,132,79
"177","2023-06-26","Shanghai","Shanghai","Municipality",31.2304,121.4737,26.4,23.9,29.7,32.6,8.6,8.6,24.5,10.96,67.9,98.179,93.162,11.458,157,92
"178","2023-06-27","Shanghai","Shanghai","Municipality",31.2304,121.4737,26.9,23.6,30.6,34.6,5.6,5.6,19.5,15.82,87.188,126.254,78.762,21.167,174,112
"179","2023-06-28","Shanghai","Shanghai","Municipality",31.2304,121.4737,29.1,25.2,33.6,39.7,0.2,0.2,17.1,24.02,77.55,113.304,60.65,64.125,176,114
"180","2023-06-29","Shanghai","Shanghai","Municipality",31.2304,121.4737,30.1,27,34.9,40.1,1.4,1.4,20.3,20.2,76.612,110.837,81.629,55.208,166,102
"181","2023-06-30","Shanghai","Shanghai","Municipality",31.2304,121.4737,27.1,24.7,28.7,33.8,20,20,17,6.39,64.833,92.854,97.896,4.583,171,108
"182","2023-07-01","Shanghai","Shanghai","Municipality",31.2304,121.4737,27.6,23.8,32.2,38,6.2,6.2,17.7,22.37,86.612,124.629,90.938,81.083,172,109
"183","2023-07-02","Shanghai","Shanghai","Municipality",31.2304,121.4737,28.7,25,33.5,40,8,8,11.6,16.16,83.908,120.954,99.754,39.583,179,117
"184","2023-07-03","Shanghai","Shanghai","Municipality",31.2304,121.4737,27.8,26,30.4,37.3,9.4,9.4,13.3,8.26,129.05,185.354,120.054,36.5,198,138
"185","2023-07-04","Shanghai","Shanghai","Municipality",31.2304,121.4737,29.9,26.9,34.2,39.9,1.2,1.2,20.2,19.51,65.667,94.783,82.738,43.292,206,145
"186","2023-07-05","Shanghai","Shanghai","Municipality",31.2304,121.4737,27.2,25,30.5,35.4,0.6,0.6,16.7,18.12,59.575,85.087,112.442,31.667,159,94
"187","2023-07-06","Shanghai","Shanghai","Municipality",31.2304,121.4737,29.1,24.5,33.5,39.7,5.4,5.4,15.5,18.01,84.379,120.817,81.95,69.375,171,108
"188","2023-07-07","Shanghai","Shanghai","Municipality",31.2304,121.4737,30.6,27.2,35,40.3,3.2,3.2,17.7,17.15,57.646,83.542,91.704,37.25,171,108
"189","2023-07-08","Shanghai","Shanghai","Municipality",31.2304,121.4737,27.6,26.3,28.6,35.5,35.1,35.1,15,4.22,88.95,128.008,103.863,15.417,172,109
"190","2023-07-09","Shanghai","Shanghai","Municipality",31.2304,121.4737,28.2,25,31.3,38.2,16.8,16.8,21.9,12.19,99.646,143.342,103.271,12.875,198,139
"191","2023-07-10","Shanghai","Shanghai","Municipality",31.2304,121.4737,28.7,25.5,32.7,40.2,1.2,1.2,16.8,19.94,114.588,164.746,80.096,50.708,193,133
"192","2023-07-11","Shanghai","Shanghai","Municipality",31.2304,121.4737,30.7,26.8,36.2,43.6,0,0,15.7,24.98,73.3,106.708,59.712,99.208,192,132
"193","2023-07-12","Shanghai","Shanghai","Municipality",31.2304,121.4737,31.6,27.2,36.9,43.2,0,0,15.3,24.99,72.892,105.463,67.908,90.792,164,100
"194","2023-07-13","Shanghai","Shanghai","Municipality",31.2304,121.4737,31,27.6,35.9,41.9,0,0,16.4,16.34,69.379,101.342,72.287,58.75,162,98
"195","2023-07-14","Shanghai","Shanghai","Municipality",31.2304,121.4737,31.2,27.8,35.6,41.4,0.1,0.1,17.9,22.9,69.171,101.458,72.262,76.833,161,97
"196","2023-07-15","Shanghai","Shanghai","Municipality",31.2304,121.4737,29.6,26.5,33.8,41.4,2.7,2.7,14,21.89,64.092,93.017,72.188,54.792,160,95
"197","2023-07-16","Shanghai","Shanghai","Municipality",31.2304,121.4737,27.9,25.4,31.9,38.5,18.2,18.2,16.8,16.37,24.433,37.3,35.779,27.625,156,92
"198","2023-07-17","Shanghai","Shanghai","Municipality",31.2304,121.4737,27.3,25.3,30.3,35.2,15.5,15.5,20.6,19.7,14.117,22.55,26.583,24.958,79,58
"199","2023-07-18","Shanghai","Shanghai","Municipality",31.2304,121.4737,27.9,24.5,31.9,38.8,2,2,13.1,22.89,27.117,40.529,39.817,13.417,87,63
"200","2023-07-19","Shanghai","Shanghai","Municipality",31.2304,121.4737,27.2,25.5,30.4,36.4,3.3,3.3,13.7,14.88,23.487,35.954,40.546,15.958,84,62
"201","2023-07-20","Shanghai","Shanghai","Municipality",31.2304,121.4737,26.5,25,29.4,35.4,46.3,46.3,13.3,9.91,67.788,98.992,65.517,38.625,157,92
"202","2023-07-21","Shanghai","Shanghai","Municipality",31.2304,121.4737,28,24.9,31.8,38,11.8,11.8,13,16.62,80.608,115.729,84.683,75,177,115
"203","2023-07-22","Shanghai","Shanghai","Municipality",31.2304,121.4737,27.8,26.2,31,36.7,15.8,15.8,19.3,9.81,53.579,77.033,60.258,58.125,168,104
"204","2023-07-23","Shanghai","Shanghai","Municipality",31.2304,121.4737,28.2,25.8,32.3,39.2,9,9,17.9,18.58,49.454,70.813,82.713,59.375,155,90
"205","2023-07-24","Shanghai","Shanghai","Municipality",31.2304,121.4737,27.7,24.9,31.4,38,14.3,14.3,20.8,18.89,46.283,67.079,68.167,61.458,144,82
"206","2023-07-25","Shanghai","Shanghai","Municipality",31.2304,121.4737,28.9,26.7,31.5,35.8,0.5,0.5,22.1,21.24,19.138,29.954,33.204,21.042,127,77
"207","2023-07-26","Shanghai","Shanghai","Municipality",31.2304,121.4737,28.6,26.3,31.3,35.4,1.3,1.3,22.4,19.61,18.35,29.783,29.675,22.083,72,42
"208","2023-07-27","Shanghai","Shanghai","Municipality",31.2304,121.4737,26.9,25.2,29.4,33.1,9.5,9.5,22.6,13.48,14.596,23.096,25.271,10.625,68,37
"209","2023-07-28","Shanghai","Shanghai","Municipality",31.2304,121.4737,27,25.4,28.8,31.5,14.1,14.1,31.1,11.58,11.308,18.204,21.188,16.042,61,29
"210","2023-07-29","Shanghai","Shanghai","Municipality",31.2304,121.4737,27.3,26.5,28.3,31.8,13.9,13.9,28.5,7.87,13.129,20.829,24.537,10.625,58,26
"211","2023-07-30","Shanghai","Shanghai","Municipality",31.2304,121.4737,28.2,26.8,30.5,34.2,1.2,1.2,27.1,15.28,13.883,22.021,25.421,12,59,28
"212","2023-07-31","Shanghai","Shanghai","Municipality",31.2304,121.4737,28.1,25.3,31.3,36.7,1.3,1.3,22.6,23.93,13.796,22.162,29.242,20.25,60,29
"213","2023-08-01","Shanghai","Shanghai","Municipality",31.2304,121.4737,27.7,25.5,30.9,35.7,1,1,23.7,20.33,13.05,23.262,24.208,35.792,59,31
"214","2023-08-02","Shanghai","Shanghai","Municipality",31.2304,121.4737,28.6,26.6,31.4,37.2,0.7,0.7,21.8,24.79,13.821,24.708,25.846,47.667,62,31
"215","2023-08-03","Shanghai","Shanghai","Municipality",31.2304,121.4737,28.6,26.7,31.2,35.3,0.4,0.4,25.6,24,11.879,20.483,24.75,37.75,59,28
"216","2023-08-04","Shanghai","Shanghai","Municipality",31.2304,121.4737,28.6,26.5,31.6,36.5,0.1,0.1,22.8,24.42,12.188,20.538,29.7,34.583,56,28
"217","2023-08-05","Shanghai","Shanghai","Municipality",31.2304,121.4737,28.8,26.4,31.9,37.7,0.5,0.5,18.8,23.54,16.158,25.988,43.721,28.958,62,37
"218","2023-08-06","Shanghai","Shanghai","Municipality",31.2304,121.4737,29,25.2,33.3,39.8,0.1,0.1,12.9,24.04,41.554,62.229,61.379,17.708,113,72
"219","2023-08-07","Shanghai","Shanghai","Municipality",31.2304,121.4737,28.9,26.5,32.7,38.7,0.3,0.3,18.3,23.72,27.371,45.1,54.492,41.667,118,74
"220","2023-08-08","Shanghai","Shanghai","Municipality",31.2304,121.4737,28.4,25.9,32.7,38.1,1.2,1.2,20.5,23.57,25.725,43.758,60.325,56.708,85,62
"221","2023-08-09","Shanghai","Shanghai","Municipality",31.2304,121.4737,28.2,25.1,32.5,37.7,3.3,3.3,21.6,21.86,33.212,53.3,76.962,40.375,96,67
"222","2023-08-10","Shanghai","Shanghai","Municipality",31.2304,121.4737,29.2,25.9,33,37.7,0.3,0.3,18.6,23.82,38.442,60.317,75.879,42.042,103,69
"223","2023-08-11","Shanghai","Shanghai","Municipality",31.2304,121.4737,29.5,25.1,34.1,40,0.1,0.1,11,24.6,118.104,177.217,95.908,57.792,194,134
"224","2023-08-12","Shanghai","Shanghai","Municipality",31.2304,121.4737,29.9,26.2,34.5,40.7,0,0,14.9,25.64,41.967,63.504,48.608,78.417,195,134
"225","2023-08-13","Shanghai","Shanghai","Municipality",31.2304,121.4737,29.6,26.2,34.8,41.8,0,0,17.5,25.48,32.267,49.2,48.15,50.958,116,74
"226","2023-08-14","Shanghai","Shanghai","Municipality",31.2304,121.4737,29,26.3,32.5,38.3,2.7,2.7,15,21.09,15.267,25.175,53.812,44.5,96,67
"227","2023-08-15","Shanghai","Shanghai","Municipality",31.2304,121.4737,28.2,26.1,30,33.6,2.9,2.9,14.2,9.83,20.446,35.025,47.467,38.625,69,38
"228","2023-08-16","Shanghai","Shanghai","Municipality",31.2304,121.4737,27.9,24,32.2,39.2,0.8,0.8,10.2,22.99,73.492,111.337,78.333,28,159,95
"229","2023-08-17","Shanghai","Shanghai","Municipality",31.2304,121.4737,27.7,24.6,31.2,36.9,5.5,5.5,9,18.72,80.625,120.029,72.313,36.25,180,118
"230","2023-08-18","Shanghai","Shanghai","Municipality",31.2304,121.4737,26.3,23.4,31.1,37,9.7,9.7,15.9,20.41,40.012,63.008,59.512,60.5,168,105
"231","2023-08-19","Shanghai","Shanghai","Municipality",31.2304,121.4737,27.7,23.4,32.3,37.1,0,0,18.3,23.61,40.242,62.037,43.867,77.917,111,72
"232","2023-08-20","Shanghai","Shanghai","Municipality",31.2304,121.4737,28.1,25.1,31.9,37.6,3.2,3.2,20.1,21,44.296,68.129,42.592,67.792,140,81
"233","2023-08-21","Shanghai","Shanghai","Municipality",31.2304,121.4737,29.6,26.7,33.1,38.1,0,0,18.4,23.36,27.079,40.062,50.433,74.375,122,75
"234","2023-08-22","Shanghai","Shanghai","Municipality",31.2304,121.4737,27.8,24.9,33.3,39.8,14.2,14.2,11,17.78,70.563,101.292,107.179,56.708,159,94
"235","2023-08-23","Shanghai","Shanghai","Municipality",31.2304,121.4737,26.9,24.2,30,36.1,3,3,14.3,18.49,43.475,69.171,73.038,48.75,164,100
"236","2023-08-24","Shanghai","Shanghai","Municipality",31.2304,121.4737,27.5,23.5,31.3,37,0,0,10.5,23.45,34.783,59.796,73.171,46.375,120,75
"237","2023-08-25","Shanghai","Shanghai","Municipality",31.2304,121.4737,27.4,24.4,31.2,35.4,0,0,15,24.52,25.429,45.471,60.804,70.667,99,68
"238","2023-08-26","Shanghai","Shanghai","Municipality",31.2304,121.4737,27.2,23,31.5,35.7,1,1,19.4,20.43,22.488,41.133,46.704,82.625,101,64
"239","2023-08-27","Shanghai","Shanghai","Municipality",31.2304,121.4737,27.8,25.4,30.6,36,4,4,24.1,15.79,29.567,45.433,35.779,59.875,91,65
"240","2023-08-28","Shanghai","Shanghai","Municipality",31.2304,121.4737,27.5,22.6,31.3,35.9,11.8,11.8,22.7,10.21,24.529,37.187,50.517,24.5,89,64
"241","2023-08-29","Shanghai","Shanghai","Municipality",31.2304,121.4737,23,21.6,24.4,28,35.7,35.7,12.3,3.68,41.287,59.458,74.833,3.917,124,76
"242","2023-08-30","Shanghai","Shanghai","Municipality",31.2304,121.4737,22.6,20.7,23.9,26.4,21.7,21.7,23.6,7.78,20.625,32.312,54.983,56.042,114,73
"243","2023-08-31","Shanghai","Shanghai","Municipality",31.2304,121.4737,23.5,20.5,27.2,28.8,2.3,2.3,19.3,14.45,32.9,52.417,64.921,42.958,96,67
"244","2023-09-01","Shanghai","Shanghai","Municipality",31.2304,121.4737,24.6,21.4,28.1,30,0,0,23,20.26,18.592,35.829,40.583,80.167,95,66
"245","2023-09-02","Shanghai","Shanghai","Municipality",31.2304,121.4737,25.6,22.8,28.7,31.9,0,0,23.2,23.25,23.271,45.167,33.412,97.5,87,61
"246","2023-09-03","Shanghai","Shanghai","Municipality",31.2304,121.4737,26.1,23.6,30.4,36.2,24.9,24.9,13,14.8,22.208,37.412,45.546,20.833,85,62
"247","2023-09-04","Shanghai","Shanghai","Municipality",31.2304,121.4737,26.8,23.7,30,34.8,1.1,1.1,19.6,20.8,13.85,22.742,32.725,15.542,75,49
"248","2023-09-05","Shanghai","Shanghai","Municipality",31.2304,121.4737,26.6,24.9,29.4,33.3,0.1,0.1,17.6,10.47,17.313,30.167,45.958,34.833,66,35
"249","2023-09-06","Shanghai","Shanghai","Municipality",31.2304,121.4737,26.7,24.3,30.1,34.7,0.2,0.2,15.8,21.25,17.138,30.508,43.979,30.958,67,36
"250","2023-09-07","Shanghai","Shanghai","Municipality",31.2304,121.4737,26.3,23.7,29.7,34,0,0,14.8,21.84,25.908,45.338,52.483,74.542,87,63
"251","2023-09-08","Shanghai","Shanghai","Municipality",31.2304,121.4737,25.6,22.3,30.1,34.8,0.1,0.1,14.2,22.21,26.046,45.421,53.7,67.25,87,63
"252","2023-09-09","Shanghai","Shanghai","Municipality",31.2304,121.4737,24.6,19.9,29.8,33.4,0,0,15.5,21.2,25.562,44.625,52.129,67.375,82,61
"253","2023-09-10","Shanghai","Shanghai","Municipality",31.2304,121.4737,25,19.6,30.8,34.2,0,0,12.6,22.36,49.096,77.242,63.463,59.417,133,79
"254","2023-09-11","Shanghai","Shanghai","Municipality",31.2304,121.4737,26.3,22.6,31.5,36.8,5.8,5.8,11.3,18.11,41.117,64.671,48.058,63.5,134,79
"255","2023-09-12","Shanghai","Shanghai","Municipality",31.2304,121.4737,26.2,24.1,29.1,32.2,2.6,2.6,17,11.87,30.975,49.979,43.288,58.625,114,73
"256","2023-09-13","Shanghai","Shanghai","Municipality",31.2304,121.4737,25.8,23,29.4,32.6,26.6,26.6,19.2,8.96,30.121,47.546,51.671,38.708,91,65
"257","2023-09-14","Shanghai","Shanghai","Municipality",31.2304,121.4737,24.6,22.9,26.9,29.7,11.8,11.8,19.1,11.35,34.625,52.521,71.029,20.167,111,72
"258","2023-09-15","Shanghai","Shanghai","Municipality",31.2304,121.4737,25.1,23.1,28.7,34.8,11.9,11.9,10.4,10.57,59.371,85.746,86.554,18.833,151,85
"259","2023-09-16","Shanghai","Shanghai","Municipality",31.2304,121.4737,24,22.1,26.7,31.9,13.9,13.9,10.9,8.35,69.458,99.458,93.075,5.167,167,103
"260","2023-09-17","Shanghai","Shanghai","Municipality",31.2304,121.4737,24.8,21.1,29.2,34.3,0.9,0.9,10.5,19.52,62.458,90.604,83.171,9.958,166,102
"261","2023-09-18","Shanghai","Shanghai","Municipality",31.2304,121.4737,26.7,22.6,31.4,36.3,0.1,0.1,13.7,19.88,82.392,120.558,53.929,105.5,178,107
"262","2023-09-19","Shanghai","Shanghai","Municipality",31.2304,121.4737,28.2,24.8,32.1,37.2,0,0,20.7,20.45,21.229,33.75,46.412,36.792,169,106
"263","2023-09-20","Shanghai","Shanghai","Municipality",31.2304,121.4737,26.6,23.6,29.9,33.2,4.5,4.5,21.7,10.44,34.958,51.308,67.671,11.875,97,67
"264","2023-09-21","Shanghai","Shanghai","Municipality",31.2304,121.4737,22.9,21.2,24.3,27,3.6,3.6,15.6,6.29,24.721,39.925,63.1,29.375,114,73
"265","2023-09-22","Shanghai","Shanghai","Municipality",31.2304,121.4737,21.5,18.9,23,25.2,17.4,17.4,14.7,4.94,20.683,33.662,64.033,25.5,80,60
"266","2023-09-23","Shanghai","Shanghai","Municipality",31.2304,121.4737,21.2,19.8,22.6,25.3,13.8,13.8,19.3,6.14,17.408,28.454,55.079,38.5,72,43
"267","2023-09-24","Shanghai","Shanghai","Municipality",31.2304,121.4737,23.8,21.4,27,30.6,3,3,18,7.39,29,47.733,52.887,37.5,87,63
"268","2023-09-25","Shanghai","Shanghai","Municipality",31.2304,121.4737,24.7,20.6,28.7,33,1.2,1.2,9.5,15.66,75.021,111.379,81.275,2.958,163,99
"269","2023-09-26","Shanghai","Shanghai","Municipality",31.2304,121.4737,25,21.7,28.3,32.9,1.1,1.1,11.2,16.23,59.054,87.183,74.883,22.792,173,111
"270","2023-09-27","Shanghai","Shanghai","Municipality",31.2304,121.4737,25.3,21.8,29.1,34.4,3,3,7.7,16.17,54.821,82.6,81.746,36.75,153,87
"271","2023-09-28","Shanghai","Shanghai","Municipality",31.2304,121.4737,25.1,22.9,28.6,33.5,1.7,1.7,14.3,15.6,51.196,77.325,84.442,30.042,158,94
"272","2023-09-29","Shanghai","Shanghai","Municipality",31.2304,121.4737,24.9,22.4,28,31.8,1.3,1.3,13.2,13.15,64.163,99.858,62.533,77.458,155,90
"273","2023-09-30","Shanghai","Shanghai","Municipality",31.2304,121.4737,23.4,20.5,26.1,28.2,1.1,1.1,19.4,12.39,48.433,71.129,72.917,40.625,169,106
"274","2023-10-01","Shanghai","Shanghai","Municipality",31.2304,121.4737,21.7,19.3,25.5,26.2,0,0,20.2,16.92,25.037,44.471,55.462,44.708,132,79
"275","2023-10-02","Shanghai","Shanghai","Municipality",31.2304,121.4737,21.3,18.6,24.6,23.4,0,0,18.8,14.38,13.592,23.975,38.429,52.833,80,60
"276","2023-10-03","Shanghai","Shanghai","Municipality",31.2304,121.4737,21.9,18.6,25.6,26.6,0.1,0.1,16.6,10.94,20.942,36.642,61.729,37.5,72,42
"277","2023-10-04","Shanghai","Shanghai","Municipality",31.2304,121.4737,21.9,18.7,25.3,26.4,0,0,20,14.59,19.4,35.463,49.488,54.625,74,47
"278","2023-10-05","Shanghai","Shanghai","Municipality",31.2304,121.4737,20.5,18.2,23.4,21.1,0,0,29.4,13.28,20.163,37.379,31.979,60.417,75,48
"279","2023-10-06","Shanghai","Shanghai","Municipality",31.2304,121.4737,20.5,18.3,23.3,22,0.2,0.2,21,8.43,15.212,27.188,39.863,41.375,71,41
"280","2023-10-07","Shanghai","Shanghai","Municipality",31.2304,121.4737,19.9,18.1,22.5,20.5,1.8,1.8,24.5,4.23,19.933,33.563,38,45,71,40
"281","2023-10-08","Shanghai","Shanghai","Municipality",31.2304,121.4737,19.6,17.2,22.5,21.9,1.4,1.4,18.8,11.3,24.337,40.4,49.908,31.625,77,53
"282","2023-10-09","Shanghai","Shanghai","Municipality",31.2304,121.4737,18.8,16.4,22.2,21.5,0,0,20.2,7.33,43.062,71.583,73.158,21.167,118,74
"283","2023-10-10","Shanghai","Shanghai","Municipality",31.2304,121.4737,19.6,16.2,23.1,22.6,0,0,14.8,9.67,40.108,69.054,68.875,23.875,122,75
"284","2023-10-11","Shanghai","Shanghai","Municipality",31.2304,121.4737,19.4,16.4,23.2,22.9,0,0,16.2,15.75,29.688,51.346,61.092,30.5,112,72
"285","2023-10-12","Shanghai","Shanghai","Municipality",31.2304,121.4737,18.9,15.6,22.4,22.3,5.8,5.8,14.5,8.38,23.642,39.888,64.342,37.75,89,64
"286","2023-10-13","Shanghai","Shanghai","Municipality",31.2304,121.4737,18.3,15.5,19.5,21.4,2.9,2.9,7.9,3.09,40.992,65.325,77.25,11.75,109,71
"287","2023-10-14","Shanghai","Shanghai","Municipality",31.2304,121.4737,18.2,14.2,23.5,22.8,0,0,15.1,15.58,93.871,140.85,84.7,6.292,176,113
"288","2023-10-15","Shanghai","Shanghai","Municipality",31.2304,121.4737,18.8,13.8,24.7,24.4,0.6,0.6,18.4,16.63,109.738,162.842,101.563,13.333,187,126
"289","2023-10-16","Shanghai","Shanghai","Municipality",31.2304,121.4737,18.3,12,24.1,24,0,0,11.4,18.12,113.7,173.517,84.696,25.125,213,151
"290","2023-10-17","Shanghai","Shanghai","Municipality",31.2304,121.4737,18.6,13.8,24.2,26.3,0.1,0.1,10.8,16.98,54.475,92.908,71.083,17.667,192,131
"291","2023-10-18","Shanghai","Shanghai","Municipality",31.2304,121.4737,19.1,13.9,24.6,24.6,0,0,16.8,17.56,42.575,74.2,58.05,44.167,147,84
"292","2023-10-19","Shanghai","Shanghai","Municipality",31.2304,121.4737,20.9,15.5,27.1,29.5,0.1,0.1,10.5,16.55,84.975,130.542,93.65,18.167,168,104
"293","2023-10-20","Shanghai","Shanghai","Municipality",31.2304,121.4737,17.5,14.9,20.4,19.7,0.8,0.8,27.4,9.79,33.688,54.325,53.592,25.292,177,115
"294","2023-10-21","Shanghai","Shanghai","Municipality",31.2304,121.4737,15.9,11.5,20.4,19.5,0,0,14.1,17.41,37.45,57.9,55.825,12.125,101,69
"295","2023-10-22","Shanghai","Shanghai","Municipality",31.2304,121.4737,16.8,11.5,22.5,20.9,0,0,15.2,12.84,31.183,51.321,59.604,21.458,115,73
"296","2023-10-23","Shanghai","Shanghai","Municipality",31.2304,121.4737,18.7,13.9,23.8,23.6,0.5,0.5,12.5,13.61,21.85,36.412,52.658,37.417,92,65
"297","2023-10-24","Shanghai","Shanghai","Municipality",31.2304,121.4737,20.5,15.7,26.1,26.9,0.1,0.1,10.5,14.74,38.517,60.15,60.337,20.667,101,69
"298","2023-10-25","Shanghai","Shanghai","Municipality",31.2304,121.4737,19.7,13.5,25.4,27.8,0,0,10.3,12.33,80.004,118.129,66.762,4.042,169,106
"299","2023-10-26","Shanghai","Shanghai","Municipality",31.2304,121.4737,20.2,16.3,25.8,27.5,0,0,8.2,15.28,62.767,94.988,62.542,10.167,168,104
"300","2023-10-27","Shanghai","Shanghai","Municipality",31.2304,121.4737,19,16.1,23.2,22.8,0,0,16.1,13.76,58.921,91.529,54.938,20.333,172,109
"301","2023-10-28","Shanghai","Shanghai","Municipality",31.2304,121.4737,18.3,14.5,23.4,22.3,0,0,12.7,15.13,28.621,49.025,56.346,16.458,152,87
"302","2023-10-29","Shanghai","Shanghai","Municipality",31.2304,121.4737,17.9,12.8,24,23.5,0,0,14.5,15.6,29.854,54.771,59.433,24.25,96,67
"303","2023-10-30","Shanghai","Shanghai","Municipality",31.2304,121.4737,19,13.4,25.1,25.5,0.1,0.1,9.8,15.09,26.971,47.75,60.875,28.875,89,64
"304","2023-10-31","Shanghai","Shanghai","Municipality",31.2304,121.4737,19.7,14.5,25.8,26,0,0,13.4,15.5,31.058,50.504,64.829,22.375,95,66
"305","2023-11-01","Shanghai","Shanghai","Municipality",31.2304,121.4737,20.7,16,27.7,26.6,0,0,16.3,15.64,28.779,45.058,63.638,26.958,92,65
"306","2023-11-02","Shanghai","Shanghai","Municipality",31.2304,121.4737,20.7,15.3,25.6,24.2,0,0,24.4,15.43,17.267,30.504,45.45,55,87,63
"307","2023-11-03","Shanghai","Shanghai","Municipality",31.2304,121.4737,21.7,16.5,28.3,29.6,0,0,14,15.01,38.925,59.071,72.113,16.875,108,71
"308","2023-11-04","Shanghai","Shanghai","Municipality",31.2304,121.4737,21.6,18.3,27.1,28.4,4.7,4.7,18.3,9.71,18.192,28.671,62.883,14.125,109,71
"309","2023-11-05","Shanghai","Shanghai","Municipality",31.2304,121.4737,23.5,20.6,27.4,28.6,6.5,6.5,30.3,13.47,16.796,25.15,53.421,28,67,56
"310","2023-11-06","Shanghai","Shanghai","Municipality",31.2304,121.4737,15,10,19.2,18.4,0.1,0.1,26.9,12.24,28.562,41.45,55.879,9.5,88,63
"311","2023-11-07","Shanghai","Shanghai","Municipality",31.2304,121.4737,11.7,7.7,16.4,14,0,0,11.6,15.58,45.521,66.804,63.708,7.583,126,77
"312","2023-11-08","Shanghai","Shanghai","Municipality",31.2304,121.4737,15.8,10.7,21.4,19.4,0,0,23.2,11.28,28.571,46.696,57.942,23.792,125,76
"313","2023-11-09","Shanghai","Shanghai","Municipality",31.2304,121.4737,17.8,14.8,22.1,23.8,13.7,13.7,16.6,5.52,54.492,83.562,63.742,3.125,151,85
"314","2023-11-10","Shanghai","Shanghai","Municipality",31.2304,121.4737,14.7,13.1,17.8,17.5,3.8,3.8,31.9,2.64,19.208,35.983,29.958,40.167,147,84
"315","2023-11-11","Shanghai","Shanghai","Municipality",31.2304,121.4737,13.9,12.8,15.8,12.6,0.2,0.2,21.2,5.19,15.958,28.725,34.329,41.583,69,38
"316","2023-11-12","Shanghai","Shanghai","Municipality",31.2304,121.4737,10.4,6.2,12.9,9.9,1.6,1.6,24.4,9.4,25.267,38.004,52.804,12.167,80,60
"317","2023-11-13","Shanghai","Shanghai","Municipality",31.2304,121.4737,7.8,4.1,11.5,7.2,0,0,20.6,14.09,30.75,46.446,52.308,12.5,91,65
"318","2023-11-14","Shanghai","Shanghai","Municipality",31.2304,121.4737,9.1,5.2,14.1,11.7,0,0,9.8,13.89,66.375,98.175,55.204,3.625,156,91
"319","2023-11-15","Shanghai","Shanghai","Municipality",31.2304,121.4737,10,5.1,15.4,13.9,0,0,9.7,13.38,78.546,117.696,49.008,4.917,172,109
"320","2023-11-16","Shanghai","Shanghai","Municipality",31.2304,121.4737,10.7,8,13.7,9.6,8.9,8.9,30.8,8.69,64.654,98.5,62.488,7.25,166,103
"321","2023-11-17","Shanghai","Shanghai","Municipality",31.2304,121.4737,9,4.2,14.6,9,0,0,27.8,14.11,42.983,67.525,55.858,6.792,157,92
"322","2023-11-18","Shanghai","Shanghai","Municipality",31.2304,121.4737,7.1,3,12.2,7.9,0,0,18.7,14.09,52.875,76.625,56.758,7.083,132,79
"323","2023-11-19","Shanghai","Shanghai","Municipality",31.2304,121.4737,9.3,3,17.8,14.5,0,0,13.4,14.06,102.346,147.842,64.475,6.417,183,121
"324","2023-11-20","Shanghai","Shanghai","Municipality",31.2304,121.4737,10.7,4.9,18.4,17.3,0,0,9.9,13.45,102.5,150.154,77.162,4.125,206,145
"325","2023-11-21","Shanghai","Shanghai","Municipality",31.2304,121.4737,12.5,6.8,19.5,17.1,0,0,16.8,13.43,44.496,72.362,63.804,8.708,184,122
"326","2023-11-22","Shanghai","Shanghai","Municipality",31.2304,121.4737,15.6,10.7,22.4,21,0,0,14,13.12,65.8,99.537,69.929,14.708,156,91
"327","2023-11-23","Shanghai","Shanghai","Municipality",31.2304,121.4737,14.8,9.2,20.8,18.8,0,0,25.5,13.02,88.854,130.775,76.492,12.708,188,127
"328","2023-11-24","Shanghai","Shanghai","Municipality",31.2304,121.4737,8.4,6,12.3,7.9,0,0,19.4,12.85,19.108,30.525,45.817,20.333,174,111
"329","2023-11-25","Shanghai","Shanghai","Municipality",31.2304,121.4737,10.3,5.8,13.4,9.9,0,0,17.8,7.57,23.838,37.896,45.458,28.75,77,53
"330","2023-11-26","Shanghai","Shanghai","Municipality",31.2304,121.4737,12.4,6.9,17.6,15.7,0,0,11.6,7.88,51.238,77.642,56.738,12.333,131,78
"331","2023-11-27","Shanghai","Shanghai","Municipality",31.2304,121.4737,12.3,8.1,17,13,0,0,19.8,12.97,78.738,115.633,60.383,5.75,171,108
"332","2023-11-28","Shanghai","Shanghai","Municipality",31.2304,121.4737,10.6,6.9,15.3,13.3,0,0,13.7,12.96,78.321,125.383,68.325,8.917,170,107
"333","2023-11-29","Shanghai","Shanghai","Municipality",31.2304,121.4737,13.5,8.8,20.1,17.4,0,0,24.9,12.59,55.925,93.075,58.487,16.375,166,103
"334","2023-11-30","Shanghai","Shanghai","Municipality",31.2304,121.4737,8.2,6.1,11,7,0,0,23,11.17,21.204,35.008,43.692,28.833,150,85
"335","2023-12-01","Shanghai","Shanghai","Municipality",31.2304,121.4737,4.7,1.8,7.8,2.5,0,0,21.3,13.2,42.754,61.342,55.358,12.458,112,72
"336","2023-12-02","Shanghai","Shanghai","Municipality",31.2304,121.4737,5,-0.2,10.8,7.3,0,0,8.8,12.73,110.358,158.967,69.071,5.333,186,125
"337","2023-12-03","Shanghai","Shanghai","Municipality",31.2304,121.4737,6.3,2,11.6,8.1,0,0,9.8,12.61,98.217,145.396,60.292,8.792,194,134
"338","2023-12-04","Shanghai","Shanghai","Municipality",31.2304,121.4737,8.5,3.8,13.6,11.1,0.4,0.4,11.9,4.35,112.504,172.792,59.371,13.792,194,134
"339","2023-12-05","Shanghai","Shanghai","Municipality",31.2304,121.4737,8.6,2.3,16.4,14.1,0,0,15.5,12.49,179.142,257.2,58.021,1.625,248,179
"340","2023-12-06","Shanghai","Shanghai","Municipality",31.2304,121.4737,10.9,6.5,18,12.6,0,0,28.1,11.35,118.738,174.708,70.817,5.208,260,188
"341","2023-12-07","Shanghai","Shanghai","Municipality",31.2304,121.4737,10.3,2.9,18.7,14.9,0,0,17.3,12.51,119.221,178.517,71.421,7.042,216,153
"342","2023-12-08","Shanghai","Shanghai","Municipality",31.2304,121.4737,14,8.4,22.2,19,0,0,16.3,12.57,57.733,85.021,70.425,10.5,196,135
"343","2023-12-09","Shanghai","Shanghai","Municipality",31.2304,121.4737,15.8,12.2,22.7,21.6,0,0,11.9,9.22,107.021,156.325,75.592,6.5,186,125
"344","2023-12-10","Shanghai","Shanghai","Municipality",31.2304,121.4737,16.4,12.3,20.5,20.1,0.1,0.1,15,5.42,64.158,92.788,65.825,5.792,187,126
"345","2023-12-11","Shanghai","Shanghai","Municipality",31.2304,121.4737,11.8,7.2,14.3,15.2,8.7,8.7,27.1,2.85,34.292,49.413,52.075,4.417,156,92
"346","2023-12-12","Shanghai","Shanghai","Municipality",31.2304,121.4737,6.6,4.7,8.8,4.4,4.6,4.6,25.9,7.81,28.358,40.929,53.067,8.542,98,67
"347","2023-12-13","Shanghai","Shanghai","Municipality",31.2304,121.4737,10.3,5,16.1,12.6,0,0,19.2,10.46,45.804,67.004,57.183,6.375,127,77
"348","2023-12-14","Shanghai","Shanghai","Municipality",31.2304,121.4737,16.8,13.1,23.2,23.2,0,0,13.1,10.78,33.521,80.608,60.925,10.167,126,77
"349","2023-12-15","Shanghai","Shanghai","Municipality",31.2304,121.4737,8.6,2.9,14.7,14.7,5.9,5.9,27.9,2.11,29.279,72.158,48.308,1.917,108,87
"350","2023-12-16","Shanghai","Shanghai","Municipality",31.2304,121.4737,0.1,-2.5,2.2,-4.2,0.4,0.3,30.3,8.32,33.012,47.342,49.196,16.042,94,69
"351","2023-12-17","Shanghai","Shanghai","Municipality",31.2304,121.4737,-1.3,-5.3,1.5,-2.9,0,0,19.1,11.93,38.3,54.846,55.421,14.917,111,72
"352","2023-12-18","Shanghai","Shanghai","Municipality",31.2304,121.4737,3.7,0.9,6,3.1,12.2,12.2,14.5,1.21,48.825,71.754,66.229,7.542,141,82
"353","2023-12-19","Shanghai","Shanghai","Municipality",31.2304,121.4737,5.1,2.5,5.9,2.4,4.7,4.7,20.4,1.87,29.104,42.654,58.454,10.583,133,79
"354","2023-12-20","Shanghai","Shanghai","Municipality",31.2304,121.4737,0.9,-2.6,3.5,-2.5,0,0,24.3,12.05,43.217,65.354,54.037,17.833,117,74
"355","2023-12-21","Shanghai","Shanghai","Municipality",31.2304,121.4737,-3.9,-5.9,-1.7,-8.9,0,0,28.9,12.15,36.775,52.579,55.075,16.958,120,75
"356","2023-12-22","Shanghai","Shanghai","Municipality",31.2304,121.4737,-3.8,-6.7,-0.4,-6.5,0,0,20.9,12.42,48.179,68.85,57.267,10.167,129,78
"357","2023-12-23","Shanghai","Shanghai","Municipality",31.2304,121.4737,-1.4,-4.2,2.5,-0.8,0,0,10.5,7.84,82.112,117.329,60.2,2.25,168,104
"358","2023-12-24","Shanghai","Shanghai","Municipality",31.2304,121.4737,-0.4,-4.2,5.7,0.5,0,0,16.6,12.27,114.504,165.35,70.071,5,188,127
"359","2023-12-25","Shanghai","Shanghai","Municipality",31.2304,121.4737,0,-5.1,6.3,2.4,0,0,10.6,12.34,207.242,301.017,85.3,7.083,277,202
"360","2023-12-26","Shanghai","Shanghai","Municipality",31.2304,121.4737,3.5,-2.6,10.7,6.7,0,0,12.7,10.7,142.762,209.771,85.879,7.833,299,219
"361","2023-12-27","Shanghai","Shanghai","Municipality",31.2304,121.4737,7.6,2,15.3,13.6,0,0,10.4,10.24,76.521,119.4,68.858,16.167,217,154
"362","2023-12-28","Shanghai","Shanghai","Municipality",31.2304,121.4737,7.3,3.5,12.8,11.2,0,0,8.9,7.06,119.875,179.454,78.221,3.125,196,136
"363","2023-12-29","Shanghai","Shanghai","Municipality",31.2304,121.4737,7.1,3.7,12.8,11,0,0,11.9,9.44,62.233,95.321,57.883,15.5,196,136
"364","2023-12-30","Shanghai","Shanghai","Municipality",31.2304,121.4737,9.6,6.8,14,12.1,0.9,0.9,14.8,8.27,95.979,140.142,70.271,3.167,177,114
"365","2023-12-31","Shanghai","Shanghai","Municipality",31.2304,121.4737,5.7,2.7,8.3,4.9,0,0,22.9,10.27,80.617,123.783,62.854,18.5,202,142
"366","2024-01-01","Shanghai","Shanghai","Municipality",31.2304,121.4737,4.5,1.9,7.7,4.7,0,0,9.5,9.59,57.271,88.762,52.667,9.417,168,104
"367","2024-01-02","Shanghai","Shanghai","Municipality",31.2304,121.4737,5.5,0.5,11.7,9.7,0.2,0.2,15.1,11.38,62.729,95.546,57.917,8.625,164,100
"368","2024-01-03","Shanghai","Shanghai","Municipality",31.2304,121.4737,4.3,0.8,8.1,3.9,2.2,2.2,21.7,9.98,70.979,104.346,65.183,5.792,157,92
"369","2024-01-04","Shanghai","Shanghai","Municipality",31.2304,121.4737,3.4,-3.1,10.7,7.2,0,0,13.9,11.13,133.671,196.583,87.167,6.5,227,162
"370","2024-01-05","Shanghai","Shanghai","Municipality",31.2304,121.4737,7.1,2.5,14,11.4,0.2,0.2,13.6,11.62,143.129,211,64.087,4.458,212,150
"371","2024-01-06","Shanghai","Shanghai","Municipality",31.2304,121.4737,5.7,1.7,11.1,7.6,0,0,13.3,11.6,129.262,194.121,67.442,8.125,246,177
"372","2024-01-07","Shanghai","Shanghai","Municipality",31.2304,121.4737,3.8,1,7.6,2.8,0,0,16.5,12.51,50.033,78.625,47.113,12,204,143
"373","2024-01-08","Shanghai","Shanghai","Municipality",31.2304,121.4737,5,-0.5,10,6.7,0.2,0.2,11.6,7.57,40.504,62.142,54.171,12.792,136,80
"374","2024-01-09","Shanghai","Shanghai","Municipality",31.2304,121.4737,8.7,3.1,14.6,11.6,0,0,18.4,12.05,104.342,153.504,60.896,2.542,182,121
"375","2024-01-10","Shanghai","Shanghai","Municipality",31.2304,121.4737,4.1,-0.3,6.7,2.6,0,0,25.5,7.41,60.504,91.796,39.838,10.292,189,128
"376","2024-01-11","Shanghai","Shanghai","Municipality",31.2304,121.4737,2.8,-6.1,11.4,7.6,0,0,12,12.99,130.933,192.804,66.242,3.667,206,145
"377","2024-01-12","Shanghai","Shanghai","Municipality",31.2304,121.4737,7.5,0.8,16.5,13.3,0,0,14,12.84,161.896,235.233,76.725,5.042,226,161
"378","2024-01-13","Shanghai","Shanghai","Municipality",31.2304,121.4737,8.3,2.7,15.9,14.2,0,0,15.1,12.68,133.921,199.412,76.888,17.167,274,199
"379","2024-01-14","Shanghai","Shanghai","Municipality",31.2304,121.4737,11.2,6.7,20.5,17.2,0,0,27.6,13.03,56.071,86.767,66.312,21.417,208,147
"380","2024-01-15","Shanghai","Shanghai","Municipality",31.2304,121.4737,4.3,1.3,6.8,2.3,0,0,24.9,9.37,29.346,48.958,36.279,26.458,150,85
"381","2024-01-16","Shanghai","Shanghai","Municipality",31.2304,121.4737,6.2,1,11.2,7,0,0,19.1,7.83,31.654,49.588,48.529,27.125,107,71
"382","2024-01-17","Shanghai","Shanghai","Municipality",31.2304,121.4737,11.6,6.4,18.5,15.9,0,0,20.6,12.66,66.738,100.304,52.279,25.25,155,90
"383","2024-01-18","Shanghai","Shanghai","Municipality",31.2304,121.4737,8,6.9,8.9,7,6.6,6.6,14,3.09,33.692,48.713,41.108,3.25,164,100
"384","2024-01-19","Shanghai","Shanghai","Municipality",31.2304,121.4737,8.6,6.5,10.3,7,9,9,18.1,3.04,32.088,52.329,43.437,22.125,97,67
"385","2024-01-20","Shanghai","Shanghai","Municipality",31.2304,121.4737,5.6,4.3,7.1,3.4,10.6,10.6,26.2,3.96,28.8,41.175,43.817,1.75,98,67
"386","2024-01-21","Shanghai","Shanghai","Municipality",31.2304,121.4737,4.2,2.3,5.3,0.2,0,0,26.6,3.37,20.95,31.8,34.662,15.792,87,63
"387","2024-01-22","Shanghai","Shanghai","Municipality",31.2304,121.4737,-0.8,-3.8,2,-4,0,0,27.1,8.52,14.067,21.679,31.471,29.542,73,44
"388","2024-01-23","Shanghai","Shanghai","Municipality",31.2304,121.4737,-3.3,-6,-0.6,-7.6,0,0,26.9,14.07,28.671,40.925,48.225,19,85,62
"389","2024-01-24","Shanghai","Shanghai","Municipality",31.2304,121.4737,-1.4,-5.2,3.6,-2.3,0,0,19.4,14.3,49.492,70.712,61.204,11.375,130,78
"390","2024-01-25","Shanghai","Shanghai","Municipality",31.2304,121.4737,0.4,-4,6.1,1.5,0,0,13.9,14.13,96.167,138.612,69.167,8.875,174,111
"391","2024-01-26","Shanghai","Shanghai","Municipality",31.2304,121.4737,1.4,-4.2,7.3,3.3,0,0,12.6,12.88,162.092,232.375,89.583,8.208,239,172
"392","2024-01-27","Shanghai","Shanghai","Municipality",31.2304,121.4737,1.7,-4.5,7.4,3,0,0,11.7,8.91,191.658,275.179,89.871,5.208,267,194
"393","2024-01-28","Shanghai","Shanghai","Municipality",31.2304,121.4737,2.5,-3,9.2,5.6,0,0,12.7,14.63,143.908,211.154,91.329,8.083,266,193
"394","2024-01-29","Shanghai","Shanghai","Municipality",31.2304,121.4737,5.5,-0.5,11.4,7.2,0.3,0.3,18,10.83,86.854,140.721,65.629,30.5,218,155
"395","2024-01-30","Shanghai","Shanghai","Municipality",31.2304,121.4737,8.9,6.7,11.9,10.2,3.2,3.2,16,3.64,52.117,80.429,48.442,28.125,172,109
"396","2024-01-31","Shanghai","Shanghai","Municipality",31.2304,121.4737,9.2,6.1,12,10.7,8.4,8.4,12.2,3.65,59.45,84.983,57.225,2.792,156,92
"397","2024-02-01","Shanghai","Shanghai","Municipality",31.2304,121.4737,7.7,5,9.4,8.1,11.4,11.4,26,2.79,35.446,54.992,38.988,24.667,153,88
"398","2024-02-02","Shanghai","Shanghai","Municipality",31.2304,121.4737,4.9,3.8,6.4,1.8,5.1,5.1,22.1,4.79,23.408,38.696,36.229,34.833,100,68
"399","2024-02-03","Shanghai","Shanghai","Municipality",31.2304,121.4737,5.6,3.7,7.7,3.7,12.8,12.8,21.5,3.05,22.633,34.517,47.342,22.625,86,62
"400","2024-02-04","Shanghai","Shanghai","Municipality",31.2304,121.4737,5.1,2.9,6.6,5.1,12.3,12.3,20.2,2.15,31.996,47.608,56.317,9.125,93,66
"401","2024-02-05","Shanghai","Shanghai","Municipality",31.2304,121.4737,2.1,0.3,4.6,-1.6,0,0,29.5,10.82,24.638,35.521,50.583,14.875,93,66
"402","2024-02-06","Shanghai","Shanghai","Municipality",31.2304,121.4737,1.6,0.3,2.6,-1,1.5,0.9,14.9,2.68,41.017,61.079,61.363,10.708,112,72
"403","2024-02-07","Shanghai","Shanghai","Municipality",31.2304,121.4737,3.2,-0.1,5.1,0.4,0.1,0.1,18.4,4.58,42.783,70.175,51.992,24.083,123,76
"404","2024-02-08","Shanghai","Shanghai","Municipality",31.2304,121.4737,2.2,-1.4,6.2,1.8,0,0,16.9,10.93,64.067,99.088,58.929,18.792,152,87
"405","2024-02-09","Shanghai","Shanghai","Municipality",31.2304,121.4737,3,-2.6,9.7,5.9,0,0,14.8,16.03,176.283,257.775,90.771,11.75,246,177
"406","2024-02-10","Shanghai","Shanghai","Municipality",31.2304,121.4737,6,0.2,13.7,9.9,0,0,17.3,16.11,146.079,215.521,94.85,13.083,255,185
"407","2024-02-11","Shanghai","Shanghai","Municipality",31.2304,121.4737,7.6,1.6,14.5,11,0.2,0.2,13.3,16.43,137.267,211.475,80.767,10.25,221,157
"408","2024-02-12","Shanghai","Shanghai","Municipality",31.2304,121.4737,8.5,3.2,14.8,10.4,0,0,25.5,16.64,73.154,124.058,60.896,30.875,212,150
"409","2024-02-13","Shanghai","Shanghai","Municipality",31.2304,121.4737,12.1,7.6,18,14.9,1.1,1.1,23.5,11.72,41.458,67.488,47.562,46.292,163,99
"410","2024-02-14","Shanghai","Shanghai","Municipality",31.2304,121.4737,15.1,8.3,23.2,23.1,0,0,12.2,15.87,70.071,105.608,75.154,21.75,159,95
"411","2024-02-15","Shanghai","Shanghai","Municipality",31.2304,121.4737,7.5,4.4,11,9.5,5.2,5.2,34.2,3.29,36.371,55.117,52.604,27.5,166,103
"412","2024-02-16","Shanghai","Shanghai","Municipality",31.2304,121.4737,4.6,1.3,8.9,6.6,0,0,15.2,16.48,30.446,48.679,47.613,31.583,102,69
"413","2024-02-17","Shanghai","Shanghai","Municipality",31.2304,121.4737,8.9,2.1,14.8,11.6,0,0,20.5,14.6,25.317,40.896,47.004,29.458,93,65
"414","2024-02-18","Shanghai","Shanghai","Municipality",31.2304,121.4737,16,11.9,22,20.5,0.1,0.1,20.9,12.2,30.896,45.296,50.479,37.958,90,64
"415","2024-02-19","Shanghai","Shanghai","Municipality",31.2304,121.4737,13.9,7.9,20.7,20.8,4.3,4.3,26.5,9.42,56.013,81.325,58.912,9.125,156,91
"416","2024-02-20","Shanghai","Shanghai","Municipality",31.2304,121.4737,8.6,8,9.7,6,3.3,3.3,24.2,3.87,19.212,31.008,32.079,35.958,150,85
"417","2024-02-21","Shanghai","Shanghai","Municipality",31.2304,121.4737,6.7,3.5,8.7,6.9,35.5,35.5,23.2,3.56,18.012,26.721,48.233,15.792,72,42
"418","2024-02-22","Shanghai","Shanghai","Municipality",31.2304,121.4737,2.9,1.3,4.4,-0.9,4.1,4.1,25.5,5.5,17.238,25.887,45.583,12.208,67,36
"419","2024-02-23","Shanghai","Shanghai","Municipality",31.2304,121.4737,2.3,0.5,4.7,0.1,2,2,22.7,6.39,23.312,34.825,45.775,13.292,76,52
"420","2024-02-24","Shanghai","Shanghai","Municipality",31.2304,121.4737,1.7,-0.3,3.3,-1.6,3.3,3.3,20.4,3.27,25.338,36.4,52.304,3.167,81,60
"421","2024-02-25","Shanghai","Shanghai","Municipality",31.2304,121.4737,1.9,-0.8,5.2,-0.5,0.1,0,25.8,10.39,34.362,52.438,47.4,19.625,95,66
"422","2024-02-26","Shanghai","Shanghai","Municipality",31.2304,121.4737,4.4,1.3,8.7,4.2,0,0,18.9,12.87,41.137,70.883,47.496,25.167,132,79
"423","2024-02-27","Shanghai","Shanghai","Municipality",31.2304,121.4737,5.3,2.2,8.8,5.1,0,0,13,13.03,40.196,67.738,54.562,22.333,114,73
"424","2024-02-28","Shanghai","Shanghai","Municipality",31.2304,121.4737,7.3,4.7,10.1,8.1,12.4,12.4,13,2.23,40.225,64.108,55.225,24.917,135,80
"425","2024-02-29","Shanghai","Shanghai","Municipality",31.2304,121.4737,6.4,5.3,8,6.8,18.9,18.9,21.3,2.02,38.679,56.671,56.171,7.333,113,73
"426","2024-03-01","Shanghai","Shanghai","Municipality",31.2304,121.4737,3.9,1.1,6.7,1.7,0,0,24.3,15.34,24.654,41.838,33.225,47.667,108,71
"427","2024-03-02","Shanghai","Shanghai","Municipality",31.2304,121.4737,3.4,-1.6,9.9,5.7,0,0,14.8,17.19,70.55,107.654,70.854,7.625,160,95
"428","2024-03-03","Shanghai","Shanghai","Municipality",31.2304,121.4737,6.7,0.5,14.2,11.9,0,0,19.4,18.92,57.971,89.333,57.696,21.333,162,98
"429","2024-03-04","Shanghai","Shanghai","Municipality",31.2304,121.4737,10.4,6,13.5,11.6,6.8,6.8,24.6,4.78,39.462,63.071,51.479,41.375,152,86
"430","2024-03-05","Shanghai","Shanghai","Municipality",31.2304,121.4737,10.9,7.7,14.8,12.7,7.5,7.5,21.6,7.03,42.825,61.496,62.287,7.25,145,83
"431","2024-03-06","Shanghai","Shanghai","Municipality",31.2304,121.4737,7.4,3.5,11,5.7,0.8,0.8,25.4,10.62,39.954,69.583,42.912,36,118,74
"432","2024-03-07","Shanghai","Shanghai","Municipality",31.2304,121.4737,6.1,1.7,11.3,8.5,0,0,12.9,19.5,54.4,83.146,61.417,19.708,143,82
"433","2024-03-08","Shanghai","Shanghai","Municipality",31.2304,121.4737,6.5,3.4,11.1,6.3,0.1,0.1,25.5,15.65,70.154,112.808,58.367,29.125,162,98
"434","2024-03-09","Shanghai","Shanghai","Municipality",31.2304,121.4737,6.1,1,11.3,9.3,0,0,13.8,19.88,76.146,126.496,59.483,32.5,173,110
"435","2024-03-10","Shanghai","Shanghai","Municipality",31.2304,121.4737,7.1,1.2,13.2,10.5,0,0,18.2,20.65,31.488,54.421,46.779,41.292,165,101
"436","2024-03-11","Shanghai","Shanghai","Municipality",31.2304,121.4737,10.4,6.6,17.3,15.2,2.9,2.9,19.1,8.99,80.692,123.163,71.242,21.958,164,100
"437","2024-03-12","Shanghai","Shanghai","Municipality",31.2304,121.4737,9.6,4,15,12.1,0,0,27.4,19.54,75.45,123.2,68.554,23.417,194,134
"438","2024-03-13","Shanghai","Shanghai","Municipality",31.2304,121.4737,7.8,1.5,14.3,11.9,0,0,18,19.79,46.308,73.233,56.533,22.125,164,100
"439","2024-03-14","Shanghai","Shanghai","Municipality",31.2304,121.4737,8.9,5.7,12.1,10.1,0,0,12.7,6.13,41.596,66.388,60.962,7.042,127,77
"440","2024-03-15","Shanghai","Shanghai","Municipality",31.2304,121.4737,12.4,7,18.9,17.2,0.3,0.3,16.6,17.94,28.879,46.708,61.712,25.083,116,74
"441","2024-03-16","Shanghai","Shanghai","Municipality",31.2304,121.4737,15.1,11.6,20.2,20.9,0.1,0.1,13,11.55,50.925,75.367,61.05,19,129,78
"442","2024-03-17","Shanghai","Shanghai","Municipality",31.2304,121.4737,10.8,7.4,14.1,15.2,0.3,0.3,24.7,5.12,39.692,61.704,49.767,23.792,157,92
"443","2024-03-18","Shanghai","Shanghai","Municipality",31.2304,121.4737,8.5,6.4,11.6,8.8,0.1,0.1,14.6,8.87,29.625,49.121,42.929,43.042,110,72
"444","2024-03-19","Shanghai","Shanghai","Municipality",31.2304,121.4737,10.5,4.9,17.8,13.9,0,0,25.7,20.91,56.171,86.375,65.896,18.125,151,85
"445","2024-03-20","Shanghai","Shanghai","Municipality",31.2304,121.4737,9.2,2.8,16.3,13.4,0,0,18,21.92,52.425,86.987,63.896,18.167,152,86
"446","2024-03-21","Shanghai","Shanghai","Municipality",31.2304,121.4737,10.9,3.9,18.5,15.8,0,0,23.9,21.38,35.167,65.958,59.158,24.542,142,82
"447","2024-03-22","Shanghai","Shanghai","Municipality",31.2304,121.4737,16.6,10.8,24.4,23.5,0,0,23.4,19.98,37.437,62.267,52.371,40.958,103,69
"448","2024-03-23","Shanghai","Shanghai","Municipality",31.2304,121.4737,17.4,14,22.7,23.3,2.5,2.5,12.5,9.69,55.971,83.662,69.75,13.292,150,85
"449","2024-03-24","Shanghai","Shanghai","Municipality",31.2304,121.4737,17.6,12.8,22.6,23.7,0.5,0.5,13.4,15.09,53.004,76.7,71.108,10.458,150,85
"450","2024-03-25","Shanghai","Shanghai","Municipality",31.2304,121.4737,16.2,10.7,26.9,26.9,1.4,1.4,27.7,14.91,37.729,54.429,64.058,3.542,144,82
"451","2024-03-26","Shanghai","Shanghai","Municipality",31.2304,121.4737,11.3,8,15,12,0,0,27.1,14.17,34.113,52.079,57.321,24.708,106,70
"452","2024-03-27","Shanghai","Shanghai","Municipality",31.2304,121.4737,10.9,6.8,15.1,12.1,5.4,5.4,23,11.31,26.942,44.704,40.088,60.083,106,70
"453","2024-03-28","Shanghai","Shanghai","Municipality",31.2304,121.4737,12.8,9.8,16.6,14.4,14.6,14.6,22.6,8.11,54.233,78.654,63.208,14.458,139,81
"454","2024-03-29","Shanghai","Shanghai","Municipality",31.2304,121.4737,17.6,9.9,26.6,25.7,0,0,19.7,22.16,57.875,86.658,77.658,26.292,158,94
"455","2024-03-30","Shanghai","Shanghai","Municipality",31.2304,121.4737,20,13.6,27.9,28.9,0,0,17.8,19.49,72.337,107.083,77.571,18.875,161,97
"456","2024-03-31","Shanghai","Shanghai","Municipality",31.2304,121.4737,13.9,11,18.5,17.7,0.2,0.2,21.5,8.64,37.442,63.4,57.717,26.125,162,98
"457","2024-04-01","Shanghai","Shanghai","Municipality",31.2304,121.4737,15.1,9.1,22.3,23.2,0,0,27.2,22.01,34.838,60.554,55.054,42.542,126,77
"458","2024-04-02","Shanghai","Shanghai","Municipality",31.2304,121.4737,18.5,15.5,22.7,25.2,25.8,25.8,30.8,9.98,27.258,39.588,51.375,34.042,99,68
"459","2024-04-03","Shanghai","Shanghai","Municipality",31.2304,121.4737,17.5,11.4,21.7,21.7,10.1,10.1,26.7,10.24,45.162,66.708,64.175,20.792,141,81
"460","2024-04-04","Shanghai","Shanghai","Municipality",31.2304,121.4737,12.5,10.6,15.5,12.9,0.2,0.2,19.5,12.12,35.558,58.879,48.117,34.292,124,76
"461","2024-04-05","Shanghai","Shanghai","Municipality",31.2304,121.4737,12.1,8.5,16.1,14.3,0.5,0.5,18.4,22.53,25.775,46.683,46.092,51.917,100,68
"462","2024-04-06","Shanghai","Shanghai","Municipality",31.2304,121.4737,13.5,11.3,17.4,16,2.4,2.4,14.5,10.17,34.767,58.917,54.217,35.583,97,67
"463","2024-04-07","Shanghai","Shanghai","Municipality",31.2304,121.4737,12.9,11,16.9,15.4,4.2,4.2,13.2,8.37,37.3,60.867,55.354,33.667,113,73
"464","2024-04-08","Shanghai","Shanghai","Municipality",31.2304,121.4737,12.2,10.2,14.1,11.9,11.7,11.7,16.8,5,41.292,73.087,55.167,41.25,111,72
"465","2024-04-09","Shanghai","Shanghai","Municipality",31.2304,121.4737,13.7,8.7,20.7,20.1,0,0,15.5,23.31,51.738,91.358,62.325,27.417,148,84
"466","2024-04-10","Shanghai","Shanghai","Municipality",31.2304,121.4737,14.3,9.4,20.3,19.9,0,0,19.4,20.67,37.979,67.492,48.538,50.25,141,81
"467","2024-04-11","Shanghai","Shanghai","Municipality",31.2304,121.4737,16.6,12.6,22.7,23.3,3,3,15.1,15.42,30.308,49.904,58.625,36,106,70
"468","2024-04-12","Shanghai","Shanghai","Municipality",31.2304,121.4737,16.3,14.6,18.3,18.5,9.4,9.4,17.6,6.63,20.071,30.033,64.446,29,90,64
"469","2024-04-13","Shanghai","Shanghai","Municipality",31.2304,121.4737,16.3,14.5,19.7,19.6,0,0,18.4,11.66,17.658,26.483,51.254,43,74,47
"470","2024-04-14","Shanghai","Shanghai","Municipality",31.2304,121.4737,17.9,15.1,22.6,23.4,13.4,13.4,21.3,10.36,21.325,30.917,55.613,23.25,71,40
"471","2024-04-15","Shanghai","Shanghai","Municipality",31.2304,121.4737,19.3,14.4,25,27.5,0,0,17.7,21.85,50.988,74.112,70.121,15.25,141,82
"472","2024-04-16","Shanghai","Shanghai","Municipality",31.2304,121.4737,17.4,14.3,23.6,26.1,0,0,17.1,16.44,26.025,39.85,59.717,35.708,139,81
"473","2024-04-17","Shanghai","Shanghai","Municipality",31.2304,121.4737,13.7,11,15.1,14.8,21.3,21.3,21.3,3.2,32.613,51.421,43.075,55.333,92,65
"474","2024-04-18","Shanghai","Shanghai","Municipality",31.2304,121.4737,13.6,7.7,20.2,20,0,0,11.6,24.8,56.208,87.983,59.667,21.5,151,85
"475","2024-04-19","Shanghai","Shanghai","Municipality",31.2304,121.4737,14.9,10.3,19.5,15.9,26.8,26.8,27.5,12.09,40.929,68.05,50.054,38.417,151,85
"476","2024-04-20","Shanghai","Shanghai","Municipality",31.2304,121.4737,18.5,14.3,21.3,20,1.3,1.3,25.7,14.33,30.471,43.979,56.692,28.417,114,73
"477","2024-04-21","Shanghai","Shanghai","Municipality",31.2304,121.4737,15.9,13.4,19.4,19,3.8,3.8,14.4,12.11,33.525,49.942,68.442,17.208,95,66
"478","2024-04-22","Shanghai","Shanghai","Municipality",31.2304,121.4737,15.6,13.5,19.5,19.5,1.4,1.4,10.8,11.65,26.367,40.512,54.267,38.792,101,69
"479","2024-04-23","Shanghai","Shanghai","Municipality",31.2304,121.4737,16.2,13.5,21.1,22.3,5.3,5.3,9.5,12.24,55.233,82.954,63.329,21.625,133,79
"480","2024-04-24","Shanghai","Shanghai","Municipality",31.2304,121.4737,18.5,12.8,24.4,23.7,0,0,14.2,24.57,69.108,108.242,77.383,24.833,177,114
"481","2024-04-25","Shanghai","Shanghai","Municipality",31.2304,121.4737,17.4,14,22.6,19.5,0.6,0.6,21.1,15.84,27.904,48.704,53.917,44.083,160,95
"482","2024-04-26","Shanghai","Shanghai","Municipality",31.2304,121.4737,16.6,13.3,20.3,19.9,0.3,0.3,18.6,13.6,25.771,42.679,31.763,83.875,86,62
"483","2024-04-27","Shanghai","Shanghai","Municipality",31.2304,121.4737,17.9,15.4,22.6,23.2,0.8,0.8,17.8,14.57,20.221,33.338,40.733,68.458,82,61
"484","2024-04-28","Shanghai","Shanghai","Municipality",31.2304,121.4737,18,15.3,20.8,21.7,1,1,18.9,6.57,19.813,29.104,45.458,42.708,71,41
"485","2024-04-29","Shanghai","Shanghai","Municipality",31.2304,121.4737,18.7,14.3,23.3,23,1.2,1.2,20,15.38,33.858,50.246,65.733,23.083,99,68
"486","2024-04-30","Shanghai","Shanghai","Municipality",31.2304,121.4737,14.3,12.6,16.2,14.7,9.6,9.6,24.9,4.56,29.871,50.988,50.054,38.708,97,67
"487","2024-05-01","Shanghai","Shanghai","Municipality",31.2304,121.4737,15,12,20.2,17.9,2.6,2.6,17.3,18.26,39.854,64.938,57.317,32.792,109,71
"488","2024-05-02","Shanghai","Shanghai","Municipality",31.2304,121.4737,15.4,10.7,20.5,20,0.5,0.5,19.1,19.97,29.746,49.938,42.379,59.875,117,74
"489","2024-05-03","Shanghai","Shanghai","Municipality",31.2304,121.4737,16.2,12.3,20.8,20.8,0,0,18.5,22.26,24.904,41.729,42.883,60.583,89,64
"490","2024-05-04","Shanghai","Shanghai","Municipality",31.2304,121.4737,15.8,14.2,18.1,16.9,10.3,10.3,17.6,8.32,28.242,45.717,43.038,65.083,99,68
"491","2024-05-05","Shanghai","Shanghai","Municipality",31.2304,121.4737,19.4,16.5,23,23.8,9.3,9.3,21.1,9.09,41.733,59.779,64.5,27.542,109,71
"492","2024-05-06","Shanghai","Shanghai","Municipality",31.2304,121.4737,20.4,16.7,25.3,25.6,0,0,19.1,21,78.633,113.125,85.571,25.417,166,102
"493","2024-05-07","Shanghai","Shanghai","Municipality",31.2304,121.4737,19.8,16.3,24.5,26,5.6,5.6,11.2,24.09,72.713,106.846,85.913,40.583,173,110
"494","2024-05-08","Shanghai","Shanghai","Municipality",31.2304,121.4737,17.2,13.1,21.3,21.3,0,0,19.6,25.98,44.504,67.217,64.842,49.667,163,99
"495","2024-05-09","Shanghai","Shanghai","Municipality",31.2304,121.4737,16.5,10.7,22.4,23,0,0,15.2,23.12,26.096,40.979,54.171,49.208,123,76
"496","2024-05-10","Shanghai","Shanghai","Municipality",31.2304,121.4737,19.1,13.8,24.3,23.7,0,0,25.6,26.27,17.5,30.608,31.042,77.625,82,61
"497","2024-05-11","Shanghai","Shanghai","Municipality",31.2304,121.4737,21.6,18.9,26.4,28.1,14.4,14.4,16.7,12.3,44.433,65.354,75.567,30.792,115,73
"498","2024-05-12","Shanghai","Shanghai","Municipality",31.2304,121.4737,18.3,14.1,21.6,23.6,2.4,2.4,19.9,12.1,39.212,74.246,66.254,46.083,136,80
"499","2024-05-13","Shanghai","Shanghai","Municipality",31.2304,121.4737,18,12.3,24.3,24,0,0,12.2,25.14,43.629,70.458,71.437,39.75,141,82
"500","2024-05-14","Shanghai","Shanghai","Municipality",31.2304,121.4737,18.1,11.6,25.3,26.7,0,0,13,26.82,31.546,47.367,65.204,33.167,120,75
"501","2024-05-15","Shanghai","Shanghai","Municipality",31.2304,121.4737,17.1,11.6,24.8,26.3,0,0,35.1,26.17,37.55,60.175,57.408,48.167,113,72
"502","2024-05-16","Shanghai","Shanghai","Municipality",31.2304,121.4737,17.1,8.8,24.4,23.4,0,0,18.6,27.42,41.8,60.871,70.5,34.083,120,75
"503","2024-05-17","Shanghai","Shanghai","Municipality",31.2304,121.4737,20.7,14.8,27.1,27.6,0,0,20.4,26.54,36.371,55.758,42.175,79,116,73
"504","2024-05-18","Shanghai","Shanghai","Municipality",31.2304,121.4737,21.8,17.6,27.1,28.5,0,0,23.5,26.39,22.742,39.229,34.138,78.25,104,70
"505","2024-05-19","Shanghai","Shanghai","Municipality",31.2304,121.4737,21.2,16.4,26.7,28.4,0,0,18.8,25.34,17.929,29.408,37.329,64.917,76,51
"506","2024-05-20","Shanghai","Shanghai","Municipality",31.2304,121.4737,22.3,18.4,27.8,28.6,0.1,0.1,18.2,16.94,25.671,38.267,44.979,39.583,81,60
"507","2024-05-21","Shanghai","Shanghai","Municipality",31.2304,121.4737,21.5,18.9,25.8,26.9,0.1,0.1,21.9,17.2,18.617,29.542,40.729,48.208,82,61
"508","2024-05-22","Shanghai","Shanghai","Municipality",31.2304,121.4737,21,18,25.3,27.1,0,0,14.1,16.87,30.417,52.387,46.575,53.083,91,65
"509","2024-05-23","Shanghai","Shanghai","Municipality",31.2304,121.4737,21.7,17.3,26.6,28.7,0,0,15.3,19.92,26.475,41.158,44.375,58.417,90,64
"510","2024-05-24","Shanghai","Shanghai","Municipality",31.2304,121.4737,22.6,18.5,29,31.9,0,0,21.4,23.62,21.817,32.538,41.758,51.042,87,63
"511","2024-05-25","Shanghai","Shanghai","Municipality",31.2304,121.4737,22.8,20.2,26.5,27.7,0.3,0.3,19.4,13.69,25.567,37.646,34.454,54.375,81,60
"512","2024-05-26","Shanghai","Shanghai","Municipality",31.2304,121.4737,26.4,21.1,33.8,38.3,4.3,4.3,18.8,22.96,65.296,93.512,76.221,40.958,154,89
"513","2024-05-27","Shanghai","Shanghai","Municipality",31.2304,121.4737,20.4,17.4,24.1,28.5,35.9,35.9,24.3,6.49,32.662,52.825,49.313,51.208,166,102
"514","2024-05-28","Shanghai","Shanghai","Municipality",31.2304,121.4737,20.4,16.2,25.6,24.3,0,0,20.3,27.59,27.917,43.592,52.008,51.25,95,66
"515","2024-05-29","Shanghai","Shanghai","Municipality",31.2304,121.4737,19.9,14.5,24.7,24.8,0,0,20.1,24.74,18.262,32.542,31.946,83.833,86,62
"516","2024-05-30","Shanghai","Shanghai","Municipality",31.2304,121.4737,21.4,16.7,25.9,27.5,5.6,5.6,16.8,16.06,33.25,53.233,50.904,58.292,94,66
"517","2024-05-31","Shanghai","Shanghai","Municipality",31.2304,121.4737,20.3,17.8,22.1,23.9,8.6,8.6,14.8,6.13,57.846,84.475,82.058,11.458,157,92
"518","2024-06-01","Shanghai","Shanghai","Municipality",31.2304,121.4737,20.3,16.3,24.5,26.2,0.3,0.3,21.1,17.71,64.379,99.638,56.508,62.25,161,96
"519","2024-06-02","Shanghai","Shanghai","Municipality",31.2304,121.4737,21,16.1,26.1,26.1,0,0,14.2,23.64,30.871,47.904,53.7,50.667,156,92
"520","2024-06-03","Shanghai","Shanghai","Municipality",31.2304,121.4737,23.3,17.5,29.7,31,0,0,14.6,25.61,96.667,139.508,101.021,14.125,179,116
"521","2024-06-04","Shanghai","Shanghai","Municipality",31.2304,121.4737,21.8,17.8,26.2,28.1,0,0,17.1,23.93,31.254,54.654,45.579,61.25,179,117
"522","2024-06-05","Shanghai","Shanghai","Municipality",31.2304,121.4737,20.3,17.8,21.7,22.4,3.8,3.8,15.9,5.03,15.979,28.458,30.733,76.542,92,65
"523","2024-06-06","Shanghai","Shanghai","Municipality",31.2304,121.4737,19.4,17.1,22.9,22.1,0.1,0.1,17.7,16.4,19.933,34.838,36.8,81.625,73,60
"524","2024-06-07","Shanghai","Shanghai","Municipality",31.2304,121.4737,20.6,15.6,24.7,25.3,0.8,0.8,13.8,15.25,19.662,32.888,44.179,66,73,55
"525","2024-06-08","Shanghai","Shanghai","Municipality",31.2304,121.4737,22.8,17.9,28.1,30.4,0.1,0.1,16.9,20.96,27.017,41.458,64.542,36.708,82,61
"526","2024-06-09","Shanghai","Shanghai","Municipality",31.2304,121.4737,24,19,30.3,32.3,0,0,13.8,17.55,73.208,109.763,84.5,37.292,161,97
"527","2024-06-10","Shanghai","Shanghai","Municipality",31.2304,121.4737,22.3,20.2,24.8,24.5,0.5,0.5,17.6,13.05,29.788,43.912,48.775,60.167,164,101
"528","2024-06-11","Shanghai","Shanghai","Municipality",31.2304,121.4737,22.7,20.5,25.9,27.8,4.4,4.4,16.7,9.07,15.321,24.158,34.271,69.792,89,64
"529","2024-06-12","Shanghai","Shanghai","Municipality",31.2304,121.4737,24.2,21.7,28.3,32.2,2.2,2.2,14.8,16.03,17.417,25.475,50.454,32.708,65,38
"530","2024-06-13","Shanghai","Shanghai","Municipality",31.2304,121.4737,24.4,20.2,30.5,35.8,0.1,0.1,17.2,19.95,17.512,26.371,44.288,55.792,74,46
"531","2024-06-14","Shanghai","Shanghai","Municipality",31.2304,121.4737,24.6,20.8,30.4,34,0,0,18.9,17.42,16.283,25.633,37.237,70.25,66,45
"532","2024-06-15","Shanghai","Shanghai","Municipality",31.2304,121.4737,25.6,20.4,31.3,34.9,0,0,12.5,25.69,26.629,40.246,56.171,32.333,80,59
"533","2024-06-16","Shanghai","Shanghai","Municipality",31.2304,121.4737,25.1,19.7,31.8,34.2,0,0,16.8,21.05,34.721,55.808,54.338,47.542,109,71
"534","2024-06-17","Shanghai","Shanghai","Municipality",31.2304,121.4737,24,20,27.5,28.4,2.6,2.6,19.3,17.56,24.004,40.633,41.946,70.208,99,68
"535","2024-06-18","Shanghai","Shanghai","Municipality",31.2304,121.4737,23.5,16.9,29.3,30.4,0,0,21.3,26.76,42.183,65.296,49.575,78.375,124,76
"536","2024-06-19","Shanghai","Shanghai","Municipality",31.2304,121.4737,24.2,21.6,27.4,31.2,23.2,23.2,17.6,7.99,26.2,38.012,53.075,30.792,117,74
"537","2024-06-20","Shanghai","Shanghai","Municipality",31.2304,121.4737,26,24,29.3,33.9,34.1,34.1,21.1,11.33,42.004,60.05,82.6,14.5,112,72
"538","2024-06-21","Shanghai","Shanghai","Municipality",31.2304,121.4737,26.7,23.8,31.1,35.8,5.7,5.7,18.3,12.87,53.642,76.767,93.142,16.042,148,84
"539","2024-06-22","Shanghai","Shanghai","Municipality",31.2304,121.4737,28.4,25.5,31.5,36.6,10.2,10.2,17.7,11.09,51.804,74.617,85.538,18.75,151,85
"540","2024-06-23","Shanghai","Shanghai","Municipality",31.2304,121.4737,24,20.6,27.2,31.7,50.8,50.8,20,4.05,57.021,81.683,99.513,3.333,150,85
"541","2024-06-24","Shanghai","Shanghai","Municipality",31.2304,121.4737,24.2,21,27.8,31.7,8.5,8.5,17.8,8.22,87.471,125.825,112.962,2.75,173,110
"542","2024-06-25","Shanghai","Shanghai","Municipality",31.2304,121.4737,21.9,20.1,23,26.4,27.1,27.1,10.2,3.6,69.862,99.146,93.733,0.875,173,110
"543","2024-06-26","Shanghai","Shanghai","Municipality",31.2304,121.4737,22.6,19.9,24.9,28.1,63.4,63.4,25.6,5.11,24.737,35.617,55.312,30.5,160,96
"544","2024-06-27","Shanghai","Shanghai","Municipality",31.2304,121.4737,23.5,22.2,24.5,27.8,32.8,32.8,15.4,5.04,51.592,73.717,79.642,2.667,137,80
"545","2024-06-28","Shanghai","Shanghai","Municipality",31.2304,121.4737,24,21.2,27.1,30.6,14.5,14.5,17.8,9.78,63.683,91.217,85.942,16.5,160,96
"546","2024-06-29","Shanghai","Shanghai","Municipality",31.2304,121.4737,27.8,23.8,30.9,35.9,8.7,8.7,24.3,8.26,31.358,46.908,65.054,24.625,156,91
"547","2024-06-30","Shanghai","Shanghai","Municipality",31.2304,121.4737,25.8,24.2,26.9,31.9,43.4,43.4,14.7,3.12,48.692,70.142,70.933,7.792,129,78
"548","2024-07-01","Shanghai","Shanghai","Municipality",31.2304,121.4737,26.8,23.9,30.5,35.9,28.1,28.1,15.4,9.52,45.267,65.4,74.025,15.792,140,81
"549","2024-07-02","Shanghai","Shanghai","Municipality",31.2304,121.4737,29.3,25.2,34.5,38.4,1.5,1.5,28,21.99,32.942,48.275,65.188,47.542,124,76
"550","2024-07-03","Shanghai","Shanghai","Municipality",31.2304,121.4737,28.5,24.3,33.5,39.2,3.4,3.4,17.2,23.18,96.817,139,126.2,39.5,175,112
"551","2024-07-04","Shanghai","Shanghai","Municipality",31.2304,121.4737,30.8,25.7,36.4,42.4,0,0,21.1,25.92,107.746,154.608,93.529,71.833,195,135
"552","2024-07-05","Shanghai","Shanghai","Municipality",31.2304,121.4737,30.9,25.7,36.1,42.5,0,0,17.3,25.85,86.517,124.296,79.875,84.5,191,131
"553","2024-07-06","Shanghai","Shanghai","Municipality",31.2304,121.4737,31.4,27.3,37.1,42.3,0,0,17.8,24.53,66.621,95.975,59.946,78.583,172,109
"554","2024-07-07","Shanghai","Shanghai","Municipality",31.2304,121.4737,31.8,27.6,36.9,42.5,0,0,16.2,24.39,69.542,100.6,67.642,78.5,163,99
"555","2024-07-08","Shanghai","Shanghai","Municipality",31.2304,121.4737,31.9,28.3,36.7,42.5,0,0,16.6,21.47,61.558,89.104,64.958,85.292,160,96
"556","2024-07-09","Shanghai","Shanghai","Municipality",31.2304,121.4737,31,27.8,35.6,39.4,0,0,17.6,16.88,53.367,77.433,82.117,43.125,154,89
"557","2024-07-10","Shanghai","Shanghai","Municipality",31.2304,121.4737,28.4,25.2,32.7,36.9,10.9,10.9,18,8.51,59.05,86.633,108.908,23.125,160,95
"558","2024-07-11","Shanghai","Shanghai","Municipality",31.2304,121.4737,24.9,23,27,31.6,35.7,35.7,13,8.41,29.537,42.421,68.179,38.458,153,87
"559","2024-07-12","Shanghai","Shanghai","Municipality",31.2304,121.4737,25.2,23,28.9,34.3,45.2,45.2,10.2,7.9,76.467,109.504,67.179,54.583,163,99
"560","2024-07-13","Shanghai","Shanghai","Municipality",31.2304,121.4737,27.1,24.3,31.6,37.7,20.5,20.5,17.4,12.03,84.546,121.908,106.75,22.333,177,115
"561","2024-07-14","Shanghai","Shanghai","Municipality",31.2304,121.4737,27,24.4,30.7,37.6,26.3,26.3,11.7,10.48,84.55,121.713,111.108,14.875,180,118
"562","2024-07-15","Shanghai","Shanghai","Municipality",31.2304,121.4737,28.5,25.8,31.9,38.2,1.3,1.3,17.1,11.42,91.392,132.408,89.958,34.458,180,118
"563","2024-07-16","Shanghai","Shanghai","Municipality",31.2304,121.4737,29.8,27.1,33.8,39.5,0,0,22.7,25.23,25.071,38.329,37.558,33.833,176,113
"564","2024-07-17","Shanghai","Shanghai","Municipality",31.2304,121.4737,29.9,26.5,34.2,40.7,0,0,21.4,18.09,49.921,73.908,56.454,51.458,133,79
"565","2024-07-18","Shanghai","Shanghai","Municipality",31.2304,121.4737,31.1,27.4,35.9,41.2,0.9,0.9,17.8,20.91,68.192,98.742,86.125,61.333,156,91
"566","2024-07-19","Shanghai","Shanghai","Municipality",31.2304,121.4737,31.3,27.2,36.3,42.7,0.4,0.4,13.7,21.98,96.375,138.662,87.287,80,181,119
"567","2024-07-20","Shanghai","Shanghai","Municipality",31.2304,121.4737,31.5,28.1,35.8,41.6,0,0,20.2,23.71,46,68.196,53.008,58.042,179,117
"568","2024-07-21","Shanghai","Shanghai","Municipality",31.2304,121.4737,30.7,28,36,43.3,0,0,20.7,18,43.946,64.821,54.783,40.625,129,78
"569","2024-07-22","Shanghai","Shanghai","Municipality",31.2304,121.4737,30.8,27.7,35.5,41.5,0,0,25.8,26.07,20.687,31.85,35.321,24.375,121,75
"570","2024-07-23","Shanghai","Shanghai","Municipality",31.2304,121.4737,30.2,27.3,34.2,40.1,0,0,24.4,25.61,17.533,27.1,32.662,24.083,72,43
"571","2024-07-24","Shanghai","Shanghai","Municipality",31.2304,121.4737,30.1,27,33.8,38.5,0,0,24,24.71,17.392,27.488,25.254,28.75,68,37
"572","2024-07-25","Shanghai","Shanghai","Municipality",31.2304,121.4737,30,27.9,33.1,36.5,0.2,0.2,31.2,23.61,15.45,25.929,19.612,50.458,66,38
"573","2024-07-26","Shanghai","Shanghai","Municipality",31.2304,121.4737,28.7,27.3,30.8,33.7,9.7,9.7,39.2,12.21,14.892,24.708,18.754,55.792,63,35
"574","2024-07-27","Shanghai","Shanghai","Municipality",31.2304,121.4737,29.8,28,32.6,34.9,0.1,0.1,47.3,23.13,13.267,21.933,17.983,62.167,61,41
"575","2024-07-28","Shanghai","Shanghai","Municipality",31.2304,121.4737,29.8,27.5,33.2,36.8,0,0,35.4,25.24,13.775,22.313,24.108,41.167,60,30
"576","2024-07-29","Shanghai","Shanghai","Municipality",31.2304,121.4737,29.8,26.7,33.9,39.7,0,0,21.9,26.1,19.329,29.729,30.7,18.667,69,39
"577","2024-07-30","Shanghai","Shanghai","Municipality",31.2304,121.4737,30.3,27.1,34.4,39.9,0,0,22.7,25.62,13.592,21.438,29.008,16.625,70,39
"578","2024-07-31","Shanghai","Shanghai","Municipality",31.2304,121.4737,31.6,27.3,37.4,43.5,0.1,0.1,19.9,24.75,43.688,64.4,51.983,72.5,118,74
"579","2024-08-01","Shanghai","Shanghai","Municipality",31.2304,121.4737,33.4,29.1,38.2,43.9,0.4,0.4,14.4,24.59,73.337,106.275,69.317,80.5,162,98
"580","2024-08-02","Shanghai","Shanghai","Municipality",31.2304,121.4737,34.1,29.1,39.1,44.5,0.1,0.1,11.5,24.36,93.333,135.058,91.854,60.875,172,110
"581","2024-08-03","Shanghai","Shanghai","Municipality",31.2304,121.4737,33.4,28.8,39.8,46.2,1.3,1.3,14,23.73,129.746,186.846,77.367,86.958,228,163
"582","2024-08-04","Shanghai","Shanghai","Municipality",31.2304,121.4737,32.8,27.9,39.5,45.9,0,0,16.5,24.49,90.958,132.65,60.604,85.375,204,144
"583","2024-08-05","Shanghai","Shanghai","Municipality",31.2304,121.4737,31.8,27.5,37,42.8,0.3,0.3,18.6,24.29,61.925,91.792,45.513,77.792,175,113
"584","2024-08-06","Shanghai","Shanghai","Municipality",31.2304,121.4737,31.5,27.3,37.7,41.7,0,0,19.8,25.45,51.275,76.317,39.921,75.583,155,90
"585","2024-08-07","Shanghai","Shanghai","Municipality",31.2304,121.4737,31.1,27,37.5,43.9,2.4,2.4,18.4,24.15,61.942,93,43.467,77.917,155,90
"586","2024-08-08","Shanghai","Shanghai","Municipality",31.2304,121.4737,31.8,26.9,38.4,45.2,0.3,0.3,15.1,24.83,67.804,99.858,49.862,50.167,159,94
"587","2024-08-09","Shanghai","Shanghai","Municipality",31.2304,121.4737,32.3,27.2,39,45.2,0,0,17.1,23.94,55.967,83.179,52.083,43.375,162,98
"588","2024-08-10","Shanghai","Shanghai","Municipality",31.2304,121.4737,32.5,28,38.3,43.4,0,0,17.4,23.62,56.287,85.229,51.471,70.208,151,85
"589","2024-08-11","Shanghai","Shanghai","Municipality",31.2304,121.4737,33.3,28.8,39.4,44.9,0.3,0.3,17.7,23.97,76.692,114.85,55.912,124.875,212,100
"590","2024-08-12","Shanghai","Shanghai","Municipality",31.2304,121.4737,31.1,27.9,36.9,45.7,14.1,14.1,14.2,22.33,118.983,172.804,90.283,106.417,218,136
"591","2024-08-13","Shanghai","Shanghai","Municipality",31.2304,121.4737,30.2,27.3,34.2,40,0.3,0.3,19.5,23.68,43.704,70.725,32.067,108.458,195,135
"592","2024-08-14","Shanghai","Shanghai","Municipality",31.2304,121.4737,29.7,26.3,33.3,38,0.2,0.2,17.3,23.9,13.679,26.3,33.821,75.125,121,75
"593","2024-08-15","Shanghai","Shanghai","Municipality",31.2304,121.4737,29.5,26.3,33.3,37.7,0.6,0.6,16.5,23.11,16.608,29.533,39.017,68.292,64,56
"594","2024-08-16","Shanghai","Shanghai","Municipality",31.2304,121.4737,29.3,26,32.9,38.4,0.2,0.2,16.5,22.26,19.654,32.133,42.004,55.042,71,47
"595","2024-08-17","Shanghai","Shanghai","Municipality",31.2304,121.4737,29.9,26.2,33.8,38.1,0,0,18.4,23.72,28.471,46.046,44.95,54.75,87,63
"596","2024-08-18","Shanghai","Shanghai","Municipality",31.2304,121.4737,29.8,26,34.2,39.1,2.3,2.3,16.5,20.88,39.446,58.637,40.429,55.875,115,73
"597","2024-08-19","Shanghai","Shanghai","Municipality",31.2304,121.4737,30.9,27.3,35.1,38.6,0.3,0.3,23.4,21.85,35.904,53.833,37.517,49.583,110,72
"598","2024-08-20","Shanghai","Shanghai","Municipality",31.2304,121.4737,32.1,28,36.4,41.5,0.2,0.2,20.6,23.38,34.708,51.625,43.771,46.625,104,70
"599","2024-08-21","Shanghai","Shanghai","Municipality",31.2304,121.4737,31.1,27.1,36.8,40.8,18.8,18.8,22,21.16,28.225,42.142,53.071,48.042,100,68
"600","2024-08-22","Shanghai","Shanghai","Municipality",31.2304,121.4737,30.2,25.9,35.1,40.4,0,0,12.9,23.22,93.05,133.529,98.287,82.625,176,114
"601","2024-08-23","Shanghai","Shanghai","Municipality",31.2304,121.4737,30.9,26.5,36.4,41.8,0,0,17.5,23.46,78.775,115.233,52.625,110.5,186,114
"602","2024-08-24","Shanghai","Shanghai","Municipality",31.2304,121.4737,30.3,26.3,35.5,40.5,0,0,18,24.17,59.946,89.683,44.058,74.292,168,104
"603","2024-08-25","Shanghai","Shanghai","Municipality",31.2304,121.4737,30.5,26.7,35.6,40.5,0.4,0.4,19.2,22.42,53.479,80.558,41.133,77.667,153,88
"604","2024-08-26","Shanghai","Shanghai","Municipality",31.2304,121.4737,31,26.6,36.5,41.5,0.8,0.8,17.6,23.12,54.063,79.979,43.592,44.958,147,83
"605","2024-08-27","Shanghai","Shanghai","Municipality",31.2304,121.4737,29.2,25.4,34.4,40.8,11.4,11.4,12.3,13.48,57.096,83.179,95.596,24.625,152,87
"606","2024-08-28","Shanghai","Shanghai","Municipality",31.2304,121.4737,28.3,25.1,31.6,38.6,9.4,9.4,15.8,20.3,36.371,54.883,74.462,33.875,163,99
"607","2024-08-29","Shanghai","Shanghai","Municipality",31.2304,121.4737,29.5,27,33.3,38.6,0.8,0.8,16.6,22.49,18.85,33.208,47.758,50.125,102,69
"608","2024-08-30","Shanghai","Shanghai","Municipality",31.2304,121.4737,29,25.2,33.2,38.2,0,0,14,22.69,37.35,59.4,78.4,34.417,104,70
"609","2024-08-31","Shanghai","Shanghai","Municipality",31.2304,121.4737,29.4,25.4,34.7,38.9,0,0,14.4,22.14,40.517,63.975,64.079,68,110,72
"610","2024-09-01","Shanghai","Shanghai","Municipality",31.2304,121.4737,30.3,24.7,36.7,42,0.1,0.1,17.1,22.31,80.475,121.858,54.604,99.542,168,104
"611","2024-09-02","Shanghai","Shanghai","Municipality",31.2304,121.4737,31.1,26.7,36.9,41.2,0.6,0.6,15.4,19.78,64.713,98.029,65.725,60.667,168,104
"612","2024-09-03","Shanghai","Shanghai","Municipality",31.2304,121.4737,28.6,27,30.3,34.6,1.5,1.5,18.4,10.16,35.596,57.775,74.2,32.292,160,96
"613","2024-09-04","Shanghai","Shanghai","Municipality",31.2304,121.4737,29.3,26.3,33.2,37.5,1.9,1.9,16.5,17.76,45.85,72.033,55.062,76.917,135,77
"614","2024-09-05","Shanghai","Shanghai","Municipality",31.2304,121.4737,29.6,25.7,35.1,39.4,0,0,17.6,21.4,28.433,45.137,40.458,68.625,126,77
"615","2024-09-06","Shanghai","Shanghai","Municipality",31.2304,121.4737,29.7,25.4,34.4,37.6,0,0,16.2,20.33,30.671,50.004,44.738,55.292,99,68
"616","2024-09-07","Shanghai","Shanghai","Municipality",31.2304,121.4737,29.8,25.7,34.8,37.9,0.2,0.2,18,20.6,30.683,51.354,40.763,57.625,98,67
"617","2024-09-08","Shanghai","Shanghai","Municipality",31.2304,121.4737,29.6,26.1,34.1,37.4,0.1,0.1,20.6,21.16,17.967,29.446,39.867,31.958,91,65
"618","2024-09-09","Shanghai","Shanghai","Municipality",31.2304,121.4737,29.7,26.3,34.1,38.2,0.5,0.5,19.5,20.98,18.558,30.812,36.188,37.708,67,36
"619","2024-09-10","Shanghai","Shanghai","Municipality",31.2304,121.4737,28.2,26.6,31.6,33.7,17.4,17.4,22.9,9.12,19.729,33.804,40.95,46,77,53
"620","2024-09-11","Shanghai","Shanghai","Municipality",31.2304,121.4737,28.3,26.2,31.8,36.2,25.7,25.7,22.7,13.65,18.45,29.675,29.617,24.958,70,39
"621","2024-09-12","Shanghai","Shanghai","Municipality",31.2304,121.4737,28.4,26.5,31,36,0.2,0.2,18.3,13.84,30.417,48.329,34.962,64.75,93,65
"622","2024-09-13","Shanghai","Shanghai","Municipality",31.2304,121.4737,28.6,25.9,32.7,38.2,0,0,13.7,21.21,38.938,59.142,36.937,23.583,106,70
"623","2024-09-14","Shanghai","Shanghai","Municipality",31.2304,121.4737,27.7,24.6,31.1,36,0.1,0.1,17.3,19.25,15.858,25.087,30.4,16.917,117,74
"624","2024-09-15","Shanghai","Shanghai","Municipality",31.2304,121.4737,28.6,26.5,32,35,0.9,0.9,31.4,19.56,12.242,21.729,28.342,41.75,63,32
"625","2024-09-16","Shanghai","Shanghai","Municipality",31.2304,121.4737,27.3,26.2,28.7,34.4,51.8,51.8,56.2,3.42,13.525,21.262,31.633,16.333,60,28
"626","2024-09-17","Shanghai","Shanghai","Municipality",31.2304,121.4737,28.3,26.2,31.6,35.5,0.5,0.5,22.5,14.41,20.171,31.854,28.938,26.333,71,40
"627","2024-09-18","Shanghai","Shanghai","Municipality",31.2304,121.4737,27.6,25.1,30.7,34.5,1.1,1.1,22.2,17.78,13.496,22.729,28.767,26.375,75,50
"628","2024-09-19","Shanghai","Shanghai","Municipality",31.2304,121.4737,28.5,26.9,30.6,33.7,4.2,4.2,34.2,17.29,10.842,18.429,23.667,17.167,58,27
"629","2024-09-20","Shanghai","Shanghai","Municipality",31.2304,121.4737,26.7,25.9,27.9,33,75.7,75.7,19.8,2.31,20.121,30.046,51.079,9.417,69,44
"630","2024-09-21","Shanghai","Shanghai","Municipality",31.2304,121.4737,25.2,21.7,27.8,31.6,4.8,4.8,29.9,10.94,24.158,37.671,49.325,29.292,89,64
"631","2024-09-22","Shanghai","Shanghai","Municipality",31.2304,121.4737,22.5,19.3,25,24.5,0,0,30.2,13.04,20.583,36.488,47.412,50.208,79,57
"632","2024-09-23","Shanghai","Shanghai","Municipality",31.2304,121.4737,22,17.8,25.9,27,0,0,17.3,18.72,26.537,42.437,68.442,22.5,81,60
"633","2024-09-24","Shanghai","Shanghai","Municipality",31.2304,121.4737,22.6,21.1,25,28.3,2.5,2.5,10,6.73,55.304,83.467,77.804,6.458,141,81
"634","2024-09-25","Shanghai","Shanghai","Municipality",31.2304,121.4737,23.6,21.2,26.8,30.9,6.4,6.4,6.2,8.15,50.237,75.096,78.979,6.625,163,99
"635","2024-09-26","Shanghai","Shanghai","Municipality",31.2304,121.4737,25,22.8,27.5,30.3,0,0,15.3,13.14,21.458,37.133,60.546,33.542,137,80
"636","2024-09-27","Shanghai","Shanghai","Municipality",31.2304,121.4737,24.8,22.1,28.1,30,0.5,0.5,20.5,18.16,25.921,48.463,46.613,73.375,89,64
"637","2024-09-28","Shanghai","Shanghai","Municipality",31.2304,121.4737,24.2,21.3,27.5,30,0,0,21,18.96,23.571,42.796,38.762,85.375,84,62
"638","2024-09-29","Shanghai","Shanghai","Municipality",31.2304,121.4737,25.9,23.3,28.9,31.4,0,0,23,16.57,18.133,34.071,30.683,72.917,77,54
"639","2024-09-30","Shanghai","Shanghai","Municipality",31.2304,121.4737,26.1,23.8,29.1,32.4,1.2,1.2,19.9,16.67,23.15,40.9,34.55,66.75,78,56
"640","2024-10-01","Shanghai","Shanghai","Municipality",31.2304,121.4737,22.7,20.2,25.2,29.4,4.9,4.9,33.2,11.53,19.217,31.175,39.967,32.583,78,54
"641","2024-10-02","Shanghai","Shanghai","Municipality",31.2304,121.4737,19.9,16.3,23.4,20.5,0,0,27.2,15.87,15.913,28.371,33.279,60.292,69,38
"642","2024-10-03","Shanghai","Shanghai","Municipality",31.2304,121.4737,18.9,16.1,22.7,20.2,0.2,0.2,26.2,19.61,15.358,26.988,44.175,51.333,64,40
"643","2024-10-04","Shanghai","Shanghai","Municipality",31.2304,121.4737,20,14.9,24.5,22.8,0,0,24.4,16.35,17.396,30.054,49.979,48.333,66,47
"644","2024-10-05","Shanghai","Shanghai","Municipality",31.2304,121.4737,22,19.7,24.8,25.1,14.5,14.5,23.1,5.03,15.463,28.45,38.929,60.417,66,35
"645","2024-10-06","Shanghai","Shanghai","Municipality",31.2304,121.4737,20.6,19.2,22.1,23,43.9,43.9,24.2,4.62,14.942,24.804,52.717,46.167,62,38
"646","2024-10-07","Shanghai","Shanghai","Municipality",31.2304,121.4737,18.9,16.5,20.5,20.4,5.7,5.7,22.6,3.73,21.933,34.154,64.058,27.042,74,47
"647","2024-10-08","Shanghai","Shanghai","Municipality",31.2304,121.4737,18.4,15.6,22.3,21.4,1.6,1.6,22.3,17.49,29.579,46.825,52.4,26.042,88,63
"648","2024-10-09","Shanghai","Shanghai","Municipality",31.2304,121.4737,17.5,13.9,21.6,21.4,0,0,11.2,15.23,51.338,80.167,70.179,12.5,132,79
"649","2024-10-10","Shanghai","Shanghai","Municipality",31.2304,121.4737,17.3,11.8,22.5,22.3,0,0,10.5,16.44,75.504,112.771,71.85,12.25,167,103
"650","2024-10-11","Shanghai","Shanghai","Municipality",31.2304,121.4737,19.1,14.7,23.9,24.9,0,0,12,18.07,71.508,112.083,74.108,42.833,164,100
"651","2024-10-12","Shanghai","Shanghai","Municipality",31.2304,121.4737,20.8,16.9,24.7,25.4,0,0,16.3,14.81,37.717,65.171,51.771,66.292,161,97
"652","2024-10-13","Shanghai","Shanghai","Municipality",31.2304,121.4737,22.2,19.5,25.4,25.7,0,0,16.5,7.32,18.946,33.542,39.875,70,106,70
"653","2024-10-14","Shanghai","Shanghai","Municipality",31.2304,121.4737,23.1,20.6,27.3,30.7,3.8,3.8,13.9,11.71,45.888,71.708,70.212,23.125,122,76
"654","2024-10-15","Shanghai","Shanghai","Municipality",31.2304,121.4737,20.9,20.1,22.3,24.2,8.4,8.4,15.2,5.4,30.575,46.65,61.483,20.625,135,79
"655","2024-10-16","Shanghai","Shanghai","Municipality",31.2304,121.4737,21.7,19.8,23.9,24.9,11.1,11.1,19.5,4.91,21.55,37.533,51.325,36.542,91,64
"656","2024-10-17","Shanghai","Shanghai","Municipality",31.2304,121.4737,23.2,21,26.4,28.4,11.7,11.7,18,14.67,24.471,44.258,40.308,65.333,83,61
"657","2024-10-18","Shanghai","Shanghai","Municipality",31.2304,121.4737,25,22,29.4,32.7,0.6,0.6,16.8,13.47,35.721,52.967,74.375,14.708,98,68
"658","2024-10-19","Shanghai","Shanghai","Municipality",31.2304,121.4737,19.2,17,22.5,24.2,0.4,0.4,34.1,6.17,21.275,33.512,43.867,31.417,114,73
"659","2024-10-20","Shanghai","Shanghai","Municipality",31.2304,121.4737,18.8,16.6,21.5,22.7,3.3,3.3,20.2,7.16,26.142,42.246,54.162,23.042,82,61
"660","2024-10-21","Shanghai","Shanghai","Municipality",31.2304,121.4737,20.9,18.3,23.8,26,0.5,0.5,10.4,10.02,51.871,79.696,64.729,11.292,134,79
"661","2024-10-22","Shanghai","Shanghai","Municipality",31.2304,121.4737,18.8,15.3,20.2,22.7,0.1,0.1,23.6,8.62,37.808,55,50.833,6.333,158,93
"662","2024-10-23","Shanghai","Shanghai","Municipality",31.2304,121.4737,15,11.6,18.7,17.1,0,0,22.5,15.64,35.817,55.125,51.612,19,106,70
"663","2024-10-24","Shanghai","Shanghai","Municipality",31.2304,121.4737,16.7,12.9,20.2,18.1,0,0,21,14.34,21.229,38.104,46.8,38.167,101,69
"664","2024-10-25","Shanghai","Shanghai","Municipality",31.2304,121.4737,20.7,16.9,24.2,22.4,0.4,0.4,27.1,12.72,17.321,32.8,25.946,65.625,73,45
"665","2024-10-26","Shanghai","Shanghai","Municipality",31.2304,121.4737,22.5,21.5,24.8,26.9,10.6,10.6,21,5.6,12.737,20.563,36.488,39.833,66,35
"666","2024-10-27","Shanghai","Shanghai","Municipality",31.2304,121.4737,20,17.3,22.5,26,6.3,6.3,26.5,2.9,17.258,27.125,49.925,28.042,64,33
"667","2024-10-28","Shanghai","Shanghai","Municipality",31.2304,121.4737,17.1,13.8,19.9,18.5,0.3,0.3,19.3,9.84,35.004,60.625,58.892,18.958,99,68
"668","2024-10-29","Shanghai","Shanghai","Municipality",31.2304,121.4737,15.7,12.2,20.1,17.9,0,0,16.6,15.16,28.225,45.867,62.408,19.75,99,68
"669","2024-10-30","Shanghai","Shanghai","Municipality",31.2304,121.4737,17.9,14.1,21.5,19.7,0,0,23.2,9.35,19.837,35.25,42.354,48.958,86,63
"670","2024-10-31","Shanghai","Shanghai","Municipality",31.2304,121.4737,19.9,17.8,21.9,21.8,24,24,25,6.02,19.437,35.987,32.708,58.833,74,48
"671","2024-11-01","Shanghai","Shanghai","Municipality",31.2304,121.4737,19.7,17.3,22.3,25,106.8,106.8,41.1,1.37,8.792,13.9,29.138,53.5,70,39
"672","2024-11-02","Shanghai","Shanghai","Municipality",31.2304,121.4737,18.2,15.9,21.7,20.8,0,0,24.5,13.65,48.879,84.833,60.221,32.208,128,77
"673","2024-11-03","Shanghai","Shanghai","Municipality",31.2304,121.4737,17.5,14.1,22.6,24.1,0,0,8.1,14.3,57.792,90.413,71.821,12.167,158,93
"674","2024-11-04","Shanghai","Shanghai","Municipality",31.2304,121.4737,17.6,14.7,21.6,20.5,0,0,19.6,12.04,50.862,85.604,61.75,35.5,152,86
"675","2024-11-05","Shanghai","Shanghai","Municipality",31.2304,121.4737,15,12.1,17.8,15,0,0,19.9,14.06,20.096,34.996,46.988,24.5,138,81
"676","2024-11-06","Shanghai","Shanghai","Municipality",31.2304,121.4737,13.7,10.6,18,14.9,0,0,17.6,14.49,22.042,36.088,55.15,24.167,77,54
"677","2024-11-07","Shanghai","Shanghai","Municipality",31.2304,121.4737,13.7,10.3,17.3,14.6,0,0,14.5,8.56,22.15,36.838,58.229,23.667,75,48
"678","2024-11-08","Shanghai","Shanghai","Municipality",31.2304,121.4737,15.9,12.2,19.3,18,0,0,18.3,9.05,19.467,33.017,53.058,29.833,76,52
"679","2024-11-09","Shanghai","Shanghai","Municipality",31.2304,121.4737,19,17.3,21.5,20.2,0,0,21.9,8.27,16.658,30.6,41.917,43.125,70,39
"680","2024-11-10","Shanghai","Shanghai","Municipality",31.2304,121.4737,17.1,14.6,18.7,18.2,1.7,1.7,18.6,3.63,20.483,33.7,58.817,18.25,71,40
"681","2024-11-11","Shanghai","Shanghai","Municipality",31.2304,121.4737,16.5,13.7,21,20.3,0,0,14.1,12.76,33.683,58.492,61.45,15.833,95,66
"682","2024-11-12","Shanghai","Shanghai","Municipality",31.2304,121.4737,16.5,12.8,20.7,19.7,0,0,16.4,12.03,42.975,67.546,66.721,24.375,118,74
"683","2024-11-13","Shanghai","Shanghai","Municipality",31.2304,121.4737,18.1,15.3,21.6,21.7,0,0,11.4,10.74,47.108,50.471,64.067,42.625,141,81
"684","2024-11-14","Shanghai","Shanghai","Municipality",31.2304,121.4737,20,17.6,23.3,24.7,9.5,9.5,13.6,6.13,31.954,34.275,68.133,30.458,129,78
"685","2024-11-15","Shanghai","Shanghai","Municipality",31.2304,121.4737,20.3,19.4,22.2,24.9,2.2,2.2,10.5,4.46,37.712,38.333,65.958,3.583,109,71
"686","2024-11-16","Shanghai","Shanghai","Municipality",31.2304,121.4737,19.8,18,22.7,24.2,0.8,0.8,11.8,7.88,24.092,25.321,57.338,11.542,106,70
"687","2024-11-17","Shanghai","Shanghai","Municipality",31.2304,121.4737,16.2,13.8,18.2,19,1.7,1.7,20.3,4.34,15.792,18.467,35.367,45.75,78,56
"688","2024-11-18","Shanghai","Shanghai","Municipality",31.2304,121.4737,13.1,12,14.1,10.8,0.1,0.1,18,5.87,14,17.029,29.467,50.833,63,32
"689","2024-11-19","Shanghai","Shanghai","Municipality",31.2304,121.4737,12.7,10.9,15,12.6,0,0,10.3,8.2,26.062,28.812,52.217,34,78,56
"690","2024-11-20","Shanghai","Shanghai","Municipality",31.2304,121.4737,11.8,10,14.3,12.2,0,0,9.5,7.1,41.125,42.704,72.888,11.208,117,74
"691","2024-11-21","Shanghai","Shanghai","Municipality",31.2304,121.4737,11,7.8,14.6,12,0,0,10.7,12.91,74.754,75.467,70.858,9.042,162,98
"692","2024-11-22","Shanghai","Shanghai","Municipality",31.2304,121.4737,11.8,8.2,15.9,14.3,0,0,12,12.36,73.096,78.492,73.271,16.458,179,116
"693","2024-11-23","Shanghai","Shanghai","Municipality",31.2304,121.4737,12,9.6,15.5,12.9,0,0,10.8,11.74,33.687,35.946,64.917,17,163,98
"694","2024-11-24","Shanghai","Shanghai","Municipality",31.2304,121.4737,12.7,9.5,16.6,14.4,0,0,9.3,10.8,40.925,43.342,64.883,19.25,116,74
"695","2024-11-25","Shanghai","Shanghai","Municipality",31.2304,121.4737,14,10.1,18,18,12.8,12.8,19.1,4.43,48.354,50.342,71.25,11.583,137,80
"696","2024-11-26","Shanghai","Shanghai","Municipality",31.2304,121.4737,8.5,6.6,10.7,6.3,2.3,2.3,18.6,11.28,47.108,57.054,59.504,11.417,140,81
"697","2024-11-27","Shanghai","Shanghai","Municipality",31.2304,121.4737,7.6,4.7,11.5,6.5,0,0,18.3,13.09,52.142,56.704,66.646,11.792,144,82
"698","2024-11-28","Shanghai","Shanghai","Municipality",31.2304,121.4737,7.8,4,12.5,7.8,0,0,19.4,13.19,57.262,63.733,67,11.792,155,90
"699","2024-11-29","Shanghai","Shanghai","Municipality",31.2304,121.4737,8.5,3.5,13.6,9.3,0,0,13.9,13.05,68.225,70.604,66.679,7.375,157,92
"700","2024-11-30","Shanghai","Shanghai","Municipality",31.2304,121.4737,9.7,4.1,15.7,13.7,0,0,7.4,12.89,128.629,131.271,77.179,3.583,208,147
"701","2024-12-01","Shanghai","Shanghai","Municipality",31.2304,121.4737,12.5,7.8,18.1,15.4,0,0,9.2,12.66,92.462,94.262,79.675,13.542,203,143
"702","2024-12-02","Shanghai","Shanghai","Municipality",31.2304,121.4737,13.6,8.9,20.5,18.7,0,0,8.8,12.59,126.979,129.404,102.85,4.875,210,149
"703","2024-12-03","Shanghai","Shanghai","Municipality",31.2304,121.4737,12.3,10,15.8,14,0,0,12.7,10.25,50.454,56.75,57.596,26.708,201,142
"704","2024-12-04","Shanghai","Shanghai","Municipality",31.2304,121.4737,11.7,9.6,14.5,12.4,0.1,0.1,8.3,8.56,41.937,48.133,65.983,19.042,137,80
"705","2024-12-05","Shanghai","Shanghai","Municipality",31.2304,121.4737,9.9,7.7,12.6,10.2,0.9,0.9,7.4,4.98,101.304,106.442,81.842,4.375,180,118
"706","2024-12-06","Shanghai","Shanghai","Municipality",31.2304,121.4737,9,6.8,13.3,10.5,0,0,8.3,8.66,151.862,156.696,78.192,5.208,225,160
"707","2024-12-07","Shanghai","Shanghai","Municipality",31.2304,121.4737,8.9,5.5,13,10.1,0,0,14.1,11.49,112.625,115.467,74.038,17.917,241,173
"708","2024-12-08","Shanghai","Shanghai","Municipality",31.2304,121.4737,6.4,3.1,9.6,5.5,0,0,14.9,10.52,36.85,38.588,56.371,20.083,191,130
"709","2024-12-09","Shanghai","Shanghai","Municipality",31.2304,121.4737,7.1,3.3,11,8.3,0,0,7.6,11.87,64.092,66.658,72.562,9.917,155,90
"710","2024-12-10","Shanghai","Shanghai","Municipality",31.2304,121.4737,8.9,8,10.2,7.9,5.9,5.9,10.8,1.64,58.9,62.512,72.258,8.667,161,96
"711","2024-12-11","Shanghai","Shanghai","Municipality",31.2304,121.4737,7.6,5.8,8.2,6,9.9,9.9,14,1.84,53.454,55.179,54.088,17.458,152,87
"712","2024-12-12","Shanghai","Shanghai","Municipality",31.2304,121.4737,7.5,5,10.3,7.1,0,0,12,5.41,45.292,48.312,56.3,20.792,158,94
"713","2024-12-13","Shanghai","Shanghai","Municipality",31.2304,121.4737,7.1,5.1,9.9,5.8,0.1,0.1,16,5.36,79.683,81.733,75.179,6.083,165,101
"714","2024-12-14","Shanghai","Shanghai","Municipality",31.2304,121.4737,4.1,1.8,7.1,2.3,0,0,13.7,12.3,64.546,65.962,58.75,10.125,172,109
"715","2024-12-15","Shanghai","Shanghai","Municipality",31.2304,121.4737,3.5,-0.3,8.1,3.7,0,0,10.3,12.45,109.417,112.75,75.575,10.208,186,124
"716","2024-12-16","Shanghai","Shanghai","Municipality",31.2304,121.4737,5,0.7,10.4,6.3,0,0,10.4,12.41,163.1,165.304,81.962,6.125,231,166
"717","2024-12-17","Shanghai","Shanghai","Municipality",31.2304,121.4737,6.4,1,12.8,9.2,0,0,8.2,12.39,168.571,171.162,91.854,5.458,276,201
"718","2024-12-18","Shanghai","Shanghai","Municipality",31.2304,121.4737,5.2,3.1,8.6,4.4,0.4,0.4,17.2,11.22,56.379,58.85,56.183,22.25,243,175
"719","2024-12-19","Shanghai","Shanghai","Municipality",31.2304,121.4737,4.4,1.5,7.3,3.7,0,0,12,6.89,52.921,55.321,60.042,13.792,151,85
"720","2024-12-20","Shanghai","Shanghai","Municipality",31.2304,121.4737,5.1,1.5,9.4,6.2,0,0,8.1,12.03,139.671,142.675,70.579,5.167,207,146
"721","2024-12-21","Shanghai","Shanghai","Municipality",31.2304,121.4737,3.9,1.3,7.4,2.3,0,0,16.7,12.18,96.717,101.25,63.275,14,230,164
"722","2024-12-22","Shanghai","Shanghai","Municipality",31.2304,121.4737,3.7,0.6,6.6,2.7,0,0,14.4,7.85,56.129,59.362,55.6,14.167,179,117
"723","2024-12-23","Shanghai","Shanghai","Municipality",31.2304,121.4737,6.2,3.9,9.1,6.1,0,0,7.7,4.36,50.162,53.383,61.633,12,151,85
"724","2024-12-24","Shanghai","Shanghai","Municipality",31.2304,121.4737,6.9,3.1,10.7,7.9,0,0,8.4,11.39,63.75,68.054,63.746,13.5,154,89
"725","2024-12-25","Shanghai","Shanghai","Municipality",31.2304,121.4737,7.6,4.7,11.6,10,0,0,6.9,4.38,117.117,122.338,73.646,9.5,192,131
"726","2024-12-26","Shanghai","Shanghai","Municipality",31.2304,121.4737,6.5,3.4,11,7.4,0,0,12.6,11.22,104.383,107.162,57.683,14.917,220,156
"727","2024-12-27","Shanghai","Shanghai","Municipality",31.2304,121.4737,4.9,2,8.2,4.6,0,0,12.2,10.93,69.454,72.45,65.008,13.292,185,124
"728","2024-12-28","Shanghai","Shanghai","Municipality",31.2304,121.4737,2.3,-0.7,5.1,-0.2,0,0,16.3,12.7,87.167,89.383,62.925,11.875,170,107
"729","2024-12-29","Shanghai","Shanghai","Municipality",31.2304,121.4737,3.1,-1,8.3,4.7,0,0,10.2,12.59,130.012,132.662,73.708,5.583,222,158
"730","2024-12-30","Shanghai","Shanghai","Municipality",31.2304,121.4737,7.2,2.9,13,8.9,0,0,12,12.33,87.921,89.758,75.737,9.167,205,144
"731","2024-12-31","Shanghai","Shanghai","Municipality",31.2304,121.4737,6,2.3,9.7,6.2,0,0,11,12.17,91.579,99.721,69.692,12.292,188,127
"732","2025-01-01","Shanghai","Shanghai","Municipality",31.2304,121.4737,6.3,1.2,11.9,9.4,0,0,8.8,12.41,84.833,90.075,73.771,19.583,180,118
"733","2025-01-02","Shanghai","Shanghai","Municipality",31.2304,121.4737,8.3,5.1,13.4,10.7,0,0,10.6,11.43,63.662,68.05,69.133,16.833,171,108
"734","2025-01-03","Shanghai","Shanghai","Municipality",31.2304,121.4737,6.6,3.4,11.1,7.9,0,0,10.1,11.24,58.987,64.375,61.246,18.958,156,91
"735","2025-01-04","Shanghai","Shanghai","Municipality",31.2304,121.4737,7.4,3,12.4,9.2,0,0,9,11.44,66.158,69.913,65.204,18.083,160,96
"736","2025-01-05","Shanghai","Shanghai","Municipality",31.2304,121.4737,9.6,6.1,14.1,10.7,0,0,13.4,10.88,133.538,137.887,86.2,12.25,202,142
"737","2025-01-06","Shanghai","Shanghai","Municipality",31.2304,121.4737,7.7,4.6,11.1,6.1,0,0,15.1,12.83,105.175,111.5,77.146,14.708,230,164
"738","2025-01-07","Shanghai","Shanghai","Municipality",31.2304,121.4737,5.2,1.5,8.8,4.9,0,0,9.6,11.12,103.742,110.338,68.608,7.083,185,124
"739","2025-01-08","Shanghai","Shanghai","Municipality",31.2304,121.4737,5.5,0.1,11,6.4,0,0,13.6,12.48,150.158,152.404,77.025,6.375,249,180
"740","2025-01-09","Shanghai","Shanghai","Municipality",31.2304,121.4737,2.5,0.2,4.5,-0.3,0,0,15.8,12.59,30.992,32.196,48.846,26.208,225,160
"741","2025-01-10","Shanghai","Shanghai","Municipality",31.2304,121.4737,1.1,-1.6,4.1,-0.7,0,0,11.9,12.58,57.488,58.733,56.104,18.208,143,82
"742","2025-01-11","Shanghai","Shanghai","Municipality",31.2304,121.4737,2.1,-1,5.6,1,0,0,8.1,9.23,132.138,134.071,74.125,4.833,202,142
"743","2025-01-12","Shanghai","Shanghai","Municipality",31.2304,121.4737,4.3,0.8,9.7,5,0.1,0.1,12.6,8.25,146.029,149.779,80.596,5.208,230,164
"744","2025-01-13","Shanghai","Shanghai","Municipality",31.2304,121.4737,6.8,1.2,13.1,9.6,0,0,9.8,13.22,131.021,132.888,97.617,11.167,230,165
"745","2025-01-14","Shanghai","Shanghai","Municipality",31.2304,121.4737,10.2,6.1,16.5,14.2,0,0,15.2,8.45,147.508,149.379,80.325,11.5,228,163
"746","2025-01-15","Shanghai","Shanghai","Municipality",31.2304,121.4737,3.7,0.4,7.2,2.7,0,0,18.2,13.62,42.933,44.475,42.137,27.708,222,158
"747","2025-01-16","Shanghai","Shanghai","Municipality",31.2304,121.4737,1.8,-2.7,6.4,1.8,0,0,7.9,12.26,123.642,125.742,73.579,5.875,195,135
"748","2025-01-17","Shanghai","Shanghai","Municipality",31.2304,121.4737,4,-1.4,9.8,6.1,0,0,6.8,14.01,162.346,165.425,88.563,5.792,247,178
"749","2025-01-18","Shanghai","Shanghai","Municipality",31.2304,121.4737,6.4,1.3,12.4,8.8,0,0,8.8,13.59,102.108,109.637,74.646,15.708,237,170
"750","2025-01-19","Shanghai","Shanghai","Municipality",31.2304,121.4737,8.5,2.8,14.5,10.7,0,0,7.9,12.83,178.967,182.85,84.912,5.458,242,174
"751","2025-01-20","Shanghai","Shanghai","Municipality",31.2304,121.4737,8,2.3,13.4,9.7,0,0,8.5,12.74,204.929,209.879,100.467,7.167,323,239
"752","2025-01-21","Shanghai","Shanghai","Municipality",31.2304,121.4737,7.8,2.1,14.9,11.9,0,0,9.9,14.03,111.137,126.762,67.238,15.875,279,204
"753","2025-01-22","Shanghai","Shanghai","Municipality",31.2304,121.4737,10.8,6.1,16.3,13.3,0,0,13,13.56,40.492,44.796,59.262,31.458,190,129
"754","2025-01-23","Shanghai","Shanghai","Municipality",31.2304,121.4737,11,8.6,14.7,12.5,0.2,0.2,12.3,7.96,44.329,48.617,60.875,26.25,124,76
"755","2025-01-24","Shanghai","Shanghai","Municipality",31.2304,121.4737,10.6,8.3,14.5,11.8,0,0,13.6,7.97,40.188,45.292,43.262,32.833,122,75
"756","2025-01-25","Shanghai","Shanghai","Municipality",31.2304,121.4737,9.5,8.9,10.7,7.1,0,0,15.7,4.75,32.562,36.904,39.512,34.542,112,72
"757","2025-01-26","Shanghai","Shanghai","Municipality",31.2304,121.4737,7.5,4.8,8.7,5.7,2.4,2.4,16.2,2.99,46.317,49.204,56.304,13.875,133,79
"758","2025-01-27","Shanghai","Shanghai","Municipality",31.2304,121.4737,3,0.2,5.5,0,0,0,16.8,15.05,41.238,52.35,51.417,20.958,127,77
"759","2025-01-28","Shanghai","Shanghai","Municipality",31.2304,121.4737,2.2,-2.1,6.5,1.2,0,0,15.1,15.19,46.617,47.671,62.617,25.833,125,76
"760","2025-01-29","Shanghai","Shanghai","Municipality",31.2304,121.4737,2.9,-1.5,7.7,4,0,0,9.2,15.17,77.479,78.921,76.662,12.708,166,102
"761","2025-01-30","Shanghai","Shanghai","Municipality",31.2304,121.4737,7.6,1.8,13.5,9.4,0,0,16,14.75,32.667,34.458,42.279,53,166,102
"762","2025-01-31","Shanghai","Shanghai","Municipality",31.2304,121.4737,9.7,8,12.7,11.7,9.7,9.7,13.8,2.73,85.467,87.479,64.608,24.375,169,106
"763","2025-02-01","Shanghai","Shanghai","Municipality",31.2304,121.4737,8.4,6.7,11,7.1,5.8,5.8,20.3,6.91,32.075,33.604,55.421,30.042,177,114
"764","2025-02-02","Shanghai","Shanghai","Municipality",31.2304,121.4737,6.5,4.8,8.5,5.3,0.6,0.6,15.3,7.87,41.462,48.925,47.079,42.083,112,72
"765","2025-02-03","Shanghai","Shanghai","Municipality",31.2304,121.4737,5.2,2.4,8.4,4.2,0,0,15.7,13.22,50.025,55.329,46.021,35.5,136,80
"766","2025-02-04","Shanghai","Shanghai","Municipality",31.2304,121.4737,3.8,-0.2,8,4.2,0.1,0.1,18.8,12.46,129.883,137.979,79.613,14.792,195,135
"767","2025-02-05","Shanghai","Shanghai","Municipality",31.2304,121.4737,4.7,0.6,11.3,7.3,0,0,19.9,14.8,124.633,133.838,70.267,23.583,255,185
"768","2025-02-06","Shanghai","Shanghai","Municipality",31.2304,121.4737,3.9,-1,8.5,5,0,0,7.2,16.01,81.275,83.954,70.458,15.875,199,140
"769","2025-02-07","Shanghai","Shanghai","Municipality",31.2304,121.4737,0.8,-3.5,4.1,0.8,0,0,22.6,14.14,51.246,54.996,49.479,29.875,180,118
"770","2025-02-08","Shanghai","Shanghai","Municipality",31.2304,121.4737,-2.1,-5,1,-3.8,0,0,14,16.61,41.404,42.575,48.354,28.708,139,81
"771","2025-02-09","Shanghai","Shanghai","Municipality",31.2304,121.4737,-0.2,-3.9,3.6,-0.5,0,0,8.1,16.92,73.767,75.271,68.696,17.667,161,96
"772","2025-02-10","Shanghai","Shanghai","Municipality",31.2304,121.4737,2.8,-2.1,8.2,4.7,0,0,10.2,16.43,91.25,93.329,65.696,30.083,186,125
"773","2025-02-11","Shanghai","Shanghai","Municipality",31.2304,121.4737,8.9,3.5,13,9.1,3.8,3.8,17.3,5.61,33.933,38.563,45.483,46.625,176,113
"774","2025-02-12","Shanghai","Shanghai","Municipality",31.2304,121.4737,8.6,4.3,10.2,8.5,0.7,0.7,17.6,4.6,78.338,81.346,62.271,18.167,165,102
"775","2025-02-13","Shanghai","Shanghai","Municipality",31.2304,121.4737,5.1,2,8.9,5.7,0,0,10.4,16.96,46.3,51.642,47.379,37.75,168,104
"776","2025-02-14","Shanghai","Shanghai","Municipality",31.2304,121.4737,6.7,2,11.8,9,0.9,0.9,9.3,8.11,53.412,58.517,62.767,23.542,151,85
"777","2025-02-15","Shanghai","Shanghai","Municipality",31.2304,121.4737,8,5.7,9.7,8.1,9.9,9.9,9.1,2.52,106.392,110.133,65.2,12.75,182,121
"778","2025-02-16","Shanghai","Shanghai","Municipality",31.2304,121.4737,9,3.2,15.3,12.3,0,0,14.1,15.98,135.775,144.217,74.979,15.792,229,164
"779","2025-02-17","Shanghai","Shanghai","Municipality",31.2304,121.4737,6.1,3.5,8.8,5.5,0,0,12.2,13.37,43.8,51.271,43.921,37.542,210,149
"780","2025-02-18","Shanghai","Shanghai","Municipality",31.2304,121.4737,5.9,2.5,10.4,7.8,0,0,10.3,17.5,47.383,53.583,55.179,30.625,133,79
"781","2025-02-19","Shanghai","Shanghai","Municipality",31.2304,121.4737,6.2,2.8,10.5,7.5,0,0,12.4,16.65,46.979,55.171,43.008,45.375,134,79
"782","2025-02-20","Shanghai","Shanghai","Municipality",31.2304,121.4737,6.3,5.1,8.5,4.2,0.7,0.7,12.9,9.2,24.15,28.654,27.412,60.167,129,78
"783","2025-02-21","Shanghai","Shanghai","Municipality",31.2304,121.4737,5.7,3.7,8.4,4.7,0.8,0.8,12.7,10.57,35.333,42.567,33.85,53.542,95,66
"784","2025-02-22","Shanghai","Shanghai","Municipality",31.2304,121.4737,5.6,3.4,8.6,4.3,0.6,0.6,12.1,8,57.379,66.408,57.054,34.833,151,86
"785","2025-02-23","Shanghai","Shanghai","Municipality",31.2304,121.4737,5.3,3.7,7.7,3.5,0.3,0.3,12.7,10.1,71.142,78.554,59.479,28.292,160,95
"786","2025-02-24","Shanghai","Shanghai","Municipality",31.2304,121.4737,4,-0.4,8.3,5.1,0,0,9.7,17.9,109.504,116.663,67.867,24.375,199,139
"787","2025-02-25","Shanghai","Shanghai","Municipality",31.2304,121.4737,5.6,1.9,8.6,5.8,0,0,10.1,4.04,92.437,95.996,66.471,17.375,189,128
"788","2025-02-26","Shanghai","Shanghai","Municipality",31.2304,121.4737,8.1,3,14.5,12.3,0,0,11.6,16.34,155.229,161.483,83.954,13.25,247,178
"789","2025-02-27","Shanghai","Shanghai","Municipality",31.2304,121.4737,11.2,7.6,17,15.6,2,2,11.8,8.61,98.533,101.742,57.621,15.958,230,164
"790","2025-02-28","Shanghai","Shanghai","Municipality",31.2304,121.4737,12.5,7.3,20.2,20.2,0,0,13.5,13.19,79.204,79.983,69.442,10.375,189,128
"791","2025-03-01","Shanghai","Shanghai","Municipality",31.2304,121.4737,20.5,13.9,28.6,27.7,0,0,16.2,17.19,66.675,67.208,73.817,37.833,167,103
"792","2025-03-02","Shanghai","Shanghai","Municipality",31.2304,121.4737,21.8,15.5,29.4,29.2,0.2,0.2,14,17.88,82.392,82.933,85.304,22.583,174,112
"793","2025-03-03","Shanghai","Shanghai","Municipality",31.2304,121.4737,10.1,8.5,14.4,12.7,4.7,4.7,17.5,4.61,34.579,35.892,57.863,21.708,169,106
"794","2025-03-04","Shanghai","Shanghai","Municipality",31.2304,121.4737,7.4,6.5,8.4,6,8.5,8.5,24.5,5.22,24.383,24.942,55.092,19.5,104,70
"795","2025-03-05","Shanghai","Shanghai","Municipality",31.2304,121.4737,6.9,5.4,9.1,5.4,0,0,15.1,8.47,25.379,28.2,44.629,37.625,80,59
"796","2025-03-06","Shanghai","Shanghai","Municipality",31.2304,121.4737,6.9,4.8,10.5,6.8,0.3,0.3,18,17.09,39.438,43.142,40.808,52.875,108,71
"797","2025-03-07","Shanghai","Shanghai","Municipality",31.2304,121.4737,6.7,3.5,10.3,7.9,0,0,9.2,13.2,68.842,75.925,50.2,45.167,154,89
"798","2025-03-08","Shanghai","Shanghai","Municipality",31.2304,121.4737,6.8,1.6,11.9,9.8,0,0,11.2,19.81,139.942,146.867,81.742,17.208,239,171
"799","2025-03-09","Shanghai","Shanghai","Municipality",31.2304,121.4737,9,4.8,13.8,10.8,0.6,0.6,11.7,15.16,40.2,46.713,47.896,55.417,214,152
"800","2025-03-10","Shanghai","Shanghai","Municipality",31.2304,121.4737,11.5,9.4,15.2,14.2,1.6,1.6,8.3,5.39,51.308,56.454,68.542,48.833,133,79
"801","2025-03-11","Shanghai","Shanghai","Municipality",31.2304,121.4737,13.1,9.4,18.4,18.7,0.1,0.1,10.1,9.94,81.421,85.3,109.242,23.167,170,107
"802","2025-03-12","Shanghai","Shanghai","Municipality",31.2304,121.4737,12.6,10.1,13.9,13.8,15.2,15.2,12.3,5.1,39.992,40.988,69.138,13.375,169,105
"803","2025-03-13","Shanghai","Shanghai","Municipality",31.2304,121.4737,10.4,9,12.5,9.2,1.9,1.9,13.8,7.48,33.279,53.133,50.354,36.417,111,72
"804","2025-03-14","Shanghai","Shanghai","Municipality",31.2304,121.4737,10.3,8.8,12.4,10.2,7.4,7.4,12.3,3.99,32.938,40.763,39.954,42.833,105,70
"805","2025-03-15","Shanghai","Shanghai","Municipality",31.2304,121.4737,9.6,7.8,10.7,7.4,3.2,3.2,19.1,4.78,26.896,34.196,41.979,53.417,95,66
"806","2025-03-16","Shanghai","Shanghai","Municipality",31.2304,121.4737,6.9,3.8,9.2,4.9,0.9,0.9,20.3,14.24,50.363,57.5,48.688,39.042,135,79
"807","2025-03-17","Shanghai","Shanghai","Municipality",31.2304,121.4737,6.7,1.2,11.4,8.5,0,0,10.7,21.79,76.613,79.683,74.125,22.292,165,101
"808","2025-03-18","Shanghai","Shanghai","Municipality",31.2304,121.4737,7.5,4.2,11.6,7.9,0,0,18.1,21.54,42.708,47.333,57.929,43.375,165,101
"809","2025-03-19","Shanghai","Shanghai","Municipality",31.2304,121.4737,6.9,1.5,12.2,10.4,0,0,9.4,21.72,63.604,67.008,75.196,25.792,155,89
"810","2025-03-20","Shanghai","Shanghai","Municipality",31.2304,121.4737,11.8,5.1,19.2,16.6,0,0,14.2,21.43,69.35,75.079,74.2,33.083,159,95
"811","2025-03-21","Shanghai","Shanghai","Municipality",31.2304,121.4737,16.9,9.4,24.1,21.2,0,0,14.9,22.11,69.929,77.196,94.246,28.375,164,100
"812","2025-03-22","Shanghai","Shanghai","Municipality",31.2304,121.4737,19.8,12.3,26.4,22.8,0,0,17.7,22.09,79.95,86.725,102.454,29.833,167,104
"813","2025-03-23","Shanghai","Shanghai","Municipality",31.2304,121.4737,21.2,14.3,28.3,25.2,0.7,0.7,17.4,21.48,78,85.138,100,35.625,167,104
"814","2025-03-24","Shanghai","Shanghai","Municipality",31.2304,121.4737,22.2,15.3,28.6,25.4,0.7,0.7,16.6,22.31,90.542,108.158,96.567,38,180,118
"815","2025-03-25","Shanghai","Shanghai","Municipality",31.2304,121.4737,23.9,16.3,31.1,28.6,0,0,14.2,22.44,76.792,93.433,89.529,51.5,175,112
"816","2025-03-26","Shanghai","Shanghai","Municipality",31.2304,121.4737,23.8,17.1,32.3,32.2,0,0,16.8,20.63,72.254,73.283,84.629,73.25,167,104
"817","2025-03-27","Shanghai","Shanghai","Municipality",31.2304,121.4737,16.7,11,21.6,22.8,21.1,21.1,21,8.84,63.525,82.017,74.117,49.167,165,101
"818","2025-03-28","Shanghai","Shanghai","Municipality",31.2304,121.4737,9.1,6.5,12,7.7,12.1,12.1,18.3,7.75,37.4,67.321,46.425,45.625,156,91
"819","2025-03-29","Shanghai","Shanghai","Municipality",31.2304,121.4737,8.4,6.5,10.5,7.1,0,0,10.9,7.41,63.558,87.346,63.371,26.375,158,93
"820","2025-03-30","Shanghai","Shanghai","Municipality",31.2304,121.4737,8.2,6,11,7.6,0,0,8.9,15.72,26.367,35.663,38.038,65.542,156,91
"821","2025-03-31","Shanghai","Shanghai","Municipality",31.2304,121.4737,8.6,4.8,12.7,10.7,0,0,10.9,21.47,40.925,51.912,53.212,61.833,113,73
"822","2025-04-01","Shanghai","Shanghai","Municipality",31.2304,121.4737,10.1,6.2,14.7,13,0,0,8.8,23.29,50.092,57.088,58.175,60,135,80
"823","2025-04-02","Shanghai","Shanghai","Municipality",31.2304,121.4737,12.7,6,22.1,19.7,0,0,19.3,23.16,81.125,89.521,91.108,29.75,170,107
"824","2025-04-03","Shanghai","Shanghai","Municipality",31.2304,121.4737,12.5,7.9,18.9,17,0,0,10.3,22.05,46.254,55.233,48.833,58.375,168,105
"825","2025-04-04","Shanghai","Shanghai","Municipality",31.2304,121.4737,13.4,7.6,20.3,17.8,0,0,13.5,18.31,48.696,51.771,50.804,58.833,145,83
"826","2025-04-05","Shanghai","Shanghai","Municipality",31.2304,121.4737,17.5,13.8,23.1,21.5,0.8,0.8,14.5,17.31,67.258,86.433,68.325,55.125,159,94
"827","2025-04-06","Shanghai","Shanghai","Municipality",31.2304,121.4737,16.7,10.5,24,23.8,0,0,10.1,22.92,72.646,103.575,69.212,63.917,161,97
"828","2025-04-07","Shanghai","Shanghai","Municipality",31.2304,121.4737,18.9,12.3,26.9,24.7,0,0,13.6,22.24,63.421,73.025,67.117,76.042,164,100
"829","2025-04-08","Shanghai","Shanghai","Municipality",31.2304,121.4737,22.3,15.2,30,29.9,0,0,14.5,22.35,73.554,79.842,85.042,65.083,161,97
"830","2025-04-09","Shanghai","Shanghai","Municipality",31.2304,121.4737,23.2,17,30.8,29.4,0,0,13.5,19.12,77.1,84.096,87.396,55.208,166,102
"831","2025-04-10","Shanghai","Shanghai","Municipality",31.2304,121.4737,20.5,14.9,26.3,27.5,0,0,11.3,18.73,83.354,90.988,78.862,37.5,189,128
"832","2025-04-11","Shanghai","Shanghai","Municipality",31.2304,121.4737,19.8,12.7,29.5,30.8,0,0,15.4,18.35,50.617,57.221,61.333,47.25,170,107
"833","2025-04-12","Shanghai","Shanghai","Municipality",31.2304,121.4737,16.5,10,21.8,21,10.7,10.7,28,7.02,25.15,29.638,46.838,50.333,138,80
"834","2025-04-13","Shanghai","Shanghai","Municipality",31.2304,121.4737,13.6,8,19.3,14.5,0,0,22.7,24.61,37.512,50.871,57.712,50.417,104,70
"835","2025-04-14","Shanghai","Shanghai","Municipality",31.2304,121.4737,17.8,13.6,22.3,18.2,0,0,23.3,24.03,48.888,55.671,64.954,46.333,124,76
"836","2025-04-15","Shanghai","Shanghai","Municipality",31.2304,121.4737,19.8,12.3,26.4,24.4,0,0,12.3,24.28,58.992,62.667,89.921,33.833,158,93
"837","2025-04-16","Shanghai","Shanghai","Municipality",31.2304,121.4737,22.6,15.7,30.1,27.7,0,0,17,22.17,40.008,41.133,66,70.708,152,87
"838","2025-04-17","Shanghai","Shanghai","Municipality",31.2304,121.4737,25.2,20.7,31.4,30.8,0,0,15.1,16.93,45.592,50.204,82.612,42.542,125,77
"839","2025-04-18","Shanghai","Shanghai","Municipality",31.2304,121.4737,23.3,17.4,31.1,32.3,0,0,15,23.62,60.404,63.383,69.663,65.125,155,90
"840","2025-04-19","Shanghai","Shanghai","Municipality",31.2304,121.4737,23.7,18,32.1,34.1,2.7,2.7,15.4,15.95,39.592,41.217,55.438,41.417,154,88
"841","2025-04-20","Shanghai","Shanghai","Municipality",31.2304,121.4737,18.5,14.4,23.5,24.4,0,0,13.6,22.26,30,36.262,40.208,74.792,115,73
"842","2025-04-21","Shanghai","Shanghai","Municipality",31.2304,121.4737,19.4,13.8,26.2,27.3,20.9,20.9,15.4,16.64,29.467,32.025,43.204,53.917,90,64
"843","2025-04-22","Shanghai","Shanghai","Municipality",31.2304,121.4737,19.4,15.2,23.3,24.4,15,15,18.2,10.9,40.721,41.883,62.333,36.708,122,75
"844","2025-04-23","Shanghai","Shanghai","Municipality",31.2304,121.4737,19.2,14.6,24.4,23.9,0.5,0.5,12.2,20.26,67.033,88.788,91.067,36.417,156,91
"845","2025-04-24","Shanghai","Shanghai","Municipality",31.2304,121.4737,20,15.4,26,25.6,0.6,0.6,9.9,12.72,79.875,105.442,100.962,23.208,178,116
"846","2025-04-25","Shanghai","Shanghai","Municipality",31.2304,121.4737,16.2,13.9,20.5,19.1,0,0,11,23.71,23.279,30.275,39.95,67,167,104
"847","2025-04-26","Shanghai","Shanghai","Municipality",31.2304,121.4737,17.5,11.2,24.2,21.7,0,0,14,24.16,32.554,43.696,51.217,65.75,96,67
"848","2025-04-27","Shanghai","Shanghai","Municipality",31.2304,121.4737,18.9,13.5,24.8,22.9,0.1,0.1,17.1,13.01,51.533,57.692,61.721,53.625,123,76
"849","2025-04-28","Shanghai","Shanghai","Municipality",31.2304,121.4737,18.7,15,24,23.8,0,0,13.8,24.28,64.504,70.646,60.504,51.75,176,114
"850","2025-04-29","Shanghai","Shanghai","Municipality",31.2304,121.4737,19.9,12.3,27.9,26.1,0,0,15.5,24.99,48.45,55.317,72.383,45.542,156,92
"851","2025-04-30","Shanghai","Shanghai","Municipality",31.2304,121.4737,23.1,17.5,29.6,29.6,0,0,14.9,21.8,25.812,28.5,53.354,65.042,132,79
"852","2025-05-01","Shanghai","Shanghai","Municipality",31.2304,121.4737,23.5,18.8,30.5,28.8,1.9,1.9,24.5,21.57,46.825,85.221,54.338,74.333,129,78
"853","2025-05-02","Shanghai","Shanghai","Municipality",31.2304,121.4737,21.8,15.1,28.8,27,0,0,16.6,25.46,38.883,102.917,43.479,80.5,128,91
"854","2025-05-03","Shanghai","Shanghai","Municipality",31.2304,121.4737,21.3,14.8,28.2,28,0,0,19.5,23.59,28.358,38.833,40.112,99.458,108,81
"855","2025-05-04","Shanghai","Shanghai","Municipality",31.2304,121.4737,17.5,13.4,22.5,20.2,0,0,14,24.42,14.446,19.304,23.333,96.583,87,63
"856","2025-05-05","Shanghai","Shanghai","Municipality",31.2304,121.4737,18.8,16,22.9,23.3,4.7,4.7,16.8,7.06,28.992,32.258,64.129,52.292,84,61
"857","2025-05-06","Shanghai","Shanghai","Municipality",31.2304,121.4737,19.6,14.6,26.5,26.8,0,0,19.6,24.42,66.775,76.567,65.317,60.542,162,98
"858","2025-05-07","Shanghai","Shanghai","Municipality",31.2304,121.4737,18.5,13.7,24.8,26.8,0,0,13.3,25.66,38.983,63.829,46.137,73.792,158,93
"859","2025-05-08","Shanghai","Shanghai","Municipality",31.2304,121.4737,18.1,15.3,22.4,21.7,20.3,20.3,28.8,11.16,20.812,32.2,30.521,100.125,109,71
"860","2025-05-09","Shanghai","Shanghai","Municipality",31.2304,121.4737,21.7,19.1,23.8,24,7,7,22.4,12.52,30.008,30.6,56.083,54.625,84,62
"861","2025-05-10","Shanghai","Shanghai","Municipality",31.2304,121.4737,20.2,17.5,23.3,22.8,0,0,19.2,21.66,66.042,77.404,84.429,37.208,158,93
"862","2025-05-11","Shanghai","Shanghai","Municipality",31.2304,121.4737,19.8,16,24.1,22.8,0,0,16.8,24.05,62.742,67.208,86.696,45.667,158,93
"863","2025-05-12","Shanghai","Shanghai","Municipality",31.2304,121.4737,22.2,15.8,28.5,27.8,0,0,13.3,26.78,51.708,59.833,67.425,78.583,156,91
"864","2025-05-13","Shanghai","Shanghai","Municipality",31.2304,121.4737,23,18.8,28.4,28.3,0,0,18.4,23.97,23.7,25.904,31.383,115.292,141,81
"865","2025-05-14","Shanghai","Shanghai","Municipality",31.2304,121.4737,25.5,19.9,33.4,35.4,0,0,15.3,25.24,23.85,24.65,46.925,83.542,78,64
"866","2025-05-15","Shanghai","Shanghai","Municipality",31.2304,121.4737,26.3,21,33.6,35.1,0,0,11.6,15.52,32.521,32.992,71.171,38.667,94,66
"867","2025-05-16","Shanghai","Shanghai","Municipality",31.2304,121.4737,23.5,20.9,25.9,28.4,11.9,11.9,16.5,9.63,53.033,53.742,70.021,22.333,132,79
"868","2025-05-17","Shanghai","Shanghai","Municipality",31.2304,121.4737,25.2,19.2,31.2,34.2,0,0,12.9,23.35,88.767,90.913,101.038,61.542,176,113
"869","2025-05-18","Shanghai","Shanghai","Municipality",31.2304,121.4737,19.6,17.8,22.4,22.3,0,0,14.1,14.43,43.379,125.1,38.075,86.708,174,111
"870","2025-05-19","Shanghai","Shanghai","Municipality",31.2304,121.4737,24.4,19.4,30.8,34.2,0,0,12.8,25.68,30.392,32.171,48.504,76.25,120,90
"871","2025-05-20","Shanghai","Shanghai","Municipality",31.2304,121.4737,25.5,22.4,29.6,32.6,7.8,7.8,12.4,12.43,37.504,38.175,75.979,29.875,101,69
"872","2025-05-21","Shanghai","Shanghai","Municipality",31.2304,121.4737,24.9,23,28.5,32.6,25.7,25.7,13.8,11.33,58.963,59.65,89.858,16.958,150,85
"873","2025-05-22","Shanghai","Shanghai","Municipality",31.2304,121.4737,24.1,21.4,28.4,34.4,0,0,11.2,23.96,72.283,77.321,63.996,41.042,175,113
"874","2025-05-23","Shanghai","Shanghai","Municipality",31.2304,121.4737,20.9,19.6,21.5,24.1,27.9,27.9,16.9,4.82,16.738,17.829,33.283,63.625,162,98
"875","2025-05-24","Shanghai","Shanghai","Municipality",31.2304,121.4737,19.9,18,22.8,22.3,0.5,0.5,17.6,21.25,44.925,49.35,51.479,68.042,119,75
"876","2025-05-25","Shanghai","Shanghai","Municipality",31.2304,121.4737,19.9,16.4,24.7,25.6,0,0,9.5,23.19,60.383,63.15,75.592,58.458,154,89
"877","2025-05-26","Shanghai","Shanghai","Municipality",31.2304,121.4737,20,15.1,25.3,26.9,0,0,10.3,26.64,37.562,41.233,50.883,76.75,153,88
"878","2025-05-27","Shanghai","Shanghai","Municipality",31.2304,121.4737,20.6,16.6,25.3,25.7,0,0,12.9,23.66,25.213,27.533,34.333,99.333,105,70
"879","2025-05-28","Shanghai","Shanghai","Municipality",31.2304,121.4737,20,17.9,23.3,23,0,0,9.6,11.86,34.733,37.938,51.538,79.167,96,67
"880","2025-05-29","Shanghai","Shanghai","Municipality",31.2304,121.4737,20.5,14.9,25.9,27.8,0,0,8.2,25.54,38.075,43.342,66.604,54.208,135,80
"881","2025-05-30","Shanghai","Shanghai","Municipality",31.2304,121.4737,22.1,15.9,28.8,30.5,0,0,11.2,27,65.25,70.767,82.283,59.708,157,92
"882","2025-05-31","Shanghai","Shanghai","Municipality",31.2304,121.4737,21.6,17.8,26.1,24.6,6.4,6.4,16,13.17,40.221,42.492,42.525,98.708,157,92
"883","2025-06-01","Shanghai","Shanghai","Municipality",31.2304,121.4737,19,17.6,20.3,23,36.2,36.2,18.5,4.27,22.317,23.804,25.183,105.167,112,72
"884","2025-06-02","Shanghai","Shanghai","Municipality",31.2304,121.4737,21.1,18.6,23.1,26.4,5.4,5.4,14.7,7.27,32.596,33.658,72.621,26.708,93,66
"885","2025-06-03","Shanghai","Shanghai","Municipality",31.2304,121.4737,21.8,17.6,26.3,29.8,0,0,9.6,26.42,37.658,43.021,78.133,46.917,102,69
"886","2025-06-04","Shanghai","Shanghai","Municipality",31.2304,121.4737,24.5,19.6,30.5,34.4,0,0,9,25.84,75.096,88.121,98.683,51.958,164,100
"887","2025-06-05","Shanghai","Shanghai","Municipality",31.2304,121.4737,25.1,20.8,30.4,30.8,0,0,15.1,25.73,33.275,50.758,57.867,67.708,164,100
"888","2025-06-06","Shanghai","Shanghai","Municipality",31.2304,121.4737,25.9,21.8,30.9,34.7,0,0,13.9,25.87,25.404,36.963,42.104,81.417,96,67
"889","2025-06-07","Shanghai","Shanghai","Municipality",31.2304,121.4737,24.3,23.1,25.9,30.6,20.2,20.2,10.2,5.91,31.454,32.846,62.392,48.792,93,66
"890","2025-06-08","Shanghai","Shanghai","Municipality",31.2304,121.4737,22.8,22,23.9,28.8,47.4,47.4,14,3.38,14.154,14.996,48.646,41.833,93,65
"891","2025-06-09","Shanghai","Shanghai","Municipality",31.2304,121.4737,22.9,21.7,24.4,27.5,11.6,11.6,11.8,8.69,13.038,14.571,44.933,39.583,60,38
"892","2025-06-10","Shanghai","Shanghai","Municipality",31.2304,121.4737,22.8,21,25.2,27.5,37.1,37.1,10.8,12.01,14.317,17.758,53.217,50.333,60,47
"893","2025-06-11","Shanghai","Shanghai","Municipality",31.2304,121.4737,22,20.2,24.5,27.1,2.8,2.8,10.3,8.37,18.896,25.987,42.25,65.75,70,43
"894","2025-06-12","Shanghai","Shanghai","Municipality",31.2304,121.4737,21.8,19.6,24.6,27.3,14.6,14.6,14.2,10.43,11.642,13.996,34.1,55.375,69,38
"895","2025-06-13","Shanghai","Shanghai","Municipality",31.2304,121.4737,24.7,23.3,27,31.3,11.6,11.6,13.8,7.25,16.646,18.042,42.054,18,61,34
"896","2025-06-14","Shanghai","Shanghai","Municipality",31.2304,121.4737,26.7,23.7,31.4,38.1,2.9,2.9,10.6,13.45,65.571,66.042,80.225,13.292,157,93
"897","2025-06-15","Shanghai","Shanghai","Municipality",31.2304,121.4737,25.5,23,27.3,32.2,16.6,16.6,11.9,7.07,43.758,45.025,79.712,13.375,157,92
"898","2025-06-16","Shanghai","Shanghai","Municipality",31.2304,121.4737,25.9,21.5,30.9,35.2,3.2,3.2,13.3,25.8,46.425,52.342,83.262,69.333,135,79
"899","2025-06-17","Shanghai","Shanghai","Municipality",31.2304,121.4737,28.4,24.2,33.4,39.4,0,0,9.9,26.05,60.946,69.562,92.217,70.792,154,88
"900","2025-06-18","Shanghai","Shanghai","Municipality",31.2304,121.4737,28,22.7,33.2,39.9,0,0,9.1,25.1,42.233,44.608,66.083,54,154,89
"901","2025-06-19","Shanghai","Shanghai","Municipality",31.2304,121.4737,27.4,25.6,29.6,35,6.1,6.1,11.5,10.77,43.708,44.696,69.429,30.25,123,76
"902","2025-06-20","Shanghai","Shanghai","Municipality",31.2304,121.4737,28.5,26.2,32,36.2,2.2,2.2,15.2,12.24,34.921,35.183,65.163,30.667,121,75
"903","2025-06-21","Shanghai","Shanghai","Municipality",31.2304,121.4737,27.4,22,33.7,38.3,7.6,7.6,20.8,14.91,32.496,32.733,70.146,27.083,114,73
"904","2025-06-22","Shanghai","Shanghai","Municipality",31.2304,121.4737,22.1,21.2,24.2,25.9,38.4,38.4,15,5.6,19.85,20.554,51.029,40.208,94,66
"905","2025-06-23","Shanghai","Shanghai","Municipality",31.2304,121.4737,22.1,20.9,23.5,26,26.6,26.6,13.8,7.11,18.2,19.162,39.971,72,70,43
"906","2025-06-24","Shanghai","Shanghai","Municipality",31.2304,121.4737,22.7,20.5,26.1,29.9,3,3,7.7,12.5,38.042,39.096,66.679,46.167,98,68
"907","2025-06-25","Shanghai","Shanghai","Municipality",31.2304,121.4737,24.1,19.5,28.3,33.3,1.3,1.3,8.4,19.26,71.162,71.975,79.183,51,167,103
"908","2025-06-26","Shanghai","Shanghai","Municipality",31.2304,121.4737,27.9,22.9,33.5,41.3,1.2,1.2,9.5,20.96,47.292,47.654,70.25,64.292,161,97
"909","2025-06-27","Shanghai","Shanghai","Municipality",31.2304,121.4737,28.6,25.6,33.8,41.9,14.7,14.7,7.8,22.85,82.933,83.033,102.283,75.042,168,104
"910","2025-06-28","Shanghai","Shanghai","Municipality",31.2304,121.4737,28.7,25.1,33.5,41.1,0.3,0.3,9.2,25.72,91.613,92.104,96.846,61.875,179,117
"911","2025-06-29","Shanghai","Shanghai","Municipality",31.2304,121.4737,28.8,24.9,33.3,39.9,0,0,13,25.95,47.413,47.879,56.142,63.917,176,113
"912","2025-06-30","Shanghai","Shanghai","Municipality",31.2304,121.4737,29.9,26.7,34.1,40.2,0.9,0.9,14.4,21.95,38.604,40.692,48.85,32.708,130,78
"913","2025-07-01","Shanghai","Shanghai","Municipality",31.2304,121.4737,31.2,27.5,35.4,40.5,0,0,15.1,26.23,29.933,32.633,36.067,31.75,115,73
"914","2025-07-02","Shanghai","Shanghai","Municipality",31.2304,121.4737,31.2,27.6,35.4,40.4,0,0,13.9,23,30.533,32.917,38.979,37.958,94,66
"915","2025-07-03","Shanghai","Shanghai","Municipality",31.2304,121.4737,30.9,27,35.5,39.5,0,0,15.5,26.85,20.796,23.838,30.713,72.5,91,65
"916","2025-07-04","Shanghai","Shanghai","Municipality",31.2304,121.4737,31.3,27,37.1,41.7,0,0,15.3,26.77,26.604,28.846,37.604,66.875,83,61
"917","2025-07-05","Shanghai","Shanghai","Municipality",31.2304,121.4737,32.1,27.5,38.3,42.9,0,0,14.9,26.82,28.625,29.783,40.217,50.542,87,63
"918","2025-07-06","Shanghai","Shanghai","Municipality",31.2304,121.4737,32.4,28.1,38.3,43.9,0.2,0.2,14.9,25.43,29.725,31.062,45.442,51.667,90,64
"919","2025-07-07","Shanghai","Shanghai","Municipality",31.2304,121.4737,30.7,27.4,35.2,39.3,0.7,0.7,15.1,24.33,24.175,26.475,30.542,43.958,89,64
"920","2025-07-08","Shanghai","Shanghai","Municipality",31.2304,121.4737,28.5,26.3,31.6,35.1,14.4,14.4,21,16.51,7.567,9.687,18.321,47.708,79,57
"921","2025-07-09","Shanghai","Shanghai","Municipality",31.2304,121.4737,28.9,26.4,32.2,37.7,2,2,19.5,24.19,12.95,15.075,17.596,57.583,57,31
"922","2025-07-10","Shanghai","Shanghai","Municipality",31.2304,121.4737,28.2,26,31.1,36,7.3,7.3,19.4,23.58,17.05,19.583,18.925,63.542,70,39
"923","2025-07-11","Shanghai","Shanghai","Municipality",31.2304,121.4737,26.9,25.4,29.6,33,15.5,15.5,19.4,13.73,10.912,13.233,21.496,50.083,65,34
"924","2025-07-12","Shanghai","Shanghai","Municipality",31.2304,121.4737,26.8,25.5,28.8,32.9,10,10,19.6,17.12,8.867,10.517,26.537,36.083,54,26
"925","2025-07-13","Shanghai","Shanghai","Municipality",31.2304,121.4737,28.1,24.8,31.3,36.7,1,1,11.7,24.52,31.542,33.025,49.838,27.833,85,62
"926","2025-07-14","Shanghai","Shanghai","Municipality",31.2304,121.4737,29,25.9,33.5,38.6,0.2,0.2,16.2,24.3,79.808,81.233,87.037,67.083,175,112
"927","2025-07-15","Shanghai","Shanghai","Municipality",31.2304,121.4737,30,24,35.6,38.9,0.2,0.2,11.4,24.15,76.087,77.367,92.229,74.542,167,104
"928","2025-07-16","Shanghai","Shanghai","Municipality",31.2304,121.4737,32.9,28.9,38.3,42.3,0.3,0.3,12.1,18.07,53.829,54.088,51.75,147.958,210,101
"929","2025-07-17","Shanghai","Shanghai","Municipality",31.2304,121.4737,31,26.7,37.8,44.4,10.1,10.1,12.9,18.1,61.65,62.408,78.042,87.5,153,87
"930","2025-07-18","Shanghai","Shanghai","Municipality",31.2304,121.4737,27,24.9,32.4,38.5,22.3,22.3,10.9,15.54,78.871,80.075,112.1,40.792,179,117
"931","2025-07-19","Shanghai","Shanghai","Municipality",31.2304,121.4737,28.8,25.6,32.4,37.6,1.8,1.8,19.9,22.48,20.679,22.892,27.588,18.75,167,103
"932","2025-07-20","Shanghai","Shanghai","Municipality",31.2304,121.4737,29.5,26.8,33.3,38.3,0.5,0.5,20.6,24.5,14.604,17.404,19.692,31.708,72,43
"933","2025-07-21","Shanghai","Shanghai","Municipality",31.2304,121.4737,29.4,27.4,32.2,35.9,0.9,0.9,20.9,20.54,15.392,17.617,19.621,28.167,63,31
"934","2025-07-22","Shanghai","Shanghai","Municipality",31.2304,121.4737,29.3,26.7,33,37.8,0.9,0.9,17,21.61,17.871,20.596,22.262,27.833,67,36
"935","2025-07-23","Shanghai","Shanghai","Municipality",31.2304,121.4737,29.5,26.3,33.3,38.1,0.4,0.4,17.3,24.27,14.333,17.071,21.596,23.417,67,36
"936","2025-07-24","Shanghai","Shanghai","Municipality",31.2304,121.4737,29.5,26.7,32.8,37.6,1.6,1.6,17.8,23.7,11.763,14.633,22.683,29.792,61,30
"937","2025-07-25","Shanghai","Shanghai","Municipality",31.2304,121.4737,29.5,27.3,32.9,37,2.3,2.3,23.9,23.43,9.075,11.442,16.358,53.75,55,30
"938","2025-07-26","Shanghai","Shanghai","Municipality",31.2304,121.4737,28.3,26.7,30.7,35.6,6.9,6.9,20,20.42,7.892,10.154,16.683,46.75,50,28
"939","2025-07-27","Shanghai","Shanghai","Municipality",31.2304,121.4737,28.5,26.7,30.8,35.9,4.2,4.2,18.4,19.35,9.367,11.854,21.713,41.083,51,24
"940","2025-07-28","Shanghai","Shanghai","Municipality",31.2304,121.4737,28,26,31.2,35.7,7.6,7.6,18.4,18.11,11.554,14.513,25.442,28.167,55,23
"941","2025-07-29","Shanghai","Shanghai","Municipality",31.2304,121.4737,27.5,25.3,30.4,34.5,16.5,16.5,20.4,18.6,9.379,11.871,21.171,39.833,55,26
"942","2025-07-30","Shanghai","Shanghai","Municipality",31.2304,121.4737,26.1,25.6,27.4,31.1,82.2,82.2,36.6,4.3,14.312,15.633,36.579,29.667,60,34
"943","2025-07-31","Shanghai","Shanghai","Municipality",31.2304,121.4737,27.4,25.6,30.3,34.9,23,23,23.1,14.35,22.121,22.604,31,97.417,158,71
"944","2025-08-01","Shanghai","Shanghai","Municipality",31.2304,121.4737,29,26.5,32,40.2,3,3,14.8,21.28,23.246,24.963,27.929,120.667,142,70
"945","2025-08-02","Shanghai","Shanghai","Municipality",31.2304,121.4737,28.8,26.6,31.5,38.7,22.5,22.5,10.6,11.35,64.946,65.625,60.208,110.542,172,88
"946","2025-08-03","Shanghai","Shanghai","Municipality",31.2304,121.4737,28.8,26.2,32.3,39.9,8.1,8.1,12.1,21.84,87.325,87.492,98.683,92.458,181,114
"947","2025-08-04","Shanghai","Shanghai","Municipality",31.2304,121.4737,29.6,26.4,33.1,40.8,0.5,0.5,8.3,23.97,128.592,129.012,127.5,69.292,211,149
"948","2025-08-05","Shanghai","Shanghai","Municipality",31.2304,121.4737,29.9,27.2,32.6,38.8,0.3,0.3,15.6,22.93,46.729,47,50.092,77.458,203,143
"949","2025-08-06","Shanghai","Shanghai","Municipality",31.2304,121.4737,30.6,28.4,33.8,41,3.3,3.3,12.1,22.13,49.879,49.967,75.254,78.25,131,78
"950","2025-08-07","Shanghai","Shanghai","Municipality",31.2304,121.4737,31,28.1,34.8,40.4,0,0,11.1,19.72,67.458,67.942,96.667,49.542,158,93
"951","2025-08-08","Shanghai","Shanghai","Municipality",31.2304,121.4737,32.1,28,35.9,39.8,0.1,0.1,14.4,22.02,92.579,93.004,104.8,66.208,178,116
"952","2025-08-09","Shanghai","Shanghai","Municipality",31.2304,121.4737,33.3,29.9,36.4,39.7,0.3,0.3,16.4,19.03,76.212,76.512,104.546,42.708,176,114
"953","2025-08-10","Shanghai","Shanghai","Municipality",31.2304,121.4737,31.9,26.9,35.5,40.6,2.1,2.1,15.9,14.15,100.338,100.662,135.367,19.875,180,118
"954","2025-08-11","Shanghai","Shanghai","Municipality",31.2304,121.4737,29.8,26.7,33.4,41.8,5.6,5.6,9.8,15.07,101.4,102.292,130.737,20.833,191,131
"955","2025-08-12","Shanghai","Shanghai","Municipality",31.2304,121.4737,30.6,26.4,36,42.6,3.7,3.7,14.1,19.67,58.513,58.967,72.858,66.458,183,121
"956","2025-08-13","Shanghai","Shanghai","Municipality",31.2304,121.4737,31.4,28.4,35.4,39.3,0.2,0.2,17.8,24.39,15.233,17.388,23.537,31.542,152,87
"957","2025-08-14","Shanghai","Shanghai","Municipality",31.2304,121.4737,31.2,28.1,35.8,39.9,0,0,16.9,23.59,13.883,15.946,22.967,22.625,62,30
"958","2025-08-15","Shanghai","Shanghai","Municipality",31.2304,121.4737,31,27.7,36,40.1,0,0,14.8,22.29,20.333,23.033,27.804,32.458,71,41
"959","2025-08-16","Shanghai","Shanghai","Municipality",31.2304,121.4737,31,27,36,40.1,0,0,14.4,24.75,23.621,24.958,29.204,33.833,77,53
"960","2025-08-17","Shanghai","Shanghai","Municipality",31.2304,121.4737,31.4,27.4,37.1,41.3,0,0,14.5,24.43,30.262,31.579,29.254,56.917,91,65
"961","2025-08-18","Shanghai","Shanghai","Municipality",31.2304,121.4737,31.4,27.8,36.4,40.7,0.9,0.9,15.3,23.47,19.958,21.967,30.954,37.542,90,64
"962","2025-08-19","Shanghai","Shanghai","Municipality",31.2304,121.4737,32.1,28.4,37.5,42.8,0.8,0.8,14.7,22.85,19.842,21.108,31.667,38.625,72,42
"963","2025-08-20","Shanghai","Shanghai","Municipality",31.2304,121.4737,32.3,28.1,37.9,43.8,0.5,0.5,12.1,22.72,27.054,27.942,37.596,60.375,83,61
"964","2025-08-21","Shanghai","Shanghai","Municipality",31.2304,121.4737,32.9,27.8,39,44.7,0,0,13,22.9,52.808,53.146,50.7,126.5,217,85
"965","2025-08-22","Shanghai","Shanghai","Municipality",31.2304,121.4737,33,28.9,37.8,42.8,0,0,12.5,22.4,57.138,57.317,68.117,108.625,206,89
"966","2025-08-23","Shanghai","Shanghai","Municipality",31.2304,121.4737,33.4,29,39.1,42.8,0.2,0.2,13,22.93,53.608,53.95,61.871,115.125,203,86
"967","2025-08-24","Shanghai","Shanghai","Municipality",31.2304,121.4737,33.3,29.5,40.1,45,3.5,3.5,12.4,20.65,35.912,37.079,51.796,55.958,145,83
"968","2025-08-25","Shanghai","Shanghai","Municipality",31.2304,121.4737,32.4,28.3,36.9,44,3.5,3.5,10.8,22.02,47.387,48.658,67.229,53.542,127,77
"969","2025-08-26","Shanghai","Shanghai","Municipality",31.2304,121.4737,29,26.6,33,41.1,9.2,9.2,8.4,19.35,44.275,45.542,54.475,51.417,140,81
"970","2025-08-27","Shanghai","Shanghai","Municipality",31.2304,121.4737,29.9,26.7,34,39.8,0,0,12.6,23.33,25.304,26.754,36.212,35.292,122,75
"971","2025-08-28","Shanghai","Shanghai","Municipality",31.2304,121.4737,30.3,27.2,34.6,39.5,0,0,13.1,23.97,18.896,20.071,34.304,35.167,81,60
"972","2025-08-29","Shanghai","Shanghai","Municipality",31.2304,121.4737,30.6,27.2,35.5,39,0,0,14,22.62,17.521,19.029,32.042,38.375,71,40
"973","2025-08-30","Shanghai","Shanghai","Municipality",31.2304,121.4737,31.1,27.6,36.2,39.6,0.1,0.1,14.4,21.74,22.738,24.458,30.942,40.292,76,51
"974","2025-08-31","Shanghai","Shanghai","Municipality",31.2304,121.4737,29.9,27.1,36.1,40.9,4.6,4.6,10.2,17.61,40.742,42.921,47.154,38.417,105,70
"975","2025-09-01","Shanghai","Shanghai","Municipality",31.2304,121.4737,28.4,25.6,35.1,41.4,8.9,8.9,12.7,19.14,102.588,103.829,103.829,51.375,184,123
"976","2025-09-02","Shanghai","Shanghai","Municipality",31.2304,121.4737,27.2,25.2,30.8,37.9,5.1,5.1,7.1,12.88,63.854,65.429,82.6,25.167,184,122
"977","2025-09-03","Shanghai","Shanghai","Municipality",31.2304,121.4737,28,25.6,31.9,38.1,3.7,3.7,7.3,15.25,35.546,37.267,49.821,26.333,156,91
"978","2025-09-04","Shanghai","Shanghai","Municipality",31.2304,121.4737,28.4,25.2,32.4,40.4,3.9,3.9,7.9,20.1,40.717,41.996,57.238,39.708,110,72
"979","2025-09-05","Shanghai","Shanghai","Municipality",31.2304,121.4737,30.1,26.6,34.2,41.1,0,0,10.6,21.29,32.988,34.213,47.571,61.708,121,75
"980","2025-09-06","Shanghai","Shanghai","Municipality",31.2304,121.4737,29.8,26.1,35.5,42.7,3.6,3.6,20.7,21.84,38.371,39.429,59.171,36.042,100,68
"981","2025-09-07","Shanghai","Shanghai","Municipality",31.2304,121.4737,29,25.5,32.9,40.9,6.6,6.6,8.5,18.57,74.933,76.279,80.887,46.25,164,100
"982","2025-09-08","Shanghai","Shanghai","Municipality",31.2304,121.4737,30.6,27.8,34.3,42.5,1.7,1.7,8.7,18.79,38.95,40.05,53.754,42.708,164,100
"983","2025-09-09","Shanghai","Shanghai","Municipality",31.2304,121.4737,27.5,25.2,29.5,35.8,16.2,16.2,12.9,11.92,34.879,36.096,70.971,21.042,122,75
"984","2025-09-10","Shanghai","Shanghai","Municipality",31.2304,121.4737,26.6,24.3,29.7,34.2,0.4,0.4,11.2,18.22,26.925,31.404,60.346,58.458,113,73
"985","2025-09-11","Shanghai","Shanghai","Municipality",31.2304,121.4737,26.7,23.1,30.1,34.5,0.8,0.8,9.1,20.95,29.108,33.6,59.829,76.042,111,65
"986","2025-09-12","Shanghai","Shanghai","Municipality",31.2304,121.4737,28.7,24.8,34.3,40.4,1.3,1.3,9.2,18.51,42.633,43.883,69.117,72.875,115,73
"987","2025-09-13","Shanghai","Shanghai","Municipality",31.2304,121.4737,27.8,25.6,31.8,38.1,20.2,20.2,9.2,15.11,76.504,76.587,110.671,23.75,165,101
"988","2025-09-14","Shanghai","Shanghai","Municipality",31.2304,121.4737,27.1,25,32.5,38.8,26.7,26.7,9.6,14.77,84.333,84.429,123.492,36.125,172,110
"989","2025-09-15","Shanghai","Shanghai","Municipality",31.2304,121.4737,28.8,24.9,32.8,40.7,3.7,3.7,10.3,19.31,82.017,82.504,91.271,80.167,185,117
"990","2025-09-16","Shanghai","Shanghai","Municipality",31.2304,121.4737,30.4,26.9,34.6,41.1,0.2,0.2,9.8,20.7,32.492,33.188,56.817,43.25,169,106
"991","2025-09-17","Shanghai","Shanghai","Municipality",31.2304,121.4737,28.9,25.8,34.7,40.9,9.4,9.4,13,15.51,31.017,31.721,64.221,30.875,98,68
"992","2025-09-18","Shanghai","Shanghai","Municipality",31.2304,121.4737,26.2,24,28.9,31.8,1.1,1.1,15.4,14.09,15.146,19.454,29.463,77.042,92,65
"993","2025-09-19","Shanghai","Shanghai","Municipality",31.2304,121.4737,27,24.1,29.7,33.2,0.6,0.6,12.5,12.51,22.388,26.333,30.475,80.417,75,62
"994","2025-09-20","Shanghai","Shanghai","Municipality",31.2304,121.4737,24.4,23.3,26.6,31.7,4.8,4.8,12.8,9.23,24.104,25.921,54.896,33.375,88,63
"995","2025-09-21","Shanghai","Shanghai","Municipality",31.2304,121.4737,25.1,23.4,28.5,30,0,0,15.2,15.76,17.142,20.833,32.271,87.833,78,56
"996","2025-09-22","Shanghai","Shanghai","Municipality",31.2304,121.4737,26.5,22.7,30.2,32.9,0,0,11.4,15.2,16.371,19.329,46.079,65.667,65,61
"997","2025-09-23","Shanghai","Shanghai","Municipality",31.2304,121.4737,27.8,25.3,31.1,34.5,4.4,4.4,16.3,15.92,16.804,19.642,27.954,68.375,66,54
"998","2025-09-24","Shanghai","Shanghai","Municipality",31.2304,121.4737,28,26.2,30.1,34.4,0.5,0.5,13.3,6.75,17.329,19.558,36.038,9,67,36
"999","2025-09-25","Shanghai","Shanghai","Municipality",31.2304,121.4737,29.4,26.3,34.1,38.8,0.8,0.8,10.6,17.95,23.471,26.404,38.133,16.833,76,51
"1000","2025-09-26","Shanghai","Shanghai","Municipality",31.2304,121.4737,29.4,25.6,34.8,40,1.3,1.3,8.5,18.58,41.608,44.783,50.812,27.75,112,72
"1001","2025-09-27","Shanghai","Shanghai","Municipality",31.2304,121.4737,28.9,25.3,33.8,38.5,1.2,1.2,9.8,17.58,45.938,49.996,52.871,35,135,80
"1002","2025-09-28","Shanghai","Shanghai","Municipality",31.2304,121.4737,28.4,25.4,34.6,39.8,7.5,7.5,9.4,15.82,46.896,49.358,72.958,16.042,139,81
"1003","2025-09-29","Shanghai","Shanghai","Municipality",31.2304,121.4737,25.9,24.2,29,32.9,1.9,1.9,10.5,12.69,27.408,30.371,45.017,64.833,128,78
"1004","2025-09-30","Shanghai","Shanghai","Municipality",31.2304,121.4737,24.1,22.9,26.7,29.8,17.1,17.1,14.5,8.79,40.846,43.867,78.354,25.042,111,72
"1005","2025-10-01","Shanghai","Shanghai","Municipality",31.2304,121.4737,24.3,21.2,26.9,30.7,1.5,1.5,7.6,12.63,48.821,54.321,70.542,53.958,141,82
"1006","2025-10-02","Shanghai","Shanghai","Municipality",31.2304,121.4737,27.4,23.6,31.3,34.7,1.4,1.4,16.8,14.46,24.429,25.5,37.975,89.667,133,79
"1007","2025-10-03","Shanghai","Shanghai","Municipality",31.2304,121.4737,28,24.8,30.6,35.8,0.4,0.4,11.7,12.09,64.804,65.079,92.533,16.333,155,90
"1008","2025-10-04","Shanghai","Shanghai","Municipality",31.2304,121.4737,26,23.4,29.9,34.9,0.6,0.6,8.5,13.51,46.375,47.167,65.029,41.125,166,102
"1009","2025-10-05","Shanghai","Shanghai","Municipality",31.2304,121.4737,28.9,24.7,32.9,39.3,0.8,0.8,6.7,17.05,37.446,39.358,54.621,23.917,127,77
"1010","2025-10-06","Shanghai","Shanghai","Municipality",31.2304,121.4737,30.8,26.3,36.2,40,0.6,0.6,7.9,17.56,54.2,55.029,74.125,23.708,142,82
"1011","2025-10-07","Shanghai","Shanghai","Municipality",31.2304,121.4737,28,24.8,32.2,36.4,0,0,11.5,17.01,46.725,47.533,63.529,57.125,162,98
"1012","2025-10-08","Shanghai","Shanghai","Municipality",31.2304,121.4737,25.8,23.7,29.3,31.2,0,0,12.9,14.69,18.704,21.271,39.708,65.625,128,77
"1013","2025-10-09","Shanghai","Shanghai","Municipality",31.2304,121.4737,25.8,22.2,29.7,31.5,0,0,10.4,18.09,16.575,19.692,37.696,67.708,68,55
"1014","2025-10-10","Shanghai","Shanghai","Municipality",31.2304,121.4737,27.3,23.9,32.9,36.7,0,0,11.7,17.6,23.292,27.262,28.262,82.083,76,61
"1015","2025-10-11","Shanghai","Shanghai","Municipality",31.2304,121.4737,28,23.3,34.2,38.4,0,0,11.7,17.87,46.188,50.054,65.333,58.917,122,75
"1016","2025-10-12","Shanghai","Shanghai","Municipality",31.2304,121.4737,27.7,24.6,33.1,37.1,0,0,11.4,16.19,44.213,47.033,62.167,53.708,153,88
"1017","2025-10-13","Shanghai","Shanghai","Municipality",31.2304,121.4737,26.8,24.4,31.4,36.2,3.1,3.1,10.8,12.97,49.488,50.146,82.392,19.417,133,79
"1018","2025-10-14","Shanghai","Shanghai","Municipality",31.2304,121.4737,23.6,21.8,25.5,28.6,0.2,0.2,12.7,8.27,30.729,32.396,65.579,15.125,148,84
"1019","2025-10-15","Shanghai","Shanghai","Municipality",31.2304,121.4737,25.8,22.7,30.1,34.4,9,9,9,12.96,38.404,40.021,67.188,37.375,101,69
"1020","2025-10-16","Shanghai","Shanghai","Municipality",31.2304,121.4737,24,22.8,27,30.3,3.2,3.2,14.8,11.78,29.958,31.625,55.637,38.583,142,82
"1021","2025-10-17","Shanghai","Shanghai","Municipality",31.2304,121.4737,25,22.2,28.1,32,0.5,0.5,8.5,13,26.558,30.096,56.792,50.083,90,64
"1022","2025-10-18","Shanghai","Shanghai","Municipality",31.2304,121.4737,21.8,19.5,24.2,28.9,14.7,14.7,23.2,6.98,20.65,22.913,49.258,37.958,94,66
"1023","2025-10-19","Shanghai","Shanghai","Municipality",31.2304,121.4737,19.6,17.6,21.8,20.3,0.7,0.7,17.4,8.86,13.283,16.392,30.1,55.583,72,43
"1024","2025-10-20","Shanghai","Shanghai","Municipality",31.2304,121.4737,17.5,16.5,18.6,16.6,0.2,0.2,20.9,5.78,12.671,15.55,23.558,65.625,58,31
"1025","2025-10-21","Shanghai","Shanghai","Municipality",31.2304,121.4737,16.9,16.5,18.1,15.5,0.2,0.2,23.5,5.17,11.717,14.679,25.1,65.958,57,31
"1026","2025-10-22","Shanghai","Shanghai","Municipality",31.2304,121.4737,16.9,15.2,19.1,16.1,0,0,19.7,8.44,14.038,17.017,34.312,60.208,59,31
"1027","2025-10-23","Shanghai","Shanghai","Municipality",31.2304,121.4737,16.7,14.3,19.5,16.8,0,0,17.6,11.13,19.579,21.904,53.629,45.333,70,39
"1028","2025-10-24","Shanghai","Shanghai","Municipality",31.2304,121.4737,17.6,14.9,21.1,19.3,0,0,15.8,15.27,17.004,19.796,41.596,61.292,70,42
"1029","2025-10-25","Shanghai","Shanghai","Municipality",31.2304,121.4737,17.7,15.8,21,19.8,0,0,13,14.97,21.575,24.7,51.046,52.25,71,51
"1030","2025-10-26","Shanghai","Shanghai","Municipality",31.2304,121.4737,16.5,15,19.1,17.6,0.5,0.5,13.2,8.25,44.75,46.829,79.087,20.042,123,76
"1031","2025-10-27","Shanghai","Shanghai","Municipality",31.2304,121.4737,15.9,13.5,19.1,17.5,0.1,0.1,12.8,12.02,35.388,38.525,55.746,31.083,136,80
"1032","2025-10-28","Shanghai","Shanghai","Municipality",31.2304,121.4737,16,13.2,19.6,17.7,0,0,11.8,15.95,22.85,28.317,52.279,41.958,100,68
"1033","2025-10-29","Shanghai","Shanghai","Municipality",31.2304,121.4737,17.5,13.4,21.6,19.9,0,0,13,13.18,23.712,27.092,60.404,35.542,88,63
"1034","2025-10-30","Shanghai","Shanghai","Municipality",31.2304,121.4737,18.4,16.6,20.4,21,2.9,2.9,11.6,2.88,19.838,22.421,59.242,33.583,78,55
"1035","2025-10-31","Shanghai","Shanghai","Municipality",31.2304,121.4737,18.5,15.6,22,21.3,0.4,0.4,11.7,14.91,35.912,38.5,64.4,28.792,96,67
"1036","2025-11-01","Shanghai","Shanghai","Municipality",31.2304,121.4737,17.6,14.7,21.3,20.9,0.1,0.1,9.2,14.32,111.896,117.692,86.654,13.208,187,126
"1037","2025-11-02","Shanghai","Shanghai","Municipality",31.2304,121.4737,16.8,13.9,21.3,20.1,0,0,13.5,15.32,83.196,90.042,76.387,25.75,215,152
"1038","2025-11-03","Shanghai","Shanghai","Municipality",31.2304,121.4737,14.5,12,18,15.6,0,0,12,12.25,22.125,24.933,54.929,31.625,170,107
"1039","2025-11-04","Shanghai","Shanghai","Municipality",31.2304,121.4737,14.6,11.9,17.1,15.7,0,0,8.7,5.04,31.479,34.121,71.596,15.542,95,66
"1040","2025-11-05","Shanghai","Shanghai","Municipality",31.2304,121.4737,16.8,12.9,20.4,20.4,1,1,12.6,8,24.308,27.638,60.133,31.958,92,65
"1041","2025-11-06","Shanghai","Shanghai","Municipality",31.2304,121.4737,18.3,15.5,22.2,21.3,2.1,2.1,15.5,8.37,24.992,29.738,48.192,50.292,80,60
"1042","2025-11-07","Shanghai","Shanghai","Municipality",31.2304,121.4737,18.1,16.8,19.4,20.7,2.3,2.3,8.5,2.98,36.842,42.212,69.354,31.125,102,69
"1043","2025-11-08","Shanghai","Shanghai","Municipality",31.2304,121.4737,18.9,17.2,21.2,22.8,3.6,3.6,11.3,3.65,44.117,46.571,69.604,17.667,120,75
"1044","2025-11-09","Shanghai","Shanghai","Municipality",31.2304,121.4737,17.4,16,19.4,19,0.4,0.4,13.3,5.15,36.829,39.296,65.196,22.833,134,79
"1045","2025-11-10","Shanghai","Shanghai","Municipality",31.2304,121.4737,15.6,13.9,17.5,15.6,0,0,13.7,13.51,31.004,47.629,47.296,40.458,103,69
"1046","2025-11-11","Shanghai","Shanghai","Municipality",31.2304,121.4737,15.3,13.4,18,15.6,1,1,15.8,11.41,16.213,21.558,44.6,45.333,92,65
"1047","2025-11-12","Shanghai","Shanghai","Municipality",31.2304,121.4737,16.1,14.6,17.6,16.2,0,0,13.5,2.98,17.025,21.058,47.379,26.833,65,34
"1048","2025-11-13","Shanghai","Shanghai","Municipality",31.2304,121.4737,16.1,13.4,19.7,17.3,0,0,14,14.08,27.354,31.304,62.113,28.75,81,60
"1049","2025-11-14","Shanghai","Shanghai","Municipality",31.2304,121.4737,14.9,11.1,19.3,18.2,0,0,8.8,13.86,53.783,65.983,76.346,19.625,145,83
"1050","2025-11-15","Shanghai","Shanghai","Municipality",31.2304,121.4737,15.1,11.1,20,18.8,0,0,8.6,13.74,49.492,61.758,71.096,24,146,83
"1051","2025-11-16","Shanghai","Shanghai","Municipality",31.2304,121.4737,17.5,12,23.4,23.2,0,0,8.8,12.81,52.383,56.537,76.221,22.333,142,82
"1052","2025-11-17","Shanghai","Shanghai","Municipality",31.2304,121.4737,12.8,6.6,16.9,17.6,1.9,1.9,22.5,3.3,25.425,31.304,49.333,28.708,142,82
"1053","2025-11-18","Shanghai","Shanghai","Municipality",31.2304,121.4737,6.5,4.2,9.6,4.1,0,0,14.7,14.04,37.704,43.125,50.313,10.625,106,70
"1054","2025-11-19","Shanghai","Shanghai","Municipality",31.2304,121.4737,6.7,2.7,11.2,6.5,0,0,11.7,13.9,53.879,58.513,63.792,9.5,138,81
"1055","2025-11-20","Shanghai","Shanghai","Municipality",31.2304,121.4737,8.5,2.7,14.4,11.1,0,0,5.8,13.78,105.796,110.679,75.538,6.458,185,123
"1056","2025-11-21","Shanghai","Shanghai","Municipality",31.2304,121.4737,11.2,5.9,17.2,14.1,0,0,7.5,13.57,125.35,129.238,79.925,5.292,199,139
"1057","2025-11-22","Shanghai","Shanghai","Municipality",31.2304,121.4737,10.9,3.6,17.7,15.1,0,0,9.7,13.44,162.979,172.171,92.154,4.667,251,181
"1058","2025-11-23","Shanghai","Shanghai","Municipality",31.2304,121.4737,14.3,8.6,20.7,17.6,0,0,7.4,13.11,102.921,108.45,85.2,19.542,237,170
"1059","2025-11-24","Shanghai","Shanghai","Municipality",31.2304,121.4737,15.6,12.2,20.4,17.1,0,0,14.6,9.09,126.462,129.808,96.363,5.833,206,145
"1060","2025-11-25","Shanghai","Shanghai","Municipality",31.2304,121.4737,11,7.4,13.5,9.7,0,0,18,13.71,48.812,52.846,62.979,14.167,201,141
"1061","2025-11-26","Shanghai","Shanghai","Municipality",31.2304,121.4737,9.3,2,16,12.2,0,0,8.9,13.56,99.354,102.575,80.667,8,181,119
"1062","2025-11-27","Shanghai","Shanghai","Municipality",31.2304,121.4737,10.5,7,13.9,8.4,0,0,18.7,13.43,58.15,65.017,66.679,14.125,181,119
"1063","2025-11-28","Shanghai","Shanghai","Municipality",31.2304,121.4737,8.8,2.1,15.4,11.4,0,0,10.2,13.36,106.329,116.262,74.987,6.333,192,132
"1064","2025-11-29","Shanghai","Shanghai","Municipality",31.2304,121.4737,13.4,7.6,20.8,17,0,0,10.4,13.24,58.646,60.908,69.613,16.25,186,125
"1065","2025-11-30","Shanghai","Shanghai","Municipality",31.2304,121.4737,15,8.7,22.8,19.3,0,0,7.4,12.9,139.779,142.458,96.158,6.917,203,143
"1066","2025-12-01","Shanghai","Shanghai","Municipality",31.2304,121.4737,14,10.1,18.2,15.9,0,0,13.5,12.11,76.754,86.375,63,28.75,241,173
"1067","2025-12-02","Shanghai","Shanghai","Municipality",31.2304,121.4737,12.7,10.8,15.9,12.9,0,0,14.5,9.24,34.133,41.404,54.633,30.333,165,101
"1068","2025-12-03","Shanghai","Shanghai","Municipality",31.2304,121.4737,8,4.4,11.2,8.4,0,0,16.1,12.55,29.242,31.504,52.979,23.25,104,70
"1069","2025-12-04","Shanghai","Shanghai","Municipality",31.2304,121.4737,6.2,0.5,11,7.1,0,0,7.6,12.56,75.779,77.029,78.871,6.583,164,100
"1070","2025-12-05","Shanghai","Shanghai","Municipality",31.2304,121.4737,9.1,5.6,12.6,9.7,0,0,7.3,10.11,88.954,92.85,71.913,13.208,169,106
"1071","2025-12-06","Shanghai","Shanghai","Municipality",31.2304,121.4737,10.8,5.8,17.2,14,0,0,8.2,12.55,151.058,154.246,76.808,4.167,230,164
"1072","2025-12-07","Shanghai","Shanghai","Municipality",31.2304,121.4737,13,7.6,20.1,18.3,0,0,10.4,12.39,150.846,153.158,84.525,6.333,226,161
"1073","2025-12-08","Shanghai","Shanghai","Municipality",31.2304,121.4737,11.8,9.1,15.5,11.7,0,0,14.3,12.19,62.879,68.929,56.958,23.875,237,170
"1074","2025-12-09","Shanghai","Shanghai","Municipality",31.2304,121.4737,10.6,6.3,15.1,12.2,0,0,11.1,12.1,47.042,51.029,61.396,25.917,155,90
"1075","2025-12-10","Shanghai","Shanghai","Municipality",31.2304,121.4737,14.7,10.3,18.7,17,0,0,13,5.25,39.338,42.212,59.779,30.292,129,78
"1076","2025-12-11","Shanghai","Shanghai","Municipality",31.2304,121.4737,13.2,10,17,14.3,0,0,18.2,12.06,80.492,83.996,59.017,20.167,171,108
"1077","2025-12-12","Shanghai","Shanghai","Municipality",31.2304,121.4737,10.7,9.1,13.1,9.5,0,0,16,7.83,24.65,28.062,30.379,53.708,168,104
"1078","2025-12-13","Shanghai","Shanghai","Municipality",31.2304,121.4737,7.8,4.3,9.7,7.1,0.6,0.6,20.8,2.58,42.396,43.629,65.3,8.667,132,79
"1079","2025-12-14","Shanghai","Shanghai","Municipality",31.2304,121.4737,4.4,0.8,8.1,3.6,0,0,15,12.47,89.575,91.192,60.483,13.833,168,104
"1080","2025-12-15","Shanghai","Shanghai","Municipality",31.2304,121.4737,6.2,0,12.4,8.5,0,0,12.5,12.53,141,142.85,77.221,11.458,254,183
"1081","2025-12-16","Shanghai","Shanghai","Municipality",31.2304,121.4737,11.2,6.1,17.3,14,0,0,9.7,10.7,151.233,153.975,76.433,11.417,215,153
"1082","2025-12-17","Shanghai","Shanghai","Municipality",31.2304,121.4737,9.8,6.6,13.9,10.4,0,0,13.2,11.11,103.617,106.996,65.167,20.75,264,192
"1083","2025-12-18","Shanghai","Shanghai","Municipality",31.2304,121.4737,9.7,4.4,15.3,12.2,0,0,11.9,12.12,66.567,71,52.904,32.792,184,123
"1084","2025-12-19","Shanghai","Shanghai","Municipality",31.2304,121.4737,15.4,11.4,21.2,19,0,0,12.2,11.41,44.504,46.412,59.567,38.625,158,93
"1085","2025-12-20","Shanghai","Shanghai","Municipality",31.2304,121.4737,14,10.6,19.5,17.6,0.3,0.3,19.5,9.32,98.408,100.542,63.137,23.542,182,121
"1086","2025-12-21","Shanghai","Shanghai","Municipality",31.2304,121.4737,7.9,5.5,10.5,6.3,2,2,18.7,5.43,21.283,23.563,33.954,38.75,181,119
"1087","2025-12-22","Shanghai","Shanghai","Municipality",31.2304,121.4737,8.3,4,11.4,8.5,0,0,11.4,5.46,43.1,45.917,53.275,23.375,114,73
"1088","2025-12-23","Shanghai","Shanghai","Municipality",31.2304,121.4737,12.3,9.4,17.5,15.5,0,0,13.4,8.49,72.5,75.225,64.583,6.792,165,101
"1089","2025-12-24","Shanghai","Shanghai","Municipality",31.2304,121.4737,8.3,7.2,9.6,6.8,3.7,3.7,12.6,2.81,43.896,46.229,48.925,8.5,162,98
"1090","2025-12-25","Shanghai","Shanghai","Municipality",31.2304,121.4737,6.2,2.8,8.5,4,0,0,19.5,11.06,29.746,32.254,44.208,28.125,122,75
"1091","2025-12-26","Shanghai","Shanghai","Municipality",31.2304,121.4737,3.8,0.5,6.8,3,0,0,10.8,10.25,41.279,42.787,50.263,22.833,105,70
"1092","2025-12-27","Shanghai","Shanghai","Municipality",31.2304,121.4737,6.2,1.5,11.6,8.8,0,0,6.3,11.94,124.008,126.467,65.767,13.375,195,134
"1093","2025-12-28","Shanghai","Shanghai","Municipality",31.2304,121.4737,6.8,0.3,13.8,10.5,0,0,9.1,12.15,175.733,177.854,81.504,4.417,280,204
"1094","2025-12-29","Shanghai","Shanghai","Municipality",31.2304,121.4737,10.2,3.9,17.4,14.3,0,0,10.1,12.21,93.887,95.812,79.008,11.625,250,181
"1095","2025-12-30","Shanghai","Shanghai","Municipality",31.2304,121.4737,9.9,7.9,13.3,9.8,0,0,15.2,10.97,51.842,56.7,41.033,47.75,186,125
"1096","2025-12-31","Shanghai","Shanghai","Municipality",31.2304,121.4737,8.2,6.3,11,6.2,0,0,20.7,7.99,17.862,21.017,22.662,56.25,141,81
"1097","2026-01-01","Shanghai","Shanghai","Municipality",31.2304,121.4737,4.8,3.4,6,1.7,1.8,1.8,15.8,3.29,17.362,18.829,32.55,36.625,67,36
"1098","2026-01-02","Shanghai","Shanghai","Municipality",31.2304,121.4737,1.7,-0.6,3.8,-1.5,0,0,18.4,9.69,36.662,38,45.954,19.583,98,68
"1099","2026-01-03","Shanghai","Shanghai","Municipality",31.2304,121.4737,1.6,-3,6.8,3.2,0,0,8.4,12.95,147.825,149.983,66.358,5.25,210,149
"1100","2026-01-04","Shanghai","Shanghai","Municipality",31.2304,121.4737,4.9,-0.4,10.7,7.8,1.2,1.2,8.8,6.03,142.521,144.75,66.646,6.625,277,202
"1101","2026-01-05","Shanghai","Shanghai","Municipality",31.2304,121.4737,4.8,3,7.2,2.8,1.3,1.3,17.2,7.92,65.413,66.913,69.662,11.708,217,154
"1102","2026-01-06","Shanghai","Shanghai","Municipality",31.2304,121.4737,4,0.6,8.2,3.6,0.2,0.2,15.1,9.27,90.492,93.354,79.9,8.5,174,112
"1103","2026-01-07","Shanghai","Shanghai","Municipality",31.2304,121.4737,4.5,0.1,9.6,5.5,0,0,12.2,12.8,112.708,114.954,71.875,8.708,186,125
"1104","2026-01-08","Shanghai","Shanghai","Municipality",31.2304,121.4737,3.9,-1,8.7,3.9,0,0,12.6,12.3,133.767,139.629,67.829,13.833,218,154
"1105","2026-01-09","Shanghai","Shanghai","Municipality",31.2304,121.4737,5.2,0.1,11.2,6.7,0,0,11.8,12.92,129.825,135.071,85.363,14.875,222,158
"1106","2026-01-10","Shanghai","Shanghai","Municipality",31.2304,121.4737,8.2,4.4,13.1,7.9,0,0,16,13,76.358,78.413,76.692,13.083,204,144
"1107","2026-01-11","Shanghai","Shanghai","Municipality",31.2304,121.4737,3.4,0,6.7,0.7,0,0,15.9,13.56,55.637,57.671,58.838,19.542,165,101
"1108","2026-01-12","Shanghai","Shanghai","Municipality",31.2304,121.4737,6.3,-0.8,13.2,8.5,0,0,11.6,11.65,69.292,72.671,73.5,10.333,162,97
"1109","2026-01-13","Shanghai","Shanghai","Municipality",31.2304,121.4737,9.2,3.2,15.7,12.7,0,0,11.7,13.37,102.075,103.908,90.521,6.5,183,121
"1110","2026-01-14","Shanghai","Shanghai","Municipality",31.2304,121.4737,12.2,6.9,20.3,16.5,0,0,13,13.05,68.942,69.642,74.596,26.542,183,122
"1111","2026-01-15","Shanghai","Shanghai","Municipality",31.2304,121.4737,13.2,8.7,20.2,17.6,0,0,12.9,13.1,102.55,103.871,89.083,20.542,181,119
"1112","2026-01-16","Shanghai","Shanghai","Municipality",31.2304,121.4737,12.5,6.9,20.2,18.2,0,0,8.1,13.32,133.212,137.296,85.217,20.125,206,146
"1113","2026-01-17","Shanghai","Shanghai","Municipality",31.2304,121.4737,10.3,8.1,14.1,11.3,0,0,16.5,10.11,67.346,73.704,49.112,39.958,209,147
"1114","2026-01-18","Shanghai","Shanghai","Municipality",31.2304,121.4737,10.8,6.9,14.4,12.9,0,0,10.9,7.55,41.596,45.996,49.629,35.625,158,94
"1115","2026-01-19","Shanghai","Shanghai","Municipality",31.2304,121.4737,6.8,2.7,10.6,8.9,1.5,1.5,20.3,2.61,21.2,23.304,38.708,35.917,119,75
"1116","2026-01-20","Shanghai","Shanghai","Municipality",31.2304,121.4737,1.7,1.1,2.9,-2.3,1,0,19.6,3.19,14.888,16.642,28.408,43.792,73,45
"1117","2026-01-21","Shanghai","Shanghai","Municipality",31.2304,121.4737,0.1,-2.4,2.1,-3.3,0,0,17,9.51,24.246,26.325,35.663,30.583,79,57
"1118","2026-01-22","Shanghai","Shanghai","Municipality",31.2304,121.4737,0.3,-2.2,3.2,-0.7,0,0,14.6,11.97,56.192,59.329,52.775,18,139,81
"1119","2026-01-23","Shanghai","Shanghai","Municipality",31.2304,121.4737,2.5,-2.2,8.4,4.7,0,0,7.8,14.11,147.975,152.367,81.346,6.167,219,155
"1120","2026-01-24","Shanghai","Shanghai","Municipality",31.2304,121.4737,4.1,0.1,9,5.7,0,0,9.4,14.3,130.558,135.046,75.112,29.042,240,173
"1121","2026-01-25","Shanghai","Shanghai","Municipality",31.2304,121.4737,7.9,3.5,13.5,10.3,0,0,14,7.32,46.088,51.888,41.121,60.125,205,144
"1122","2026-01-26","Shanghai","Shanghai","Municipality",31.2304,121.4737,8.6,5.4,10.7,9.5,8.1,8.1,14.8,1.55,41.338,44.737,51.146,35.792,126,77
"1123","2026-01-27","Shanghai","Shanghai","Municipality",31.2304,121.4737,5.1,3.3,7.2,3.2,0,0,14.4,7.72,38.771,43.675,43.454,37.542,116,74
"1124","2026-01-28","Shanghai","Shanghai","Municipality",31.2304,121.4737,5,3.1,7.2,4.1,0,0,6.9,6.32,50.533,55.383,59.738,24.375,141,82
"1125","2026-01-29","Shanghai","Shanghai","Municipality",31.2304,121.4737,7,4.4,9.6,5.7,0,0,11.9,7.27,35.75,45.188,41.396,49.583,138,80
"1126","2026-01-30","Shanghai","Shanghai","Municipality",31.2304,121.4737,5.4,3.2,7.4,3.6,15.6,15.6,18.6,1.42,26.367,30.658,30.321,57.208,101,69
"1127","2026-01-31","Shanghai","Shanghai","Municipality",31.2304,121.4737,3.6,1.9,5.9,2.4,4,4,12.6,4.57,34.388,37.596,45.992,34.875,92,65
"1128","2026-02-01","Shanghai","Shanghai","Municipality",31.2304,121.4737,3.2,-0.9,7.5,4.4,0,0,7.1,11.29,108.867,113.363,70.362,11.208,184,123
"1129","2026-02-02","Shanghai","Shanghai","Municipality",31.2304,121.4737,4.7,0.8,9.3,5.6,0,0,13.7,13.51,117.017,124.175,65.533,19.5,209,148
"1130","2026-02-03","Shanghai","Shanghai","Municipality",31.2304,121.4737,5,0.7,10,6.9,0,0,11,15.58,72.283,79.65,59.4,28.667,194,134
"1131","2026-02-04","Shanghai","Shanghai","Municipality",31.2304,121.4737,10.4,6.5,16.1,13.9,0,0,9.8,14.14,94.329,97.533,70.733,24.333,175,112
"1132","2026-02-05","Shanghai","Shanghai","Municipality",31.2304,121.4737,10.6,8.2,13.6,12.3,2.7,2.7,8.2,5.25,136.167,138.379,101.221,3.125,222,158
"1133","2026-02-06","Shanghai","Shanghai","Municipality",31.2304,121.4737,5.1,1.5,8.9,6.8,11.9,10.8,18.9,2.15,31.725,35.45,40.242,37.042,211,149
"1134","2026-02-07","Shanghai","Shanghai","Municipality",31.2304,121.4737,1.6,-0.2,3.3,-1.8,0.2,0.2,16.8,7.84,26.367,30.621,38.083,40.333,93,65
"1135","2026-02-08","Shanghai","Shanghai","Municipality",31.2304,121.4737,0.2,-1.9,2.8,-2,0,0,14.9,16.1,45.971,48.671,51.854,28.875,121,75
"1136","2026-02-09","Shanghai","Shanghai","Municipality",31.2304,121.4737,2.3,-3.7,6.6,2.8,0.7,0.7,12.4,15.25,60.904,64.475,50.108,34.917,161,97
"1137","2026-02-10","Shanghai","Shanghai","Municipality",31.2304,121.4737,7.1,5.1,11.1,8.3,2.3,2.3,15.5,10.51,66.654,68.079,63.562,21.958,155,91
"1138","2026-02-11","Shanghai","Shanghai","Municipality",31.2304,121.4737,6.9,2.5,12.3,9.7,0,0,9.7,15.8,108.55,112.029,74.283,16.833,186,125
"1139","2026-02-12","Shanghai","Shanghai","Municipality",31.2304,121.4737,7.8,2.7,14.1,12.2,0,0,10.3,16.68,123.454,135.108,69.496,31.333,211,149
"1140","2026-02-13","Shanghai","Shanghai","Municipality",31.2304,121.4737,11.5,6,18.2,17.2,0,0,10.8,15.47,92.392,99.212,76.033,33.833,199,139
"1141","2026-02-14","Shanghai","Shanghai","Municipality",31.2304,121.4737,15.1,11.8,20.9,20.3,2.2,2.2,9.4,15.6,115.808,118.458,79.925,19.917,191,130
"1142","2026-02-15","Shanghai","Shanghai","Municipality",31.2304,121.4737,12.5,7.8,20.2,20.4,0,0,19.3,15.94,101.717,104.387,75.233,27.875,213,151
"1143","2026-02-16","Shanghai","Shanghai","Municipality",31.2304,121.4737,5.8,4.4,8.8,5.4,9.6,9.6,18.9,3.15,23.108,26.154,30.542,45.083,183,121
"1144","2026-02-17","Shanghai","Shanghai","Municipality",31.2304,121.4737,5.7,3.7,8.4,5.3,0,0,10.5,11.83,62.483,65.967,52.992,26.25,150,85
"1145","2026-02-18","Shanghai","Shanghai","Municipality",31.2304,121.4737,7.2,2.3,12.6,9.9,0,0,9.5,17.76,145.338,149.004,72.492,18.125,213,151
"1146","2026-02-19","Shanghai","Shanghai","Municipality",31.2304,121.4737,8.1,3.2,13.3,9.7,0,0,9.8,11.42,181.108,185.362,81.512,11.667,300,221
"1147","2026-02-20","Shanghai","Shanghai","Municipality",31.2304,121.4737,11.1,4.8,18.1,15.6,0,0,13.5,17.96,82.792,87.371,77.788,25.042,256,185
"1148","2026-02-21","Shanghai","Shanghai","Municipality",31.2304,121.4737,14,8,21.5,18.9,0,0,13.4,18.1,50.492,52.2,60.633,55.667,169,106
"1149","2026-02-22","Shanghai","Shanghai","Municipality",31.2304,121.4737,13.5,7.9,20.8,19.2,0,0,19.2,17.93,56.883,66.063,59.871,39.792,158,94
"1150","2026-02-23","Shanghai","Shanghai","Municipality",31.2304,121.4737,10.2,7,14.1,11.1,3,3,16.5,18.01,21.137,25.658,20.962,79.208,151,86
"1151","2026-02-24","Shanghai","Shanghai","Municipality",31.2304,121.4737,8.9,7.7,10.4,8.3,10.9,10.9,14.7,4.76,19.742,22.283,35.988,59.708,73,46
"1152","2026-02-25","Shanghai","Shanghai","Municipality",31.2304,121.4737,8.6,7.3,10.4,8.3,0,0,10.8,8,26.15,32.621,39.762,54.125,81,60
"1153","2026-02-26","Shanghai","Shanghai","Municipality",31.2304,121.4737,11.1,8.2,13.8,12.1,24.4,24.4,15.2,4.21,28.354,31.612,52.358,36.75,87,63
"1154","2026-02-27","Shanghai","Shanghai","Municipality",31.2304,121.4737,10.4,8.1,12.6,10.5,3.9,3.9,12.9,6.75,25.871,29.046,44.875,45.208,87,63
"1155","2026-02-28","Shanghai","Shanghai","Municipality",31.2304,121.4737,10.4,7.6,14,12.3,0.2,0.2,11,13.2,39.208,46.575,39.317,49.125,108,71
"1156","2026-03-01","Shanghai","Shanghai","Municipality",31.2304,121.4737,11.9,10.9,13.7,12.2,24,24,14.2,4.68,27.467,31.417,40.608,53.167,110,72
"1157","2026-03-02","Shanghai","Shanghai","Municipality",31.2304,121.4737,10.2,7.2,11.6,10.6,0.2,0.2,25.1,6.45,24.388,25.138,50.692,27.292,91,64
"1158","2026-03-03","Shanghai","Shanghai","Municipality",31.2304,121.4737,7.5,6.5,9.6,5.7,0.2,0.2,16.8,8.3,13.7,15.121,30.242,52.083,79,58
"1159","2026-03-04","Shanghai","Shanghai","Municipality",31.2304,121.4737,8.7,6.7,11,8.6,0,0,10.2,9.17,22.696,31.221,36.037,56.75,75,48
"1160","2026-03-05","Shanghai","Shanghai","Municipality",31.2304,121.4737,10,7.6,14,13.5,1.9,1.9,9.4,5.85,58.521,70.642,71.992,15.708,152,86
"1161","2026-03-06","Shanghai","Shanghai","Municipality",31.2304,121.4737,7.9,5.2,10.8,6.9,0.1,0.1,16.9,9.96,34.725,46.613,39.571,43.375,154,89
"1162","2026-03-07","Shanghai","Shanghai","Municipality",31.2304,121.4737,6.3,4.3,10.7,7.9,0.4,0.2,12.7,19.04,36.079,43.767,39.221,51,101,69
"1163","2026-03-08","Shanghai","Shanghai","Municipality",31.2304,121.4737,7.3,4.6,11.5,10.4,0,0,9.1,16.2,28.463,34.596,40.412,56.292,101,69
"1164","2026-03-09","Shanghai","Shanghai","Municipality",31.2304,121.4737,7.9,5,11.7,8.8,0,0,17.4,19.27,44.363,52.846,51.717,45.333,122,75
"1165","2026-03-10","Shanghai","Shanghai","Municipality",31.2304,121.4737,6.7,2.2,12.4,10.9,0,0,10.1,20.92,34.467,38.183,57.721,41.292,122,75
"1166","2026-03-11","Shanghai","Shanghai","Municipality",31.2304,121.4737,8.9,4.3,15.4,14.9,0.2,0.2,12.3,18.98,34.658,40.442,49.804,47.833,98,68
"1167","2026-03-12","Shanghai","Shanghai","Municipality",31.2304,121.4737,9.5,5.6,14.5,12.2,0,0,15.4,19.63,46.946,59.867,50.271,48.083,125,76
"1168","2026-03-13","Shanghai","Shanghai","Municipality",31.2304,121.4737,9.4,4.9,16,14,0,0,10.5,21,57.492,71.4,49.383,48.667,158,93
"1169","2026-03-14","Shanghai","Shanghai","Municipality",31.2304,121.4737,11.2,6.2,17.1,14.6,0,0,14.1,20.93,31.917,40.496,33.312,78.792,151,86
"1170","2026-03-15","Shanghai","Shanghai","Municipality",31.2304,121.4737,12.1,8.5,17.2,16.1,0.7,0.7,10.3,13.53,24.188,29.925,43.6,65.208,93,66
"1171","2026-03-16","Shanghai","Shanghai","Municipality",31.2304,121.4737,10.6,9,13.6,11.5,2.8,2.8,10.7,5.26,43.204,51.258,36.825,64.292,117,74
"1172","2026-03-17","Shanghai","Shanghai","Municipality",31.2304,121.4737,10.4,8.6,12.7,11.5,7.4,7.4,14.2,4.37,42.467,47.921,40.733,57.417,128,77
"1173","2026-03-18","Shanghai","Shanghai","Municipality",31.2304,121.4737,10.6,7.7,13.2,12.9,12.1,12.1,13.7,2.92,41.275,42.375,65.633,21.292,119,75
"1174","2026-03-19","Shanghai","Shanghai","Municipality",31.2304,121.4737,9.3,6.7,13.4,11.3,0,0,8.9,18.48,42.875,51.567,57.454,39.417,114,73
"1175","2026-03-20","Shanghai","Shanghai","Municipality",31.2304,121.4737,9.6,6.5,14.6,13.2,0.2,0.2,11.4,15.72,53.85,71.512,68.308,30.333,151,85
"1176","2026-03-21","Shanghai","Shanghai","Municipality",31.2304,121.4737,9.8,4.8,14.9,13.7,0,0,10.7,16.76,58.396,75.704,60.029,41.125,154,89
"1177","2026-03-22","Shanghai","Shanghai","Municipality",31.2304,121.4737,13.7,8.8,19.8,20.2,0,0,9.7,14.82,48.225,56.158,68.258,30.625,152,87
"1178","2026-03-23","Shanghai","Shanghai","Municipality",31.2304,121.4737,13.2,11.1,15.5,14.1,0,0,10.3,11.38,30.658,36.496,63.117,38.208,137,80
"1179","2026-03-24","Shanghai","Shanghai","Municipality",31.2304,121.4737,11.7,10.1,14,12.2,9.1,9.1,8.8,5.97,34.275,41.279,59.379,34.167,96,67
"1180","2026-03-25","Shanghai","Shanghai","Municipality",31.2304,121.4737,12.5,9.3,17.7,16.7,0,0,10.1,19.44,58.042,66.521,74.067,24.583,151,86
"1181","2026-03-26","Shanghai","Shanghai","Municipality",31.2304,121.4737,12.7,9.1,16.4,14.5,3,3,8.5,9.12,37.879,42.929,80.392,22.458,152,86
"1182","2026-03-27","Shanghai","Shanghai","Municipality",31.2304,121.4737,13.9,10.7,18.7,17.4,3.5,3.5,7.5,15.57,56.046,71.879,72.3,31.75,140,81
"1183","2026-03-28","Shanghai","Shanghai","Municipality",31.2304,121.4737,14.6,8.6,21.2,21.1,0,0,10.6,22.07,87.15,115.75,80.275,26.792,186,125
"1184","2026-03-29","Shanghai","Shanghai","Municipality",31.2304,121.4737,16.1,12.2,21.3,21.8,0,0,13.7,19.12,46.325,67.075,60.821,57.292,173,110
"1185","2026-03-30","Shanghai","Shanghai","Municipality",31.2304,121.4737,16.8,14,21.7,23.8,20.3,20.3,17.7,8.21,41.5,45.088,64.713,35.292,137,80
"1186","2026-03-31","Shanghai","Shanghai","Municipality",31.2304,121.4737,13.3,10.6,16.7,15.7,10.3,10.3,14.2,9.24,59.796,79.45,63.588,45.708,152,87
"1187","2026-04-01","Shanghai","Shanghai","Municipality",31.2304,121.4737,14.6,10.1,19,18.5,5.4,5.4,9.3,18.46,134.263,171.696,94.921,10.25,204,143
"1188","2026-04-02","Shanghai","Shanghai","Municipality",31.2304,121.4737,16.6,11.2,22.4,24.2,0,0,14,21.33,127.067,142.217,79.971,35.792,246,178
"1189","2026-04-03","Shanghai","Shanghai","Municipality",31.2304,121.4737,15.2,14.7,16,16.3,19.6,19.6,16.8,3.05,52.812,60.033,52.429,61,202,142
"1190","2026-04-04","Shanghai","Shanghai","Municipality",31.2304,121.4737,16.6,12.3,21,21.3,1.3,1.3,17.7,18.94,58.208,71.917,69.862,33.375,156,91
"1191","2026-04-05","Shanghai","Shanghai","Municipality",31.2304,121.4737,18,12,24.7,26.2,0,0,14.5,22.27,61.546,70.067,63.008,62.125,154,89
"1192","2026-04-06","Shanghai","Shanghai","Municipality",31.2304,121.4737,19.6,13.1,26.8,29,0,0,15.6,15.54,55.792,62.438,72.442,46.083,154,89
"1193","2026-04-07","Shanghai","Shanghai","Municipality",31.2304,121.4737,13.6,11.4,16.8,14.5,0,0,15.2,22.4,21.142,47.558,28.242,80.167,150,85
"1194","2026-04-08","Shanghai","Shanghai","Municipality",31.2304,121.4737,14,9.6,17.9,16.1,0,0,22.4,20.5,16.412,26.037,30.604,83.125,75,57
"1195","2026-04-09","Shanghai","Shanghai","Municipality",31.2304,121.4737,22.2,16.2,28.2,29.6,21.9,21.9,22.4,16.13,58.288,60.442,64.562,50,144,83
"1196","2026-04-10","Shanghai","Shanghai","Municipality",31.2304,121.4737,19.7,15.4,23.9,26.2,5.9,5.9,10.7,18.97,70.346,78.913,83.738,19.5,169,105
"1197","2026-04-11","Shanghai","Shanghai","Municipality",31.2304,121.4737,15.4,12.9,19.4,18.4,5,5,12.8,9.71,45.9,59.392,55.017,48.833,161,96
"1198","2026-04-12","Shanghai","Shanghai","Municipality",31.2304,121.4737,14.3,12.7,15.8,15.5,8.2,8.2,17.5,4.12,27.35,30.6,33.896,76.917,126,77
"1199","2026-04-13","Shanghai","Shanghai","Municipality",31.2304,121.4737,16.1,14.6,19.5,20.3,1,1,9.2,10.51,30.304,43.433,52.442,57.958,92,65
"1200","2026-04-14","Shanghai","Shanghai","Municipality",31.2304,121.4737,16.2,14.3,18.3,19.1,5.2,5.2,8.7,8.39,40.642,45.262,76.592,10.042,112,72
"1201","2026-04-15","Shanghai","Shanghai","Municipality",31.2304,121.4737,16.6,13.5,20.2,20.8,0.3,0.3,10.7,19.61,39.029,48.037,64.992,37.5,133,79
"1202","2026-04-16","Shanghai","Shanghai","Municipality",31.2304,121.4737,16.5,14,20.7,20.3,4.2,4.2,12.1,12.83,23.837,29.929,50.571,71.583,109,71
"1203","2026-04-17","Shanghai","Shanghai","Municipality",31.2304,121.4737,17.4,14.6,21.1,21.1,0.1,0.1,11.3,13.87,40.425,43.879,69.717,33.583,111,72
"1204","2026-04-18","Shanghai","Shanghai","Municipality",31.2304,121.4737,16.5,13.9,20.5,21.1,0.1,0.1,11.5,20.59,31.192,36.646,58.083,47.292,119,74
"1205","2026-04-19","Shanghai","Shanghai","Municipality",31.2304,121.4737,17,12.9,22,22.4,0,0,15,17.93,45.396,48.808,78.692,27.542,134,79
"1206","2026-04-20","Shanghai","Shanghai","Municipality",31.2304,121.4737,15.9,12.6,21.5,21.4,0.2,0.2,18.9,13.83,39.421,54.562,54.833,43.25,125,76
"1207","2026-04-21","Shanghai","Shanghai","Municipality",31.2304,121.4737,13.7,12.3,15.7,13.3,2.8,2.8,13.8,8.96,44.375,100.938,26.692,84.75,134,86
"1208","2026-04-22","Shanghai","Shanghai","Municipality",31.2304,121.4737,16,13.6,19.7,20.9,26.3,26.3,14.8,4.87,22.542,24.671,52.021,50.875,122,80
"1209","2026-04-23","Shanghai","Shanghai","Municipality",31.2304,121.4737,13.5,12.7,15.1,13.5,4.4,4.4,11.6,5.55,31.946,39.571,55.121,46.958,91,65
"1210","2026-04-24","Shanghai","Shanghai","Municipality",31.2304,121.4737,15.7,11.4,20.3,21.9,0.2,0.2,7.6,22.36,43.892,49.346,66.504,39.375,123,76
"1211","2026-04-25","Shanghai","Shanghai","Municipality",31.2304,121.4737,16.2,11.8,21.6,22.6,0,0,10.5,22.67,44.421,53.921,72.704,38.292,130,78
"1212","2026-04-26","Shanghai","Shanghai","Municipality",31.2304,121.4737,17.7,12.5,23.9,26.5,0,0,10.3,24.9,36.192,39.25,74.775,35.417,122,76
"1213","2026-04-27","Shanghai","Shanghai","Municipality",31.2304,121.4737,21.3,14.9,28.4,30.3,0.3,0.3,11.1,22.89,42.042,46.458,86.133,36.083,113,73
"1214","2026-04-28","Shanghai","Shanghai","Municipality",31.2304,121.4737,15.7,12.5,21.5,23.2,13.3,13.3,18.2,3.84,36.863,43.325,58.242,55.25,144,83
"1215","2026-04-29","Shanghai","Shanghai","Municipality",31.2304,121.4737,11.1,10.3,12.2,10.2,28.3,28.3,14.4,3.11,23.858,26.75,40.838,58.917,103,69
"1216","2026-04-30","Shanghai","Shanghai","Municipality",31.2304,121.4737,13.6,8.8,18.3,17.2,0,0,9.7,25.09,69.504,72.658,73.696,31.958,157,92
"1217","2026-05-01","Shanghai","Shanghai","Municipality",31.2304,121.4737,17.1,11.3,23.4,24.2,0,0,11.1,25.55,63.45,65.042,91.254,45.5,169,106
"1218","2026-05-02","Shanghai","Shanghai","Municipality",31.2304,121.4737,19.1,14.7,23.6,24.3,1.5,1.5,16.9,17.61,36.708,37.783,61.154,75.708,156,91
"1219","2026-05-03","Shanghai","Shanghai","Municipality",31.2304,121.4737,17.9,14.6,21.1,20.8,7.9,7.9,21.5,12.03,68.567,69.671,91.613,29.458,164,100
"1220","2026-05-04","Shanghai","Shanghai","Municipality",31.2304,121.4737,18.3,13.2,23.9,24.9,0,0,8.3,20.6,59.546,66.554,91,21.208,159,95
"1221","2026-05-05","Shanghai","Shanghai","Municipality",31.2304,121.4737,19.9,15.3,25.9,26.3,0,0,14.2,25.41,37.15,48.575,53.888,54.875,153,88
"1222","2026-05-06","Shanghai","Shanghai","Municipality",31.2304,121.4737,19.8,16.2,25.5,25.7,0,0,14,26.14,16.85,21.808,37.229,86.375,104,70
"1223","2026-05-07","Shanghai","Shanghai","Municipality",31.2304,121.4737,20.6,16.3,29.1,31.3,0.1,0.1,16.3,17.68,31.171,32.775,60.95,67.167,91,65
"1224","2026-05-08","Shanghai","Shanghai","Municipality",31.2304,121.4737,16.8,15.3,19.5,16.9,0,0,16.5,11.36,20.783,26.554,43.596,68.833,94,66
"1225","2026-05-09","Shanghai","Shanghai","Municipality",31.2304,121.4737,18,12.1,24,22.6,0,0,13.9,26.81,38.2,43.396,63.604,52.292,114,73
"1226","2026-05-10","Shanghai","Shanghai","Municipality",31.2304,121.4737,19.5,13.4,25.5,24.3,0,0,14.2,26.18,17.096,19.717,35.417,88.083,107,71
"1227","2026-05-11","Shanghai","Shanghai","Municipality",31.2304,121.4737,23.8,18,31.9,34.3,0,0,13.1,23.93,20.746,23.138,51.442,60.833,73,46
"1228","2026-05-12","Shanghai","Shanghai","Municipality",31.2304,121.4737,23.8,19.2,31.4,34.4,4.5,4.5,12.2,23.18,30.95,32.358,62.946,30.75,91,65
"1229","2026-05-13","Shanghai","Shanghai","Municipality",31.2304,121.4737,24,19.4,29.6,32.1,0.6,0.6,10.5,21.21,19.804,22.617,42.296,35.083,93,65
"1230","2026-05-14","Shanghai","Shanghai","Municipality",31.2304,121.4737,23.3,20.4,29.1,31.1,0.1,0.1,14.2,16.75,16.504,21.692,35.254,49.458,70,40
"1231","2026-05-15","Shanghai","Shanghai","Municipality",31.2304,121.4737,22.9,19.6,27.8,29.2,0,0,15.2,26.47,21.458,28.442,30.704,81,73,51
"1232","2026-05-16","Shanghai","Shanghai","Municipality",31.2304,121.4737,23.5,18.8,29,29.5,0,0,18.4,27.28,21.267,27.575,25.842,90.042,76,51
"1233","2026-05-17","Shanghai","Shanghai","Municipality",31.2304,121.4737,23.9,19.3,29.6,30,0,0,19.5,27.46,19.267,25.454,22.7,83.625,73,47
"1234","2026-05-18","Shanghai","Shanghai","Municipality",31.2304,121.4737,24.2,20.2,29,29.8,0,0,20,27.14,16.904,22.237,21.812,76.792,69,39
"1235","2026-05-19","Shanghai","Shanghai","Municipality",31.2304,121.4737,24.7,21.8,29.2,30.7,1.9,1.9,16.1,13.32,24.188,28.383,47.475,46.25,78,55
"1236","2026-05-20","Shanghai","Shanghai","Municipality",31.2304,121.4737,24.8,22.6,29.1,33.1,30.3,30.3,14.6,13.51,35.604,37.542,71.158,32.708,99,68
"1237","2026-05-21","Shanghai","Shanghai","Municipality",31.2304,121.4737,23.3,18.5,26.4,29.5,0,0,12.7,19.28,39.15,41.033,60.762,34.333,124,76
"1238","2026-05-22","Shanghai","Shanghai","Municipality",31.2304,121.4737,21.5,16.9,26.9,31,0.1,0.1,11.5,24.3,23.829,27.967,38.65,82.083,109,71
"1239","2026-05-23","Shanghai","Shanghai","Municipality",31.2304,121.4737,25.6,20.9,31.8,38.5,2.5,2.5,10.4,23.25,29.05,30.858,56.762,48.958,87,63
"1240","2026-05-24","Shanghai","Shanghai","Municipality",31.2304,121.4737,23.7,22.1,27.5,31.5,13.4,13.4,16.3,9.57,18.504,20.838,38.675,52.458,89,64
"1241","2026-05-25","Shanghai","Shanghai","Municipality",31.2304,121.4737,25.9,22.4,30.6,37.8,7.5,7.5,8.3,16.91,32.296,33.313,66.95,41.25,91,65
"1242","2026-05-26","Shanghai","Shanghai","Municipality",31.2304,121.4737,27.1,25.1,31,37.5,16.6,16.6,12.9,14.69,42.121,42.433,70.229,49.667,127,77
"1243","2026-05-27","Shanghai","Shanghai","Municipality",31.2304,121.4737,25.6,23.4,28.2,31.9,0.3,0.3,13.7,16.37,36.825,36.937,61.804,13.625,117,74
"1244","2026-05-28","Shanghai","Shanghai","Municipality",31.2304,121.4737,25,22.1,27.7,31.4,2.4,2.4,11.5,19.65,48.375,50.038,74.429,24,138,81
"1245","2026-05-29","Shanghai","Shanghai","Municipality",31.2304,121.4737,23.3,19.5,26.3,27.6,0,0,10.3,23.88,54.075,68.858,65.521,60.708,154,89
"1246","2026-05-30","Shanghai","Shanghai","Municipality",31.2304,121.4737,22.7,17.8,28.1,28.6,0,0,8.9,20.23,44.725,53.271,74.946,47.833,146,83
"1247","2026-05-31","Shanghai","Shanghai","Municipality",31.2304,121.4737,23.4,17.2,29.4,29.9,0,0,13.3,29.48,34.029,43.979,50.412,61.625,124,76
"1248","2026-06-01","Shanghai","Shanghai","Municipality",31.2304,121.4737,24.9,18.8,31.4,35.7,0.1,0.1,12.3,26.55,28.579,35.846,36.038,78.208,97,67
"1249","2026-06-02","Shanghai","Shanghai","Municipality",31.2304,121.4737,27.2,22.3,32.8,36.4,0,0,13.5,24.22,32.054,37.675,55.558,49.875,93,66
"1250","2026-06-03","Shanghai","Shanghai","Municipality",31.2304,121.4737,26.8,23.6,33.7,37.1,16,16,11.7,15.36,46.933,49.863,75.867,26.375,122,75
"1251","2026-06-04","Shanghai","Shanghai","Municipality",31.2304,121.4737,26.1,24,29.1,33.7,23.1,23.1,11.5,17.41,50.937,52.683,66.404,59.708,151,85
"1252","2026-06-05","Shanghai","Shanghai","Municipality",31.2304,121.4737,23.5,20.7,26.4,30.1,0.1,0.1,13,23.86,25.133,31.492,33.063,90.375,139,81
"1253","2026-06-06","Shanghai","Shanghai","Municipality",31.2304,121.4737,22.6,19.1,27,28.4,0,0,13.2,22.23,24.867,30.154,39.583,74.375,80,60
"1254","2026-06-07","Shanghai","Shanghai","Municipality",31.2304,121.4737,23.4,20.1,28.6,31.6,0,0,12.7,25.82,28.092,33.579,40.212,80.125,95,66
"1255","2026-06-08","Shanghai","Shanghai","Municipality",31.2304,121.4737,21.1,19.4,23.4,23.5,0.6,0.6,14.1,8.95,27.883,34.779,43.15,68.833,86,62
"1256","2026-06-09","Shanghai","Shanghai","Municipality",31.2304,121.4737,21.2,18.4,25.4,26.9,1.1,1.1,7.8,19.42,34.325,39.162,63.271,40.667,96,67
"1257","2026-06-10","Shanghai","Shanghai","Municipality",31.2304,121.4737,23.2,15.3,30.9,32.3,0,0,10.9,28.87,54.325,62.225,68.142,58.917,150,85
"1258","2026-06-11","Shanghai","Shanghai","Municipality",31.2304,121.4737,26.5,19.7,34.5,35.2,0,0,14.5,26.24,39.858,44.142,58.742,68.833,147,83
"1259","2026-06-12","Shanghai","Shanghai","Municipality",31.2304,121.4737,27.6,21.8,34,34,0,0,14.2,21.27,29.721,36.075,48.538,81.25,111,72
"1260","2026-06-13","Shanghai","Shanghai","Municipality",31.2304,121.4737,24.1,20.7,26.4,29.1,4.9,4.9,16.5,8.7,18.942,21.9,36.188,72.833,89,64
"1261","2026-06-14","Shanghai","Shanghai","Municipality",31.2304,121.4737,22.3,20.5,24.2,26.9,6.1,6.1,14.3,7.51,15.162,17.538,20.942,85.292,69,42
"1262","2026-06-15","Shanghai","Shanghai","Municipality",31.2304,121.4737,23.3,21.7,25.6,28,7.3,7.3,15.2,17,13.733,16.046,23.833,75.083,63,35
"1263","2026-06-16","Shanghai","Shanghai","Municipality",31.2304,121.4737,23.9,21.9,26.9,30.2,1.6,1.6,14.3,17.4,19.221,21.417,35.263,53.542,65,36
"1264","2026-06-17","Shanghai","Shanghai","Municipality",31.2304,121.4737,25.3,21.5,29.8,34.7,0.1,0.1,8,19.76,38.167,39.208,69.133,19.042,108,71
"1265","2026-06-18","Shanghai","Shanghai","Municipality",31.2304,121.4737,25.5,22.8,29.7,35.8,4.1,4.1,9.3,20.57,37.496,38.675,58.742,36.417,109,71
"1266","2026-06-19","Shanghai","Shanghai","Municipality",31.2304,121.4737,26.3,23.2,30.9,34.4,18,18,17.5,9.82,26.367,27.358,50.137,50.083,105,70
"1267","2026-06-20","Shanghai","Shanghai","Municipality",31.2304,121.4737,26.4,24.4,29.5,36.3,12.5,12.5,17,17.88,25.663,26.342,58.096,47.833,83,61
"1268","2026-06-21","Shanghai","Shanghai","Municipality",31.2304,121.4737,25.1,22.7,28,32.7,17.3,17.3,11,17.37,28.025,30.371,47.458,57.167,95,66
"1269","2026-06-22","Shanghai","Shanghai","Municipality",31.2304,121.4737,23.3,22.1,25.1,29.5,38.2,38.2,18,7.4,23.462,25.463,45.746,51.833,86,62
"1270","2026-06-23","Shanghai","Shanghai","Municipality",31.2304,121.4737,22.8,22,24.8,28,20.2,20.2,13.9,9.96,18.317,19.571,49.479,46.875,77,54
"1271","2026-06-24","Shanghai","Shanghai","Municipality",31.2304,121.4737,22.9,21.7,24.6,27.4,23.2,23.2,13,9.82,17.492,19.321,45.608,41.917,70,39
"1272","2026-06-25","Shanghai","Shanghai","Municipality",31.2304,121.4737,23.1,20.7,25.7,28.1,0.2,0.2,11.1,13.56,24.275,28.158,47.867,47.417,76,52
"1273","2026-06-26","Shanghai","Shanghai","Municipality",31.2304,121.4737,23.9,19.6,28.4,32.7,0,0,9.1,27.64,41.121,46.438,62.3,53.458,115,73
"1274","2026-06-27","Shanghai","Shanghai","Municipality",31.2304,121.4737,24.2,20.6,28.7,33.3,0.9,0.9,10,24.55,48.613,55.071,64.121,66.583,139,81
"1275","2026-06-28","Shanghai","Shanghai","Municipality",31.2304,121.4737,25.6,21.7,30.2,34.9,0.3,0.3,12.8,27.3,32.429,39.787,30.65,99.833,133,79
"1276","2026-06-29","Shanghai","Shanghai","Municipality",31.2304,121.4737,25.9,23.1,30,33.9,0.5,0.5,12.4,17.34,18.787,22.225,34.275,67.333,94,66
"1277","2026-06-30","Shanghai","Shanghai","Municipality",31.2304,121.4737,25,23.9,27.4,32.4,33.4,33.4,13.7,7.98,31.7,32.029,65.154,17.208,92,65
"1278","2026-07-01","Shanghai","Shanghai","Municipality",31.2304,121.4737,24.4,23.4,26.3,30.3,22.2,22.2,7.4,7.17,46.442,47.121,75.421,10.958,121,75
"1279","2026-07-02","Shanghai","Shanghai","Municipality",31.2304,121.4737,25.5,22.6,28.9,34,13.5,13.5,10.1,16.25,54.196,54.546,67.937,18.125,157,92
"1280","2026-07-03","Shanghai","Shanghai","Municipality",31.2304,121.4737,27.2,24.7,32.1,39.1,16.4,16.4,11.9,17.68,40.567,41.579,72.408,49.292,147,83
"1281","2026-07-04","Shanghai","Shanghai","Municipality",31.2304,121.4737,27.8,25.1,32.3,38.5,5.1,5.1,8.6,17.85,60.846,60.992,81.288,44.5,154,89
"1282","2026-07-05","Shanghai","Shanghai","Municipality",31.2304,121.4737,26.7,24.2,30.2,35.2,21.1,21.1,18,12.27,46.271,46.983,54.875,49.542,158,94
"1283","2026-07-06","Shanghai","Shanghai","Municipality",31.2304,121.4737,29.9,26.2,33.8,39.9,1,1,12.8,23.05,32.142,33.488,54.746,60.5,127,77
"1284","2026-07-07","Shanghai","Shanghai","Municipality",31.2304,121.4737,30.5,26.7,34.4,41,0,0,15.3,25.66,30.521,31.483,55.896,73,95,68
"1285","2026-07-08","Shanghai","Shanghai","Municipality",31.2304,121.4737,30.5,26.8,33.5,38.4,3,3,10.6,17.25,41.733,42.708,68.246,56.958,114,73
"1286","2026-07-09","Shanghai","Shanghai","Municipality",31.2304,121.4737,28.1,26.4,30.7,37.1,7.8,7.8,13.8,12.03,24.596,27.825,50.188,23.125,116,73
"1287","2026-07-10","Shanghai","Shanghai","Municipality",31.2304,121.4737,28.9,25.6,32.7,38.4,0,0,15.1,25.92,15.479,19.492,24.858,28.417,79,58
"1288","2026-07-11","Shanghai","Shanghai","Municipality",31.2304,121.4737,28.9,26.8,31.8,36.4,6.1,6.1,31,24.19,12.892,17.504,14.383,39.375,62,31
"1289","2026-07-12","Shanghai","Shanghai","Municipality",31.2304,121.4737,28.6,26.5,31.2,33.5,10.7,10.7,38.4,19.2,11.742,14.425,11.954,90.042,61,61
"1290","2026-07-13","Shanghai","Shanghai","Municipality",31.2304,121.4737,30.2,28,33.7,38.8,5.9,5.9,23.1,24.21,15.325,17.329,24.642,77.75,62,51
"1291","2026-07-14","Shanghai","Shanghai","Municipality",31.2304,121.4737,31.6,27.6,36.7,43.4,0.2,0.2,15.5,25.02,24.696,25.579,40.346,94.792,143,73
"1292","2026-07-15","Shanghai","Shanghai","Municipality",31.2304,121.4737,34.3,29.4,39.4,45.8,0.6,0.6,10.7,26.45,39.142,39.671,61.271,97.25,180,77
"1293","2026-07-16","Shanghai","Shanghai","Municipality",31.2304,121.4737,35,31.2,38.4,42.6,1.3,1.3,11.7,21.8,47.604,48.762,77.767,95.75,182,83
"1294","2026-07-17","Shanghai","Shanghai","Municipality",31.2304,121.4737,35.7,31.4,40.4,45.1,1,1,12.1,25.3,35.279,35.667,54.279,125.833,187,78
"1295","2026-07-18","Shanghai","Shanghai","Municipality",31.2304,121.4737,33,26.7,36.7,41.3,24.2,24.2,14.7,18.45,45.546,46.158,57.096,119.75,199,80
"1296","2026-07-19","Shanghai","Shanghai","Municipality",31.2304,121.4737,28.7,26.2,35.2,44.1,16.3,16.3,14.2,19.11,63.129,63.8,64.846,107.625,203,94
"1297","2026-07-20","Shanghai","Shanghai","Municipality",31.2304,121.4737,28.3,26.9,33.3,41.1,17.4,17.4,16.3,17.31,47.833,48.104,60.779,114.167,198,92
"1298","2026-07-21","Shanghai","Shanghai","Municipality",31.2304,121.4737,28.4,26.3,32.8,41,15.6,15.6,8,19.54,43.975,44.521,85.867,64.25,131,78
"1299","2026-07-22","Shanghai","Shanghai","Municipality",31.2304,121.4737,28.4,25.9,33.6,41.3,10.9,10.9,11.2,20.57,46.708,48.325,69.808,103.375,163,77
"1300","2026-07-23","Shanghai","Shanghai","Municipality",31.2304,121.4737,30.8,26.6,35.1,43.1,0.2,0.2,14.6,25.34,34.942,38.488,40.254,113.333,183,78
"1301","2026-07-24","Shanghai","Shanghai","Municipality",31.2304,121.4737,31.5,27.6,36.6,43,0.3,0.3,14.9,25.9,22.821,26.4,31.087,88.083,126,73
"1302","2026-07-25","Shanghai","Shanghai","Municipality",31.2304,121.4737,31.8,28.2,36.2,42.2,0,0,16.5,26.56,12.733,15.717,21.646,34.792,76,51
"1303","2026-07-26","Shanghai","Shanghai","Municipality",31.2304,121.4737,32.3,28.8,37.3,42.9,0,0,16.1,24.53,14.146,17.75,19.271,47.333,60,43
"1304","2026-07-27","Shanghai","Shanghai","Municipality",31.2304,121.4737,31.5,28.7,35.5,39,0.4,0.4,15.5,19.91,12.067,14.829,24.367,24.958,60,29
